date,QIWI_Open,QIWI_High,QIWI_Low,QIWI_Close,QIWI_Volume,QIWI_Dividends,QIWI_Stock Splits
2013-05-03 00:00:00+00:00,17.0,17.3700008392334,16.809999465942383,11.063592910766602,9765460.0,0.0,
2013-05-06 00:00:00+00:00,17.18000030517578,17.18000030517578,16.950000762939453,11.011771202087402,1360879.0,0.0,
2013-05-07 00:00:00+00:00,17.0,17.049999237060547,16.700000762939453,10.866025924682615,460820.0,0.0,
2013-05-08 00:00:00+00:00,16.75,16.950000762939453,16.510000228881836,10.888699531555176,79149.0,0.0,
2013-05-09 00:00:00+00:00,16.989999771118164,16.989999771118164,16.610000610351562,10.946993827819824,61774.0,0.0,
2013-05-10 00:00:00+00:00,16.719999313354492,16.989999771118164,16.709999084472656,10.953474044799805,171425.0,0.0,
2013-05-13 00:00:00+00:00,16.90999984741211,16.920000076293945,16.600000381469727,10.862789154052734,61587.0,0.0,
2013-05-14 00:00:00+00:00,17.489999771118164,17.489999771118164,16.700000762939453,10.869264602661133,98498.0,0.0,
2013-05-15 00:00:00+00:00,16.65999984741211,17.0,16.65999984741211,10.895174026489258,103216.0,0.0,
2013-05-16 00:00:00+00:00,17.190000534057617,17.200000762939453,16.600000381469727,11.011771202087402,77547.0,0.0,
2013-05-17 00:00:00+00:00,17.139999389648438,17.149999618530273,16.799999237060547,10.985857963562012,114193.0,0.0,
2013-05-20 00:00:00+00:00,17.0,17.020000457763672,16.700000762939453,10.921087265014648,63713.0,0.0,
2013-05-21 00:00:00+00:00,16.979999542236328,17.200000762939453,16.628000259399414,10.862789154052734,153515.0,0.0,
2013-05-22 00:00:00+00:00,16.739999771118164,16.989900588989258,16.40999984741211,10.765625,56095.0,0.0,
2013-05-23 00:00:00+00:00,16.579999923706055,16.729999542236328,15.710000038146973,10.50652313232422,91918.0,0.0,
2013-05-24 00:00:00+00:00,16.190000534057617,16.719999313354492,15.829999923706056,10.474136352539062,141935.0,0.0,
2013-05-28 00:00:00+00:00,16.799999237060547,17.0,15.600000381469728,10.351062774658203,188677.0,0.0,
2013-05-29 00:00:00+00:00,16.049999237060547,16.049999237060547,14.505000114440918,10.117874145507812,174986.0,0.0,
2013-05-30 00:00:00+00:00,15.1899995803833,15.75,15.0,10.14378261566162,158223.0,0.0,
2013-05-31 00:00:00+00:00,15.65999984741211,17.09000015258789,15.65999984741211,10.946993827819824,207337.0,0.0,
2013-06-03 00:00:00+00:00,16.899999618530273,17.450000762939453,16.415000915527344,10.759146690368652,193355.0,0.0,
2013-06-04 00:00:00+00:00,18.989999771118164,18.989999771118164,16.90999984741211,11.65952205657959,576006.0,0.0,
2013-06-05 00:00:00+00:00,18.799999237060547,18.979999542236328,18.0,12.119423866271973,371731.0,0.0,
2013-06-06 00:00:00+00:00,18.86000061035156,20.540000915527344,18.559999465942383,12.773653984069824,409660.0,0.0,
2013-06-07 00:00:00+00:00,19.76000022888184,20.790000915527344,19.678199768066406,12.890253067016602,181244.0,0.0,
2013-06-10 00:00:00+00:00,19.780000686645508,19.790000915527344,18.549999237060547,12.767175674438477,59031.0,0.0,
2013-06-11 00:00:00+00:00,19.600000381469727,20.149999618530277,19.5,12.786608695983888,251104.0,0.0,
2013-06-12 00:00:00+00:00,19.75,20.43000030517578,19.5,12.80604076385498,130058.0,0.0,
2013-06-13 00:00:00+00:00,19.57999992370605,20.04990005493164,18.959999084472656,12.884929656982422,13322.0,0.29,
2013-06-14 00:00:00+00:00,20.0,20.88999938964844,19.73500061035156,13.502880096435549,94040.0,0.0,
2013-06-17 00:00:00+00:00,20.799999237060547,21.989999771118164,20.799999237060547,14.199718475341797,222733.0,0.0,
2013-06-18 00:00:00+00:00,21.18000030517578,21.979999542236328,20.8799991607666,13.897315979003906,108074.0,0.0,
2013-06-19 00:00:00+00:00,21.290000915527344,22.689599990844727,21.049999237060547,14.52841091156006,176202.0,0.0,
2013-06-20 00:00:00+00:00,22.0,22.76000022888184,21.200000762939453,14.357488632202148,343793.0,0.0,
2013-06-21 00:00:00+00:00,22.01000022888184,23.34199905395508,22.01000022888184,14.995168685913086,370728.0,0.0,
2013-06-24 00:00:00+00:00,22.690000534057617,25.049999237060547,21.799999237060547,14.673041343688965,476146.0,0.0,
2013-06-25 00:00:00+00:00,22.0,22.47900009155273,20.850000381469727,14.173421859741213,532765.0,0.0,
2013-06-26 00:00:00+00:00,22.200000762939453,23.299999237060547,21.523500442504883,15.17266082763672,202914.0,0.0,
2013-06-27 00:00:00+00:00,23.850000381469727,24.5,22.979999542236328,15.231825828552246,199744.0,0.0,
2013-06-28 00:00:00+00:00,23.239999771118164,23.408599853515625,22.920000076293945,15.251546859741213,70484.0,0.0,
2013-07-01 00:00:00+00:00,22.989999771118164,24.190000534057617,22.989999771118164,15.40932273864746,54712.0,0.0,
2013-07-02 00:00:00+00:00,23.239999771118164,23.850000381469727,23.20009994506836,15.258121490478516,53310.0,0.0,
2013-07-03 00:00:00+00:00,23.200000762939453,23.709999084472656,22.770000457763672,15.12006950378418,105240.0,0.0,
2013-07-05 00:00:00+00:00,23.040000915527344,23.3799991607666,22.667999267578125,15.258121490478516,86969.0,0.0,
2013-07-08 00:00:00+00:00,23.31999969482422,23.31999969482422,21.8799991607666,14.62702465057373,158885.0,0.0,
2013-07-09 00:00:00+00:00,22.40999984741211,22.649999618530277,22.209999084472656,14.745354652404783,70589.0,0.0,
2013-07-10 00:00:00+00:00,22.5,22.520000457763672,22.1200008392334,14.567856788635254,38318.0,0.0,
2013-07-11 00:00:00+00:00,22.229999542236328,22.989999771118164,22.229999542236328,15.080625534057615,33526.0,0.0,
2013-07-12 00:00:00+00:00,23.200000762939453,25.440000534057617,22.729999542236328,16.691242218017578,183479.0,0.0,
2013-07-15 00:00:00+00:00,25.280000686645508,27.030000686645508,25.030000686645508,17.171138763427734,361004.0,0.0,
2013-07-16 00:00:00+00:00,26.0,26.899999618530277,25.299999237060547,17.434097290039062,295085.0,0.0,
2013-07-17 00:00:00+00:00,26.459999084472656,27.65999984741211,25.38999938964844,16.908180236816406,98962.0,0.0,
2013-07-18 00:00:00+00:00,25.81999969482422,26.780000686645508,24.75,17.09225082397461,173853.0,0.0,
2013-07-19 00:00:00+00:00,26.059999465942383,26.989999771118164,26.059999465942383,17.361787796020508,118425.0,0.0,
2013-07-22 00:00:00+00:00,26.559999465942383,27.170000076293945,25.90999984741211,17.223730087280273,39006.0,0.0,
2013-07-23 00:00:00+00:00,26.25,26.489999771118164,25.5,16.9476261138916,40529.0,0.0,
2013-07-24 00:00:00+00:00,25.780000686645508,26.1299991607666,25.21999931335449,16.789852142333984,166225.0,0.0,
2013-07-25 00:00:00+00:00,26.07999992370605,27.149999618530277,25.6299991607666,17.46039390563965,314133.0,0.0,
2013-07-26 00:00:00+00:00,26.540000915527344,26.86899948120117,25.90999984741211,17.256601333618164,95480.0,0.0,
2013-07-29 00:00:00+00:00,26.32999992370605,28.649900436401367,26.201000213623047,18.31500244140625,298345.0,0.0,
2013-07-30 00:00:00+00:00,28.1299991607666,29.700000762939453,27.257999420166016,18.347875595092773,371423.0,0.0,
2013-07-31 00:00:00+00:00,28.21999931335449,29.190000534057617,28.049999237060547,18.86721611022949,113804.0,0.0,
2013-08-01 00:00:00+00:00,28.440000534057617,29.799999237060547,28.440000534057617,19.41942977905273,236555.0,0.0,
2013-08-02 00:00:00+00:00,29.61000061035156,30.950000762939453,29.59000015258789,19.721830368041992,153664.0,0.0,
2013-08-05 00:00:00+00:00,30.0,32.619998931884766,29.5,20.813106536865234,249482.0,0.0,
2013-08-06 00:00:00+00:00,32.91999816894531,33.239898681640625,30.850000381469727,21.22726249694824,159541.0,0.0,
2013-08-07 00:00:00+00:00,32.0,32.48899841308594,31.0,21.036619186401367,55136.0,0.0,
2013-08-08 00:00:00+00:00,32.369998931884766,34.59000015258789,32.02899932861328,22.18048858642578,231491.0,0.0,
2013-08-09 00:00:00+00:00,33.88999938964844,34.09000015258789,33.0,21.91095924377441,178902.0,0.0,
2013-08-12 00:00:00+00:00,33.31999969482422,33.61000061035156,32.54999923706055,21.516511917114254,119343.0,0.0,
2013-08-13 00:00:00+00:00,32.9900016784668,33.05500030517578,31.170000076293945,20.69477081298828,252365.0,0.0,
2013-08-14 00:00:00+00:00,31.26000022888184,31.26000022888184,28.799999237060547,19.491737365722656,358297.0,0.0,
2013-08-15 00:00:00+00:00,29.01000022888184,29.649999618530277,28.10149955749512,18.81462287902832,131349.0,0.0,
2013-08-16 00:00:00+00:00,28.799999237060547,29.06599998474121,28.5,18.99869728088379,75070.0,0.0,
2013-08-19 00:00:00+00:00,29.0,30.290000915527344,28.729999542236328,19.702104568481445,121924.0,0.0,
2013-08-20 00:00:00+00:00,30.11000061035156,30.200000762939453,29.6200008392334,19.642946243286133,99633.0,0.0,
2013-08-21 00:00:00+00:00,29.65999984741211,31.399999618530277,29.65999984741211,20.135984420776367,316487.0,0.0,
2013-08-22 00:00:00+00:00,30.809999465942383,32.45000076293945,30.809999465942383,20.81968116760254,146533.0,0.0,
2013-08-23 00:00:00+00:00,31.75,32.02000045776367,31.26499938964844,20.74079132080078,172768.0,0.0,
2013-08-26 00:00:00+00:00,31.65999984741211,33.70000076293945,31.65999984741211,21.98984146118164,568549.0,0.0,
2013-08-27 00:00:00+00:00,34.75,36.0,33.689998626708984,22.568347930908203,497256.0,0.0,
2013-08-28 00:00:00+00:00,34.849998474121094,34.900001525878906,31.790000915527344,21.01426887512207,561738.0,0.0,
2013-08-29 00:00:00+00:00,32.16999816894531,32.28900146484375,30.530000686645508,20.17542839050293,266849.0,0.0,
2013-08-30 00:00:00+00:00,30.57999992370605,32.28990173339844,29.65999984741211,19.590347290039062,130312.0,0.0,
2013-09-03 00:00:00+00:00,30.440000534057617,31.96999931335449,30.1299991607666,20.69477081298828,350323.0,0.0,
2013-09-04 00:00:00+00:00,31.350000381469727,31.5,30.239999771118164,20.267467498779297,182169.0,0.0,
2013-09-05 00:00:00+00:00,30.36000061035156,31.01000022888184,30.0,20.074951171875,160215.0,0.3,
2013-09-06 00:00:00+00:00,30.290000915527344,30.589000701904297,30.100000381469727,20.134695053100582,51868.0,0.0,
2013-09-09 00:00:00+00:00,30.01000022888184,30.88500022888184,30.0,20.44671058654785,167464.0,0.0,
2013-09-10 00:00:00+00:00,31.100000381469727,32.779998779296875,30.93000030517578,21.741226196289062,326971.0,0.0,
2013-09-11 00:00:00+00:00,33.040000915527344,33.400001525878906,31.58099937438965,21.681474685668945,246765.0,0.0,
2013-09-12 00:00:00+00:00,32.540000915527344,34.25,32.540000915527344,22.418352127075195,179967.0,0.0,
2013-09-13 00:00:00+00:00,34.16999816894531,34.18000030517578,32.709999084472656,22.33204841613769,172935.0,0.0,
2013-09-16 00:00:00+00:00,34.0,34.43000030517578,33.400001525878906,22.564401626586918,155914.0,0.0,
2013-09-17 00:00:00+00:00,33.97999954223633,34.5,33.599998474121094,22.604232788085938,87453.0,0.0,
2013-09-18 00:00:00+00:00,32.5,33.4900016784668,32.0,21.86072158813477,260522.0,0.0,
2013-09-19 00:00:00+00:00,32.86000061035156,33.119998931884766,32.61000061035156,21.98684883117676,97615.0,0.0,
2013-09-20 00:00:00+00:00,33.06999969482422,33.97999954223633,30.81010055541992,20.68569564819336,339413.0,0.0,
2013-09-23 00:00:00+00:00,30.96999931335449,33.0,30.899999618530277,21.893903732299805,107939.0,0.0,
2013-09-24 00:00:00+00:00,33.15999984741211,33.19990158081055,32.2599983215332,21.455766677856445,29267.0,0.0,
2013-09-25 00:00:00+00:00,32.099998474121094,32.79999923706055,31.059999465942383,21.40265846252441,54752.0,0.0,
2013-09-26 00:00:00+00:00,32.130001068115234,32.349998474121094,31.65999984741211,21.236692428588867,267682.0,0.0,
2013-09-27 00:00:00+00:00,31.709999084472656,31.93000030517578,30.541000366210938,20.599395751953125,156499.0,0.0,
2013-09-30 00:00:00+00:00,30.43000030517578,31.520000457763672,30.01000022888184,20.75207901000977,240634.0,0.0,
2013-10-01 00:00:00+00:00,32.20000076293945,37.650001525878906,32.08000183105469,24.735204696655277,4532848.0,0.0,
2013-10-02 00:00:00+00:00,37.560001373291016,38.70000076293945,36.59999847412109,24.336894989013672,612384.0,0.0,
2013-10-03 00:00:00+00:00,37.18000030517578,39.97990036010742,37.06999969482422,26.374923706054688,515917.0,0.0,
2013-10-04 00:00:00+00:00,38.4900016784668,39.72999954223633,38.0,25.94342803955078,802187.0,0.0,
2013-10-07 00:00:00+00:00,40.04999923706055,41.7400016784668,39.20000076293945,26.97239112854004,540347.0,0.0,
2013-10-08 00:00:00+00:00,40.79999923706055,41.11000061035156,35.850101470947266,24.22403907775879,746553.0,0.0,
2013-10-09 00:00:00+00:00,36.060001373291016,38.29999923706055,34.7400016784668,24.416549682617188,435496.0,0.0,
2013-10-10 00:00:00+00:00,37.25,39.880001068115234,36.900001525878906,26.35899543762207,338043.0,0.0,
2013-10-11 00:00:00+00:00,39.66999816894531,39.83000183105469,37.90999984741211,25.724349975585938,211019.0,0.0,
2013-10-14 00:00:00+00:00,38.369998931884766,39.20000076293945,38.0,25.724349975585938,150839.0,0.0,
2013-10-15 00:00:00+00:00,38.900001525878906,40.06999969482422,38.40999984741211,25.7774600982666,395844.0,0.0,
2013-10-16 00:00:00+00:00,38.9900016784668,41.0,38.96099853515625,27.1848258972168,346375.0,0.0,
2013-10-17 00:00:00+00:00,40.959999084472656,44.43999862670898,40.810001373291016,29.415382385253903,527627.0,0.0,
2013-10-18 00:00:00+00:00,44.93999862670898,45.900001525878906,43.09000015258789,29.435287475585938,431465.0,0.0,
2013-10-21 00:00:00+00:00,44.959999084472656,45.79999923706055,43.709999084472656,29.176382064819336,158965.0,0.0,
2013-10-22 00:00:00+00:00,43.95000076293945,45.209999084472656,42.63999938964844,28.61210823059082,151249.0,0.0,
2013-10-23 00:00:00+00:00,42.869998931884766,44.00400161743164,40.22999954223633,27.20473861694336,370553.0,0.0,
2013-10-24 00:00:00+00:00,41.13999938964844,42.560001373291016,40.10010147094727,27.08524703979492,422456.0,0.0,
2013-10-25 00:00:00+00:00,41.04999923706055,41.99990081787109,40.41999816894531,26.89272689819336,502196.0,0.0,
2013-10-28 00:00:00+00:00,40.63999938964844,41.130001068115234,37.27000045776367,25.27956771850586,375983.0,0.0,
2013-10-29 00:00:00+00:00,38.66999816894531,39.36000061035156,37.65010070800781,25.445533752441406,256506.0,0.0,
2013-10-30 00:00:00+00:00,38.5,38.81999969482422,36.380001068115234,25.087047576904297,209309.0,0.0,
2013-10-31 00:00:00+00:00,36.93000030517578,41.31999969482422,36.83000183105469,26.872812271118164,406411.0,0.0,
2013-11-01 00:00:00+00:00,41.0,42.5,40.400001525878906,27.689353942871094,391647.0,0.0,
2013-11-04 00:00:00+00:00,41.75,42.86899948120117,41.119998931884766,27.848678588867188,148318.0,0.0,
2013-11-05 00:00:00+00:00,42.0,43.380001068115234,41.209999084472656,28.0146484375,119072.0,0.0,
2013-11-06 00:00:00+00:00,42.5,42.75,39.31999969482422,26.693574905395508,165359.0,0.0,
2013-11-07 00:00:00+00:00,40.16999816894531,40.709999084472656,38.09000015258789,25.73098564147949,87870.0,0.0,
2013-11-08 00:00:00+00:00,38.02000045776367,40.47999954223633,37.84439849853516,26.872812271118164,99596.0,0.0,
2013-11-11 00:00:00+00:00,39.77999877929688,41.5,39.5,27.543310165405277,108283.0,0.0,
2013-11-12 00:00:00+00:00,41.369998931884766,42.4900016784668,40.5,27.13171768188477,68659.0,0.0,
2013-11-13 00:00:00+00:00,40.7599983215332,41.869998931884766,40.11009979248047,27.6694393157959,101654.0,0.0,
2013-11-14 00:00:00+00:00,42.25,44.93999862670898,41.16999816894531,28.565637588500977,393018.0,0.0,
2013-11-15 00:00:00+00:00,43.25,44.31999969482422,43.0,28.75816535949707,258579.0,0.0,
2013-11-18 00:00:00+00:00,44.41999816894531,45.46989822387695,41.52999877929688,27.908428192138672,512369.0,0.0,
2013-11-19 00:00:00+00:00,46.5099983215332,47.45000076293945,42.27009963989258,29.694190979003903,1002310.0,0.0,
2013-11-20 00:00:00+00:00,45.900001525878906,47.419898986816406,45.11800003051758,30.89576911926269,431819.0,0.0,
2013-11-21 00:00:00+00:00,47.0099983215332,47.17990112304688,45.34999847412109,30.75968360900879,238697.0,0.0,
2013-11-22 00:00:00+00:00,48.0,50.650001525878906,47.209999084472656,31.599454879760746,954401.0,0.0,
2013-11-25 00:00:00+00:00,48.79999923706055,48.88990020751953,47.290000915527344,31.70566749572754,930162.0,0.0,
2013-11-26 00:00:00+00:00,48.33000183105469,48.70000076293945,47.27999877929688,31.44012451171875,419809.0,0.0,
2013-11-27 00:00:00+00:00,47.88999938964844,48.09999847412109,46.11000061035156,31.319826126098636,271867.0,0.32,
2013-11-29 00:00:00+00:00,47.02000045776367,47.54999923706055,45.750099182128906,31.26634979248047,216771.0,0.0,
2013-12-02 00:00:00+00:00,47.380001068115234,47.470001220703125,46.0099983215332,31.00568199157715,252871.0,0.0,
2013-12-03 00:00:00+00:00,46.47999954223633,46.75,45.11000061035156,30.32395362854004,146187.0,0.0,
2013-12-04 00:00:00+00:00,45.22999954223633,46.5,44.36000061035156,30.57125663757324,204591.0,0.0,
2013-12-05 00:00:00+00:00,45.720001220703125,46.5,45.39239883422852,30.858642578125,219418.0,0.0,
2013-12-06 00:00:00+00:00,46.400001525878906,47.130001068115234,45.310001373291016,30.51778221130371,188232.0,0.0,
2013-12-09 00:00:00+00:00,46.16999816894531,46.4900016784668,45.88999938964844,30.851970672607425,267097.0,0.0,
2013-12-10 00:00:00+00:00,46.27999877929688,46.5,45.79999923706055,30.70492553710937,295503.0,0.0,
2013-12-11 00:00:00+00:00,46.400001525878906,47.41999816894531,45.95000076293945,31.593860626220703,737291.0,0.0,
2013-12-12 00:00:00+00:00,47.09999847412109,50.46500015258789,47.040000915527344,33.191261291503906,818427.0,0.0,
2013-12-13 00:00:00+00:00,50.09999847412109,53.68899917602539,50.09999847412109,34.835453033447266,605779.0,0.0,
2013-12-16 00:00:00+00:00,54.59000015258789,56.27999877929688,53.11000061035156,35.791221618652344,809822.0,0.0,
2013-12-17 00:00:00+00:00,54.18999862670898,55.900001525878906,53.40999984741211,36.36601638793945,396166.0,0.0,
2013-12-18 00:00:00+00:00,54.970001220703125,55.43999862670898,51.150001525878906,35.002540588378906,618553.0,0.0,
2013-12-19 00:00:00+00:00,52.75,54.41999816894531,52.43000030517578,35.30998611450195,257556.0,0.0,
2013-12-20 00:00:00+00:00,53.16999816894531,54.310001373291016,52.83000183105469,35.918209075927734,288138.0,0.0,
2013-12-23 00:00:00+00:00,53.79999923706055,57.38999938964844,53.7036018371582,37.17475128173828,505213.0,0.0,
2013-12-24 00:00:00+00:00,55.709999084472656,56.869998931884766,53.59999847412109,36.566532135009766,196570.0,0.0,
2013-12-26 00:00:00+00:00,55.220001220703125,56.5,54.77999877929688,37.41535949707031,443990.0,0.0,
2013-12-27 00:00:00+00:00,55.84999847412109,59.23899841308594,54.619998931884766,37.21485137939453,489115.0,0.0,
2013-12-30 00:00:00+00:00,56.27999877929688,57.7599983215332,55.63010025024414,37.3752555847168,373578.0,0.0,
2013-12-31 00:00:00+00:00,56.0,56.95000076293945,55.040000915527344,37.4287338256836,346592.0,0.0,
2014-01-02 00:00:00+00:00,57.09999847412109,57.869998931884766,55.119998931884766,37.248268127441406,449746.0,0.0,
2014-01-03 00:00:00+00:00,55.959999084472656,55.9900016784668,55.27999877929688,37.33515167236328,310907.0,0.0,
2014-01-06 00:00:00+00:00,55.79999923706055,56.79990005493164,55.220001220703125,37.30173873901367,410673.0,0.0,
2014-01-07 00:00:00+00:00,55.75,56.5,55.5,37.4287338256836,402914.0,0.0,
2014-01-08 00:00:00+00:00,56.5,57.52999877929688,56.0099983215332,37.67601776123047,295389.0,0.0,
2014-01-09 00:00:00+00:00,57.06999969482422,57.15999984741211,53.4900016784668,36.36601638793945,623595.0,0.0,
2014-01-10 00:00:00+00:00,54.150001525878906,55.0,51.08000183105469,34.22055435180664,547823.0,0.0,
2014-01-13 00:00:00+00:00,52.130001068115234,54.43989944458008,51.4900016784668,34.5413703918457,650116.0,0.0,
2014-01-14 00:00:00+00:00,52.459999084472656,54.65900039672852,51.810001373291016,36.06525421142578,566910.0,0.0,
2014-01-15 00:00:00+00:00,50.0099983215332,50.09000015258789,42.0,30.090030670166016,3967843.0,0.0,
2014-01-16 00:00:00+00:00,45.0,46.900001525878906,45.0,30.78512954711914,1455526.0,0.0,
2014-01-17 00:00:00+00:00,46.720001220703125,47.900001525878906,38.0,26.734806060791016,3557727.0,0.0,
2014-01-21 00:00:00+00:00,39.09999847412109,42.18999862670898,39.0,26.741493225097656,1182743.0,0.0,
2014-01-22 00:00:00+00:00,41.560001373291016,42.75310134887695,40.560001373291016,27.744047164916992,970968.0,0.0,
2014-01-23 00:00:00+00:00,41.52000045776367,41.720001220703125,37.97999954223633,25.55179023742676,1112955.0,0.0,
2014-01-24 00:00:00+00:00,38.040000915527344,39.48989868164063,36.63999938964844,24.9368896484375,675859.0,0.0,
2014-01-27 00:00:00+00:00,37.0,37.63999938964844,33.60100173950195,23.76724624633789,1348440.0,0.0,
2014-01-28 00:00:00+00:00,36.31999969482422,37.650001525878906,36.119998931884766,25.13071060180664,848310.0,0.0,
2014-01-29 00:00:00+00:00,36.900001525878906,37.0,35.13010025024414,24.21505546569824,488919.0,0.0,
2014-01-30 00:00:00+00:00,36.5,36.994998931884766,35.130001068115234,23.981121063232425,423372.0,0.0,
2014-01-31 00:00:00+00:00,35.560001373291016,36.43399810791016,35.29999923706055,24.121477127075195,278066.0,0.0,
2014-02-03 00:00:00+00:00,36.15999984741211,37.20000076293945,34.400001525878906,23.085506439208984,447961.0,0.0,
2014-02-04 00:00:00+00:00,34.79999923706055,35.38999938964844,32.70000076293945,22.550811767578125,694638.0,0.0,
2014-02-05 00:00:00+00:00,34.0,36.119998931884766,34.0,23.880863189697266,363862.0,0.0,
2014-02-06 00:00:00+00:00,36.470001220703125,38.95000076293945,36.18999862670898,25.85923385620117,715839.0,0.0,
2014-02-07 00:00:00+00:00,39.84999847412109,40.2400016784668,38.220001220703125,26.38725852966309,356835.0,0.0,
2014-02-10 00:00:00+00:00,39.400001525878906,40.95000076293945,38.880001068115234,26.086484909057617,248504.0,0.0,
2014-02-11 00:00:00+00:00,38.560001373291016,39.45009994506836,38.38999938964844,26.113224029541016,260673.0,0.0,
2014-02-12 00:00:00+00:00,39.02000045776367,40.93999862670898,38.4370002746582,26.206796646118164,400219.0,0.0,
2014-02-13 00:00:00+00:00,38.810001373291016,39.209999084472656,38.43009948730469,25.85923385620117,280197.0,0.0,
2014-02-14 00:00:00+00:00,38.560001373291016,40.150001525878906,38.54600143432617,26.68802070617676,311511.0,0.0,
2014-02-18 00:00:00+00:00,40.7400016784668,41.58000183105469,39.09999847412109,26.82837677001953,425890.0,0.0,
2014-02-19 00:00:00+00:00,39.900001525878906,41.38999938964844,39.72999954223633,27.21603012084961,398451.0,0.0,
2014-02-20 00:00:00+00:00,40.40999984741211,40.77000045776367,39.18999862670898,26.968730926513672,354393.0,0.0,
2014-02-21 00:00:00+00:00,40.29999923706055,41.380001068115234,39.7599983215332,26.728120803833008,255489.0,0.0,
2014-02-24 00:00:00+00:00,40.25,40.9900016784668,39.59999847412109,27.189298629760746,304543.0,0.0,
2014-02-25 00:00:00+00:00,41.0,43.400001525878906,41.0,28.19185447692871,686351.0,0.0,
2014-02-26 00:00:00+00:00,41.9900016784668,44.95000076293945,41.9900016784668,29.9964542388916,606593.0,0.0,
2014-02-27 00:00:00+00:00,45.0,49.290000915527344,44.56010055541992,32.7300910949707,1025839.0,0.0,
2014-02-28 00:00:00+00:00,48.93000030517578,48.9900016784668,43.720001220703125,31.166099548339844,752034.0,0.0,
2014-03-03 00:00:00+00:00,41.5099983215332,43.58000183105469,38.68999862670898,25.946125030517575,2114325.0,0.0,
2014-03-04 00:00:00+00:00,42.5,43.0,39.93000030517578,26.92863273620605,1496702.0,0.0,
2014-03-05 00:00:00+00:00,40.45000076293945,42.0,39.40999984741211,26.76154136657715,659965.0,0.0,
2014-03-06 00:00:00+00:00,40.20000076293945,41.400001525878906,39.369998931884766,26.56771278381348,570949.0,0.0,
2014-03-07 00:00:00+00:00,39.9900016784668,40.15999984741211,36.5,24.616071701049805,1121310.0,0.0,
2014-03-10 00:00:00+00:00,36.220001220703125,39.30899810791016,35.79999923706055,25.919389724731445,878410.0,0.0,
2014-03-11 00:00:00+00:00,38.70000076293945,39.59999847412109,37.010101318359375,25.043832778930664,645957.0,0.0,
2014-03-12 00:00:00+00:00,38.150001525878906,38.70000076293945,35.52000045776367,23.941022872924805,787737.0,0.0,
2014-03-13 00:00:00+00:00,35.59000015258789,35.79999923706055,32.220001220703125,21.962648391723636,1125789.0,0.0,
2014-03-14 00:00:00+00:00,32.65999984741211,34.6619987487793,30.31999969482422,22.67780113220215,1727526.0,0.0,
2014-03-17 00:00:00+00:00,34.86000061035156,35.6875,33.04999923706055,22.53075790405273,560619.0,0.0,
2014-03-18 00:00:00+00:00,35.029998779296875,36.400001525878906,34.5,24.281888961791992,1000899.0,0.0,
2014-03-19 00:00:00+00:00,36.119998931884766,36.880001068115234,35.29999923706055,24.061323165893555,466477.0,0.0,
2014-03-20 00:00:00+00:00,36.060001373291016,36.70000076293945,35.25,23.820707321166992,382783.0,0.0,
2014-03-21 00:00:00+00:00,35.689998626708984,35.70000076293945,33.75,22.724584579467773,409180.0,0.0,
2014-03-24 00:00:00+00:00,34.20000076293945,34.72999954223633,32.31999969482422,21.77549934387207,364320.0,0.0,
2014-03-25 00:00:00+00:00,32.29999923706055,34.439998626708984,32.29999923706055,22.80478858947754,402008.0,0.0,
2014-03-26 00:00:00+00:00,34.7400016784668,35.939998626708984,34.31999969482422,23.125606536865234,283839.0,0.0,
2014-03-27 00:00:00+00:00,34.380001068115234,34.61000061035156,30.600000381469727,20.572433471679688,768048.0,0.0,
2014-03-28 00:00:00+00:00,32.099998474121094,32.66999816894531,31.26000022888184,21.79555320739746,473766.0,0.0,
2014-03-31 00:00:00+00:00,33.09000015258789,35.380001068115234,33.09000015258789,23.15902709960937,303895.0,0.0,
2014-04-01 00:00:00+00:00,35.34000015258789,38.18000030517578,35.189998626708984,25.29112243652344,1007245.0,0.0,
2014-04-02 00:00:00+00:00,37.2599983215332,38.18000030517578,36.09000015258789,24.27519798278809,595439.0,0.0,
2014-04-03 00:00:00+00:00,36.220001220703125,37.09989929199219,35.5099983215332,23.99449157714844,296118.0,0.0,
2014-04-04 00:00:00+00:00,36.77999877929688,36.77999877929688,34.52000045776367,23.459793090820312,268520.0,0.0,
2014-04-07 00:00:00+00:00,34.5,34.5,30.8700008392334,20.71947288513184,894516.0,0.0,
2014-04-08 00:00:00+00:00,31.700000762939453,32.939998626708984,31.5,21.748767852783203,633729.0,0.0,
2014-04-09 00:00:00+00:00,32.65999984741211,32.84000015258789,31.09000015258789,21.521514892578125,411614.0,0.0,
2014-04-10 00:00:00+00:00,32.5,32.99399948120117,31.229999542236328,20.983478546142575,608626.0,0.0,
2014-04-11 00:00:00+00:00,31.239999771118164,32.52000045776367,30.540000915527344,20.692737579345703,492815.0,0.0,
2014-04-14 00:00:00+00:00,31.18000030517578,31.479999542236328,28.05500030517578,19.91074752807617,1087220.0,0.0,
2014-04-15 00:00:00+00:00,30.07999992370605,31.46999931335449,28.739999771118164,20.71947288513184,804723.0,0.0,
2014-04-16 00:00:00+00:00,31.200000762939453,32.220001220703125,31.040000915527344,21.23412132263184,390891.0,0.0,
2014-04-17 00:00:00+00:00,31.88999938964844,34.060001373291016,31.051000595092773,22.73126983642578,878684.0,0.0,
2014-04-21 00:00:00+00:00,33.47999954223633,33.97999954223633,32.38999938964844,21.835655212402344,501450.0,0.0,
2014-04-22 00:00:00+00:00,32.630001068115234,33.2599983215332,32.04010009765625,21.701982498168945,299487.0,0.0,
2014-04-23 00:00:00+00:00,32.5099983215332,32.90999984741211,31.3700008392334,21.15391159057617,292134.0,0.0,
2014-04-24 00:00:00+00:00,31.5,31.99799919128418,26.270000457763672,19.609981536865234,2240704.0,0.0,
2014-04-25 00:00:00+00:00,28.0,28.84000015258789,27.0,18.413599014282227,719619.0,0.0,
2014-04-28 00:00:00+00:00,27.3700008392334,28.0,26.13999938964844,17.972469329833984,464190.0,0.0,
2014-04-29 00:00:00+00:00,27.0,28.729999542236328,27.0,19.035181045532227,578611.0,0.0,
2014-04-30 00:00:00+00:00,28.239999771118164,29.3799991607666,27.6299991607666,19.33595085144043,518448.0,0.0,
2014-05-01 00:00:00+00:00,28.71999931335449,30.540000915527344,28.5,19.84391021728516,398065.0,0.0,
2014-05-02 00:00:00+00:00,29.559999465942383,29.799999237060547,28.040000915527344,19.262428283691406,263307.0,0.0,
2014-05-05 00:00:00+00:00,28.38999938964844,29.479999542236328,27.84000015258789,19.589927673339844,170167.0,0.0,
2014-05-06 00:00:00+00:00,29.200000762939453,30.25,28.82999992370605,20.01100349426269,437866.0,0.0,
2014-05-07 00:00:00+00:00,30.26000022888184,31.489999771118164,29.18099975585937,20.97345352172852,525211.0,0.0,
2014-05-08 00:00:00+00:00,30.899999618530277,32.5,30.18000030517578,20.83309936523437,414072.0,0.0,
2014-05-09 00:00:00+00:00,30.38999938964844,31.51000022888184,30.25,20.986825942993164,130490.0,0.0,
2014-05-12 00:00:00+00:00,31.600000381469727,33.060001373291016,31.489999771118164,21.8824405670166,253613.0,0.0,
2014-05-13 00:00:00+00:00,33.310001373291016,34.130001068115234,32.70000076293945,22.18989372253418,517563.0,0.0,
2014-05-14 00:00:00+00:00,33.060001373291016,33.47999954223633,32.540000915527344,22.19657325744629,248968.0,0.0,
2014-05-15 00:00:00+00:00,33.150001525878906,33.459999084472656,32.150001525878906,22.323562622070312,188806.0,0.0,
2014-05-16 00:00:00+00:00,33.29999923706055,34.470001220703125,33.11000061035156,22.98525047302246,256021.0,0.0,
2014-05-19 00:00:00+00:00,34.11000061035156,34.470001220703125,33.56999969482422,22.96519660949707,405766.0,0.0,
2014-05-20 00:00:00+00:00,34.5,35.04999923706055,33.79999923706055,23.33280372619629,507966.0,0.0,
2014-05-21 00:00:00+00:00,36.9900016784668,42.58000183105469,36.06999969482422,28.151752471923828,2216024.0,0.0,
2014-05-22 00:00:00+00:00,41.25,44.959999084472656,40.20000076293945,30.003129959106445,1365066.0,0.0,
2014-05-23 00:00:00+00:00,44.75,45.560001373291016,42.7599983215332,29.30803108215332,691216.0,0.0,
2014-05-27 00:00:00+00:00,44.02000045776367,46.369998931884766,43.2599983215332,29.81599235534668,656811.0,0.0,
2014-05-28 00:00:00+00:00,44.84999847412109,45.48649978637695,43.34000015258789,29.167673110961918,420458.0,0.0,
2014-05-29 00:00:00+00:00,43.150001525878906,45.20000076293945,43.07799911499024,29.98854255676269,665570.0,0.29,
2014-05-30 00:00:00+00:00,44.68000030517578,45.0,42.06999969482422,28.427553176879883,409314.0,0.0,
2014-06-02 00:00:00+00:00,42.27000045776367,42.75,41.130001068115234,28.252605438232425,472518.0,0.0,
2014-06-03 00:00:00+00:00,41.5,43.34000015258789,41.33000183105469,28.50829315185547,288171.0,0.0,
2014-06-04 00:00:00+00:00,41.619998931884766,44.18989944458008,41.54999923706055,29.611745834350582,364163.0,0.0,
2014-06-05 00:00:00+00:00,44.290000915527344,44.94900131225586,43.44010162353516,29.53773307800293,286089.0,0.0,
2014-06-06 00:00:00+00:00,43.93999862670898,44.47999954223633,42.64419937133789,29.598291397094727,277524.0,0.0,
2014-06-09 00:00:00+00:00,43.91999816894531,47.83549880981445,43.60010147094727,32.013790130615234,865753.0,0.0,
2014-06-10 00:00:00+00:00,46.0,46.0,43.174198150634766,29.5848331451416,1148797.0,0.0,
2014-06-11 00:00:00+00:00,43.88999938964844,45.09999847412109,43.60010147094727,29.99800109863281,566081.0,0.29,
2014-06-12 00:00:00+00:00,44.34999847412109,45.33000183105469,44.20000076293945,30.187641143798828,202453.0,0.0,
2014-06-13 00:00:00+00:00,44.59999847412109,44.59999847412109,43.876800537109375,30.00476837158203,318451.0,0.0,
2014-06-16 00:00:00+00:00,43.16999816894531,43.900001525878906,41.400001525878906,28.189577102661133,1047486.0,0.0,
2014-06-17 00:00:00+00:00,40.25,40.77999877929688,39.91999816894531,27.03815650939941,4861285.0,0.0,
2014-06-18 00:00:00+00:00,40.25,40.43999862670898,39.70000076293945,27.23457336425781,1197384.0,0.0,
2014-06-19 00:00:00+00:00,40.34000015258789,40.43999862670898,39.709999084472656,27.06525039672852,714548.0,0.0,
2014-06-20 00:00:00+00:00,40.0,40.41999816894531,39.75,27.06525039672852,775310.0,0.0,
2014-06-23 00:00:00+00:00,39.7599983215332,40.0,38.27000045776367,26.10346221923828,1071109.0,0.0,
2014-06-24 00:00:00+00:00,38.810001373291016,40.68000030517578,38.810001373291016,26.75368309020996,2106444.0,0.0,
2014-06-25 00:00:00+00:00,39.77999877929688,40.41999816894531,39.0,27.322620391845703,518246.0,0.0,
2014-06-26 00:00:00+00:00,40.16999816894531,40.72999954223633,39.59999847412109,27.13974952697754,383638.0,0.0,
2014-06-27 00:00:00+00:00,39.81999969482422,40.25,39.5,27.017831802368164,326057.0,0.0,
2014-06-30 00:00:00+00:00,39.65999984741211,41.31999969482422,39.38999938964844,27.315853118896484,587263.0,0.0,
2014-07-01 00:00:00+00:00,40.09999847412109,40.71500015258789,39.470001220703125,27.017831802368164,426208.0,0.0,
2014-07-02 00:00:00+00:00,39.77999877929688,40.38999938964844,39.48979949951172,27.11265563964844,310371.0,0.0,
2014-07-03 00:00:00+00:00,40.11000061035156,41.52000045776367,40.06999969482422,28.115074157714844,291774.0,0.0,
2014-07-07 00:00:00+00:00,41.22999954223633,41.54999923706055,39.95000076293945,27.27522087097168,375373.0,0.0,
2014-07-08 00:00:00+00:00,40.27000045776367,40.70000076293945,39.04999923706055,26.774002075195312,365414.0,0.0,
2014-07-09 00:00:00+00:00,39.70000076293945,41.04999923706055,39.47999954223633,27.30907821655273,262469.0,0.0,
2014-07-10 00:00:00+00:00,39.25,40.29100036621094,39.25,27.09233856201172,249121.0,0.0,
2014-07-11 00:00:00+00:00,40.27000045776367,42.150001525878906,39.79999923706055,28.487594604492188,317899.0,0.0,
2014-07-14 00:00:00+00:00,41.79999923706055,43.970001220703125,41.79999923706055,29.733837127685547,845235.0,0.0,
2014-07-15 00:00:00+00:00,43.0,44.68000030517578,42.47999954223633,29.57806205749512,819387.0,0.0,
2014-07-16 00:00:00+00:00,44.63999938964844,44.89599990844727,44.124000549316406,30.13346099853516,591957.0,0.0,
2014-07-17 00:00:00+00:00,43.31999969482422,43.45000076293945,38.73099899291992,26.421798706054688,2150311.0,0.0,
2014-07-18 00:00:00+00:00,39.29999923706055,41.060001373291016,39.0099983215332,27.241352081298828,577525.0,0.0,
2014-07-21 00:00:00+00:00,39.84999847412109,40.15999984741211,37.1343002319336,25.453248977661133,991537.0,0.0,
2014-07-22 00:00:00+00:00,38.630001068115234,39.46500015258789,38.13010025024414,25.900279998779297,402232.0,0.0,
2014-07-23 00:00:00+00:00,38.27000045776367,38.5099983215332,36.900001525878906,25.25005531311035,513601.0,0.0,
2014-07-24 00:00:00+00:00,37.310001373291016,38.5,36.9900016784668,25.52775382995605,436056.0,0.0,
2014-07-25 00:00:00+00:00,37.52999877929688,37.9900016784668,37.13999938964844,25.697080612182617,448540.0,0.0,
2014-07-28 00:00:00+00:00,37.2400016784668,37.810001373291016,36.36000061035156,25.270374298095703,337857.0,0.0,
2014-07-29 00:00:00+00:00,37.58000183105469,38.48989868164063,36.70000076293945,25.19587516784668,293973.0,0.0,
2014-07-30 00:00:00+00:00,37.7599983215332,38.38999938964844,37.630001068115234,25.54130172729492,224757.0,0.0,
2014-07-31 00:00:00+00:00,37.25,37.31999969482422,35.900001525878906,24.41697120666504,441399.0,0.0,
2014-08-01 00:00:00+00:00,35.849998474121094,36.43000030517578,35.0099983215332,24.335693359375,330826.0,0.0,
2014-08-04 00:00:00+00:00,36.41999816894531,37.59999847412109,36.0099983215332,25.18233299255371,530744.0,0.0,
2014-08-05 00:00:00+00:00,36.88999938964844,39.369998931884766,36.84999847412109,26.509845733642575,820637.0,0.0,
2014-08-06 00:00:00+00:00,38.58000183105469,38.58000183105469,36.66999816894531,25.365203857421875,750519.0,0.0,
2014-08-07 00:00:00+00:00,38.790000915527344,39.29499816894531,34.119998931884766,23.644838333129883,1443011.0,0.0,
2014-08-08 00:00:00+00:00,35.18000030517578,36.880001068115234,35.18000030517578,24.667570114135746,628240.0,0.0,
2014-08-11 00:00:00+00:00,37.0,37.56999969482422,36.43999862670898,24.830127716064453,345362.0,0.0,
2014-08-12 00:00:00+00:00,36.54999923706055,37.56999969482422,35.70000076293945,24.538881301879883,217913.0,0.0,
2014-08-13 00:00:00+00:00,36.650001525878906,36.70000076293945,35.88999938964844,24.654033660888672,700704.0,0.0,
2014-08-14 00:00:00+00:00,36.27999877929688,36.650001525878906,35.98899841308594,25.07933807373047,368431.0,0.46,
2014-08-15 00:00:00+00:00,36.709999084472656,37.619998931884766,35.709999084472656,25.415468215942383,568656.0,0.0,
2014-08-18 00:00:00+00:00,37.68000030517578,39.150001525878906,37.290000915527344,26.51303100585937,456041.0,0.0,
2014-08-19 00:00:00+00:00,38.81999969482422,39.4900016784668,38.66999816894531,26.602205276489254,331364.0,0.0,
2014-08-20 00:00:00+00:00,38.59999847412109,39.45000076293945,38.15010070800781,26.71882057189941,325230.0,0.0,
2014-08-21 00:00:00+00:00,39.0,39.290000915527344,38.27000045776367,26.341535568237305,311044.0,0.0,
2014-08-22 00:00:00+00:00,38.209999084472656,38.709999084472656,38.04999923706055,26.327816009521484,178677.0,0.0,
2014-08-25 00:00:00+00:00,38.400001525878906,39.040000915527344,38.36000061035156,26.62964630126953,256617.0,0.0,
2014-08-26 00:00:00+00:00,38.77999877929688,39.5,38.630001068115234,26.87659454345703,311842.0,0.0,
2014-08-27 00:00:00+00:00,39.290000915527344,41.21749877929688,39.25,27.87126350402832,522296.0,0.0,
2014-08-28 00:00:00+00:00,40.0,40.0,37.66999816894531,26.190622329711918,548305.0,0.0,
2014-08-29 00:00:00+00:00,37.900001525878906,38.17900085449219,37.15999984741211,25.58009910583496,395291.0,0.0,
2014-09-02 00:00:00+00:00,37.4900016784668,37.74990081787109,36.36000061035156,25.360580444335938,506628.0,0.0,
2014-09-03 00:00:00+00:00,38.869998931884766,38.94990158081055,36.790000915527344,25.381166458129883,1336740.0,0.0,
2014-09-04 00:00:00+00:00,37.25,38.09999847412109,37.02000045776367,25.44291114807129,339050.0,0.0,
2014-09-05 00:00:00+00:00,37.810001373291016,39.52000045776367,37.650001525878906,26.986352920532227,646417.0,0.0,
2014-09-08 00:00:00+00:00,39.08000183105469,39.18999862670898,37.79999923706055,26.47872543334961,227850.0,0.0,
2014-09-09 00:00:00+00:00,37.75,38.130001068115234,35.61000061035156,24.55799674987793,2158872.0,0.0,
2014-09-10 00:00:00+00:00,36.2400016784668,37.369998931884766,36.06999969482422,25.003875732421875,636469.0,0.0,
2014-09-11 00:00:00+00:00,36.09999847412109,36.79999923706055,36.09999847412109,24.82552528381348,446197.0,0.0,
2014-09-12 00:00:00+00:00,36.34000015258789,36.34000015258789,35.63999938964844,24.63344955444336,656734.0,0.0,
2014-09-15 00:00:00+00:00,35.95000076293945,36.09999847412109,34.060001373291016,23.61820411682129,588839.0,0.0,
2014-09-16 00:00:00+00:00,34.13999938964844,35.58000183105469,33.689998626708984,24.02292823791504,985422.0,0.0,
2014-09-17 00:00:00+00:00,35.099998474121094,35.93000030517578,34.2599983215332,23.87887954711914,362635.0,0.0,
2014-09-18 00:00:00+00:00,35.25,35.90999984741211,34.029998779296875,23.42612838745117,716199.0,0.0,
2014-09-19 00:00:00+00:00,34.5,34.5,33.540000915527344,23.048843383789062,502006.0,0.0,
2014-09-22 00:00:00+00:00,33.599998474121094,33.93000030517578,32.209999084472656,22.335426330566406,642553.0,0.0,
2014-09-23 00:00:00+00:00,32.5,32.929901123046875,31.861499786376957,22.067893981933597,500009.0,0.0,
2014-09-24 00:00:00+00:00,32.599998474121094,32.599998474121094,32.16999816894531,22.143354415893555,452900.0,0.0,
2014-09-25 00:00:00+00:00,32.387001037597656,32.387001037597656,31.700000762939453,21.903263092041016,476490.0,0.0,
2014-09-26 00:00:00+00:00,31.996999740600582,33.15999984741211,31.920000076293945,22.50005531311035,505040.0,0.0,
2014-09-29 00:00:00+00:00,32.439998626708984,33.310001373291016,31.670000076293945,22.5892391204834,509956.0,0.0,
2014-09-30 00:00:00+00:00,32.029998779296875,32.95000076293945,31.559999465942383,21.670026779174805,497481.0,0.0,
2014-10-01 00:00:00+00:00,31.8799991607666,31.950000762939453,30.729999542236328,21.14182472229004,557002.0,0.0,
2014-10-02 00:00:00+00:00,30.61000061035156,30.93000030517578,28.799999237060547,20.771398544311523,957109.0,0.0,
2014-10-03 00:00:00+00:00,30.520000457763672,31.540000915527344,30.299999237060547,21.073226928710938,284432.0,0.0,
2014-10-06 00:00:00+00:00,30.899999618530277,30.991300582885746,30.020000457763672,20.853715896606445,452056.0,0.0,
2014-10-07 00:00:00+00:00,30.1200008392334,30.600000381469727,29.479999542236328,20.298072814941406,339188.0,0.0,
2014-10-08 00:00:00+00:00,29.600000381469727,30.190000534057617,29.1299991607666,20.455846786499023,341955.0,0.0,
2014-10-09 00:00:00+00:00,29.649999618530277,29.819900512695312,28.290000915527344,19.543493270874023,872170.0,0.0,
2014-10-10 00:00:00+00:00,28.5,28.979999542236328,26.68000030517578,18.343040466308597,786496.0,0.0,
2014-10-13 00:00:00+00:00,27.43000030517578,28.18000030517578,26.75,18.37047576904297,532290.0,0.0,
2014-10-14 00:00:00+00:00,26.989999771118164,28.76000022888184,26.799999237060547,19.372005462646484,733039.0,0.0,
2014-10-15 00:00:00+00:00,28.0,28.649999618530277,27.5,19.42688369750977,280381.0,0.0,
2014-10-16 00:00:00+00:00,27.739999771118164,29.71999931335449,27.649999618530277,19.955081939697266,378662.0,0.0,
2014-10-17 00:00:00+00:00,29.934999465942383,30.43000030517578,29.229999542236328,20.304935455322266,448042.0,0.0,
2014-10-20 00:00:00+00:00,29.520000457763672,29.63999938964844,28.780000686645508,20.085418701171875,297112.0,0.0,
2014-10-21 00:00:00+00:00,29.450000762939453,30.459999084472656,29.440000534057617,20.65478134155273,386524.0,0.0,
2014-10-22 00:00:00+00:00,30.13999938964844,30.950000762939453,29.899999618530277,20.620479583740234,503647.0,0.0,
2014-10-23 00:00:00+00:00,30.36000061035156,31.0,29.96999931335449,20.778255462646484,516480.0,0.0,
2014-10-24 00:00:00+00:00,28.690000534057617,29.309999465942383,26.309999465942383,18.576271057128903,2018163.0,0.0,
2014-10-27 00:00:00+00:00,27.01000022888184,28.88999938964844,27.01000022888184,19.09075164794922,648509.0,0.0,
2014-10-28 00:00:00+00:00,27.969900131225582,29.540000915527344,27.899999618530277,20.078561782836918,515894.0,0.0,
2014-10-29 00:00:00+00:00,29.086000442504883,29.440000534057617,28.68000030517578,19.913923263549805,364036.0,0.0,
2014-10-30 00:00:00+00:00,29.5,31.56999969482422,29.229999542236328,21.196706771850582,878015.0,0.0,
2014-10-31 00:00:00+00:00,30.899999618530277,32.29999923706055,30.899999618530277,21.72490692138672,464026.0,0.0,
2014-11-03 00:00:00+00:00,31.729999542236328,32.689998626708984,31.481000900268555,21.855243682861328,523075.0,0.0,
2014-11-04 00:00:00+00:00,31.875,32.349998474121094,30.56999969482422,21.3613338470459,417900.0,0.0,
2014-11-05 00:00:00+00:00,31.420000076293945,31.709999084472656,30.777000427246094,21.471092224121094,516495.0,0.0,
2014-11-06 00:00:00+00:00,31.299999237060547,31.59000015258789,29.63999938964844,20.54502296447754,433325.0,0.0,
2014-11-07 00:00:00+00:00,29.5,30.049999237060547,29.06999969482422,20.188316345214844,400604.0,0.0,
2014-11-10 00:00:00+00:00,29.3799991607666,30.0,28.700000762939453,20.229473114013672,632599.0,0.0,
2014-11-11 00:00:00+00:00,32.9900016784668,33.17219924926758,30.049999237060547,20.73710250854492,1117704.0,0.0,
2014-11-12 00:00:00+00:00,29.8799991607666,30.75,28.709999084472656,20.75767707824707,532006.0,0.0,
2014-11-13 00:00:00+00:00,30.270000457763672,30.450000762939453,29.32999992370605,20.229473114013672,228576.0,0.0,
2014-11-14 00:00:00+00:00,29.670000076293945,30.132999420166016,29.46999931335449,20.606765747070312,354693.0,0.0,
2014-11-17 00:00:00+00:00,30.040000915527344,30.42200088500977,28.809999465942383,20.05112075805664,364732.0,0.0,
2014-11-18 00:00:00+00:00,29.30500030517578,29.5,28.5,19.804170608520508,263062.0,0.0,
2014-11-19 00:00:00+00:00,28.96999931335449,29.100000381469727,28.540000915527344,19.68069267272949,208709.0,0.0,
2014-11-20 00:00:00+00:00,28.229999542236328,29.21999931335449,28.209999084472656,19.91705703735352,162336.0,0.38,
2014-11-21 00:00:00+00:00,29.040000915527344,29.63999938964844,28.989999771118164,20.41063690185547,177597.0,0.0,
2014-11-24 00:00:00+00:00,29.56999969482422,29.850000381469727,29.31010055541992,20.507963180541992,249949.0,0.0,
2014-11-25 00:00:00+00:00,29.390399932861328,29.700000762939453,28.1200008392334,19.56946563720703,254487.0,0.0,
2014-11-26 00:00:00+00:00,28.25,28.71999931335449,27.770000457763672,19.87534713745117,238274.0,0.0,
2014-11-28 00:00:00+00:00,28.649999618530277,28.649999618530277,27.404600143432617,19.35395812988281,320861.0,0.0,
2014-12-01 00:00:00+00:00,27.223499298095703,27.32999992370605,26.290000915527344,18.35289192199707,664542.0,0.0,
2014-12-02 00:00:00+00:00,26.440000534057617,26.780000686645508,25.88999938964844,18.012248992919922,1022594.0,0.0,
2014-12-03 00:00:00+00:00,25.6200008392334,26.5,25.600000381469727,17.956636428833008,412402.0,0.0,
2014-12-04 00:00:00+00:00,25.649999618530277,26.020000457763672,25.5,18.07481384277344,436313.0,0.0,
2014-12-05 00:00:00+00:00,26.1299991607666,26.540000915527344,24.799999237060547,17.643800735473633,512387.0,0.0,
2014-12-08 00:00:00+00:00,24.6299991607666,25.229999542236328,23.040000915527344,16.510650634765625,792260.0,0.0,
2014-12-09 00:00:00+00:00,23.299999237060547,26.21999931335449,22.90999984741211,18.10262107849121,540192.0,0.0,
2014-12-10 00:00:00+00:00,24.947999954223636,26.23200035095215,24.850000381469727,17.511714935302734,334697.0,0.0,
2014-12-11 00:00:00+00:00,25.399999618530277,25.51000022888184,24.459999084472656,17.21973991394043,251391.0,0.0,
2014-12-12 00:00:00+00:00,24.030000686645508,24.600000381469727,23.899999618530277,16.65663719177246,145224.0,0.0,
2014-12-15 00:00:00+00:00,23.799999237060547,24.0,21.0,14.953433990478516,571297.0,0.0,
2014-12-16 00:00:00+00:00,20.40999984741211,20.40999984741211,18.520000457763672,12.99996280670166,1442861.0,0.0,
2014-12-17 00:00:00+00:00,19.450000762939453,20.489999771118164,18.86009979248047,13.208518028259276,742975.0,0.0,
2014-12-18 00:00:00+00:00,20.25,21.229999542236328,19.420000076293945,13.77161693572998,702848.0,0.0,
2014-12-19 00:00:00+00:00,19.809999465942383,20.21999931335449,19.459999084472656,13.945416450500488,395930.0,0.0,
2014-12-22 00:00:00+00:00,20.299999237060547,21.11000061035156,20.0,14.24434757232666,731617.0,0.0,
2014-12-23 00:00:00+00:00,20.25,20.66200065612793,20.1299991607666,14.2652006149292,486699.0,0.0,
2014-12-24 00:00:00+00:00,20.600000381469727,20.8799991607666,20.5,14.515466690063477,149689.0,0.0,
2014-12-26 00:00:00+00:00,21.700000762939453,22.234399795532227,21.1299991607666,15.238462448120115,396559.0,0.0,
2014-12-29 00:00:00+00:00,21.76000022888184,22.309999465942383,19.920000076293945,13.917606353759766,730748.0,0.0,
2014-12-30 00:00:00+00:00,20.68989944458008,20.989999771118164,20.01000022888184,14.508515357971191,259599.0,0.0,
2014-12-31 00:00:00+00:00,20.874000549316406,20.934999465942383,20.01000022888184,14.035789489746094,220354.0,0.0,
2015-01-02 00:00:00+00:00,20.38999938964844,20.86989974975586,20.025999069213867,14.258249282836914,254571.0,0.0,
2015-01-05 00:00:00+00:00,20.73600006103516,20.989999771118164,19.549999237060547,13.77161693572998,320656.0,0.0,
2015-01-06 00:00:00+00:00,19.99399948120117,20.0,19.420000076293945,13.75076389312744,161160.0,0.0,
2015-01-07 00:00:00+00:00,20.13999938964844,20.76000022888184,19.899099349975582,14.390336036682127,351827.0,0.0,
2015-01-08 00:00:00+00:00,21.25,23.604999542236328,21.15999984741211,15.836321830749512,942112.0,0.0,
2015-01-09 00:00:00+00:00,22.5,22.68000030517578,21.53400039672852,15.398350715637209,530866.0,0.0,
2015-01-12 00:00:00+00:00,22.06999969482422,22.06999969482422,20.299999237060547,14.64060115814209,741039.0,0.0,
2015-01-13 00:00:00+00:00,20.809999465942383,21.63999938964844,20.75,14.995144844055176,353231.0,0.0,
2015-01-14 00:00:00+00:00,21.34000015258789,21.790000915527344,21.045000076293945,15.113324165344238,165576.0,0.0,
2015-01-15 00:00:00+00:00,22.0,22.440000534057617,20.90999984741211,15.057711601257324,367436.0,0.0,
2015-01-16 00:00:00+00:00,21.98600006103516,22.549999237060547,21.75,15.641667366027832,405574.0,0.0,
2015-01-20 00:00:00+00:00,22.690000534057617,22.690000534057617,21.270000457763672,15.009048461914062,322299.0,0.0,
2015-01-21 00:00:00+00:00,21.850000381469727,21.989999771118164,21.43000030517578,15.06466579437256,213331.0,0.0,
2015-01-22 00:00:00+00:00,21.88999938964844,22.239999771118164,21.649999618530277,15.412256240844728,156144.0,0.0,
2015-01-23 00:00:00+00:00,21.9950008392334,22.3700008392334,21.645000457763672,15.210655212402344,285460.0,0.0,
2015-01-26 00:00:00+00:00,21.31999969482422,21.849000930786133,21.01000022888184,14.890868186950684,368282.0,0.0,
2015-01-27 00:00:00+00:00,21.209999084472656,21.3799991607666,20.239999771118164,14.320817947387695,490285.0,0.0,
2015-01-28 00:00:00+00:00,20.8799991607666,20.8799991607666,19.76000022888184,13.82723617553711,313021.0,0.0,
2015-01-29 00:00:00+00:00,19.8799991607666,20.26000022888184,19.51000022888184,13.903705596923828,258011.0,0.0,
2015-01-30 00:00:00+00:00,20.09600067138672,20.18400001525879,19.40999984741211,13.618680953979492,339719.0,0.0,
2015-02-02 00:00:00+00:00,19.459999084472656,19.59000015258789,18.700000762939453,13.229376792907717,427591.0,0.0,
2015-02-03 00:00:00+00:00,19.25,19.739999771118164,19.0,13.570015907287598,451570.0,0.0,
2015-02-04 00:00:00+00:00,19.270000457763672,20.34000015258789,19.21999931335449,13.778571128845217,386871.0,0.0,
2015-02-05 00:00:00+00:00,20.174999237060547,21.36000061035156,20.1200008392334,14.77268409729004,341746.0,0.0,
2015-02-06 00:00:00+00:00,21.509899139404297,22.06999969482422,21.354999542236328,15.050761222839355,322287.0,0.0,
2015-02-09 00:00:00+00:00,21.51000022888184,22.82999992370605,21.51000022888184,15.509581565856934,660081.0,0.0,
2015-02-10 00:00:00+00:00,22.357999801635746,22.799999237060547,21.649900436401367,15.780705451965332,331109.0,0.0,
2015-02-11 00:00:00+00:00,22.46999931335449,23.36000061035156,22.36000061035156,15.766802787780762,576257.0,0.0,
2015-02-12 00:00:00+00:00,23.520000457763672,24.020000457763672,23.18000030517578,16.482839584350586,690145.0,0.0,
2015-02-13 00:00:00+00:00,24.030000686645508,26.100000381469727,23.979999542236328,17.490859985351562,764701.0,0.0,
2015-02-17 00:00:00+00:00,25.087499618530277,25.90999984741211,24.790000915527344,17.935779571533203,481220.0,0.0,
2015-02-18 00:00:00+00:00,26.209999084472656,26.209999084472656,24.1200008392334,17.17107582092285,1139111.0,0.0,
2015-02-19 00:00:00+00:00,24.210100173950195,24.780000686645508,23.420000076293945,16.62883186340332,236098.0,0.0,
2015-02-20 00:00:00+00:00,23.56999969482422,23.959999084472656,23.18000030517578,16.329896926879883,252180.0,0.0,
2015-02-23 00:00:00+00:00,23.18199920654297,23.350000381469727,21.549999237060547,15.440064430236816,476195.0,0.0,
2015-02-24 00:00:00+00:00,22.3700008392334,23.239999771118164,22.309999465942383,15.718137741088867,285919.0,0.0,
2015-02-25 00:00:00+00:00,22.51000022888184,23.36000061035156,21.959999084472656,15.884982109069824,279055.0,0.0,
2015-02-26 00:00:00+00:00,22.850000381469727,23.770000457763672,22.579599380493164,16.350753784179688,324154.0,0.0,
2015-02-27 00:00:00+00:00,23.559999465942383,23.799999237060547,23.299999237060547,16.37856101989746,171905.0,0.0,
2015-03-02 00:00:00+00:00,23.57749938964844,23.68000030517578,22.229999542236328,15.947551727294922,384509.0,0.0,
2015-03-03 00:00:00+00:00,22.899999618530277,23.68000030517578,22.21999931335449,15.572149276733398,290621.0,0.0,
2015-03-04 00:00:00+00:00,22.290000915527344,22.790000915527344,21.81999969482422,15.52349090576172,248478.0,0.0,
2015-03-05 00:00:00+00:00,22.56999969482422,22.6299991607666,22.01000022888184,15.669475555419922,314382.0,0.0,
2015-03-06 00:00:00+00:00,22.649900436401367,23.75,22.549999237060547,16.350753784179688,591912.0,0.0,
2015-03-09 00:00:00+00:00,23.57999992370605,23.59000015258789,22.790000915527344,16.08658790588379,415265.0,0.0,
2015-03-10 00:00:00+00:00,23.059999465942383,23.13999938964844,21.6299991607666,15.572149276733398,361647.0,0.0,
2015-03-11 00:00:00+00:00,22.450000762939453,22.940000534057617,21.530000686645508,15.51653003692627,440981.0,0.0,
2015-03-12 00:00:00+00:00,20.459999084472656,22.43000030517578,20.18000030517578,15.440064430236816,880584.0,0.0,
2015-03-13 00:00:00+00:00,21.790000915527344,21.790000915527344,20.36000061035156,14.584986686706545,645730.0,0.0,
2015-03-16 00:00:00+00:00,21.030000686645508,21.739999771118164,20.709999084472656,14.779638290405272,530463.0,0.0,
2015-03-17 00:00:00+00:00,21.21999931335449,21.25,20.559999465942383,14.55022430419922,479833.0,0.0,
2015-03-18 00:00:00+00:00,20.81999969482422,20.989999771118164,20.649999618530277,14.508515357971191,284565.0,0.0,
2015-03-19 00:00:00+00:00,20.799999237060547,21.040000915527344,20.600000381469727,14.34862232208252,289709.0,0.0,
2015-03-20 00:00:00+00:00,20.709999084472656,21.3799991607666,20.63999938964844,14.835249900817873,661332.0,0.0,
2015-03-23 00:00:00+00:00,21.280000686645508,21.850000381469727,21.190000534057617,15.043806076049805,677212.0,0.0,
2015-03-24 00:00:00+00:00,21.700000762939453,23.15999984741211,21.57999992370605,15.606910705566406,754046.0,0.0,
2015-03-25 00:00:00+00:00,22.790000915527344,24.0,22.61000061035156,16.343807220458984,609746.0,0.0,
2015-03-26 00:00:00+00:00,23.540000915527344,23.96999931335449,23.15999984741211,16.42027473449707,629230.0,0.0,
2015-03-27 00:00:00+00:00,23.479999542236328,23.489999771118164,22.850000381469727,16.267333984375,321047.0,0.0,
2015-03-30 00:00:00+00:00,23.479999542236328,24.399999618530277,23.540000915527344,16.733104705810547,259962.0,0.0,
2015-03-31 00:00:00+00:00,23.700000762939453,24.25,23.649999618530277,16.69835090637207,229377.0,0.0,
2015-04-01 00:00:00+00:00,24.290000915527344,25.0,23.799999237060547,17.129364013671875,353534.0,0.0,
2015-04-02 00:00:00+00:00,24.84000015258789,25.149999618530277,24.559999465942383,17.296207427978516,235037.0,0.0,
2015-04-06 00:00:00+00:00,24.950000762939453,25.989999771118164,24.899999618530277,17.53257179260254,283736.0,0.0,
2015-04-07 00:00:00+00:00,25.25,26.1299991607666,25.030000686645508,17.998342514038086,350346.0,0.0,
2015-04-08 00:00:00+00:00,25.950000762939453,27.290000915527344,25.920000076293945,18.763044357299805,568691.0,0.0,
2015-04-09 00:00:00+00:00,27.020000457763672,27.239999771118164,26.06010055541992,18.311176300048828,354911.0,0.0,
2015-04-10 00:00:00+00:00,26.399999618530277,27.0,26.06999969482422,18.359838485717773,213302.0,0.0,
2015-04-13 00:00:00+00:00,26.68000030517578,27.07550048828125,26.399999618530277,18.62401008605957,254529.0,0.0,
2015-04-14 00:00:00+00:00,27.0,27.0,25.799999237060547,18.561443328857425,515953.0,0.0,
2015-04-15 00:00:00+00:00,26.700000762939453,28.11000061035156,26.334999084472656,19.08283233642578,509955.0,0.0,
2015-04-16 00:00:00+00:00,27.100000381469727,28.683300018310547,26.100000381469727,19.652889251708984,667613.0,0.0,
2015-04-17 00:00:00+00:00,27.270000457763672,27.664899826049805,26.01000022888184,18.14433479309082,520529.0,0.0,
2015-04-20 00:00:00+00:00,26.209999084472656,26.499900817871094,25.13999938964844,17.720266342163086,459790.0,0.0,
2015-04-21 00:00:00+00:00,26.059999465942383,26.06999969482422,25.049999237060547,17.47695541381836,203316.0,0.0,
2015-04-22 00:00:00+00:00,25.280000686645508,26.18000030517578,25.1299991607666,17.94968032836914,226566.0,0.0,
2015-04-23 00:00:00+00:00,26.0,27.170000076293945,25.86000061035156,18.53363609313965,327672.0,0.0,
2015-04-24 00:00:00+00:00,26.665000915527344,27.530000686645508,26.40999984741211,18.394603729248047,323476.0,0.0,
2015-04-27 00:00:00+00:00,26.684999465942383,27.040000915527344,26.11000061035156,18.338985443115234,296155.0,0.0,
2015-04-28 00:00:00+00:00,26.11000061035156,26.96999931335449,25.540000915527344,18.547542572021484,290884.0,0.0,
2015-04-29 00:00:00+00:00,26.850000381469727,27.190000534057617,26.149999618530277,18.22080421447754,229838.0,0.0,
2015-04-30 00:00:00+00:00,26.200000762939453,27.290000915527344,25.920000076293945,18.867326736450195,323655.0,0.0,
2015-05-01 00:00:00+00:00,27.209999084472656,27.459999084472656,26.520000457763672,18.915990829467773,141753.0,0.0,
2015-05-04 00:00:00+00:00,27.36000061035156,28.0,26.520000457763672,18.637916564941406,348668.0,0.0,
2015-05-05 00:00:00+00:00,26.959999084472656,27.549999237060547,26.770000457763672,18.88122940063477,165727.0,0.0,
2015-05-06 00:00:00+00:00,28.34000015258789,28.34000015258789,27.0,19.096738815307617,347200.0,0.0,
2015-05-07 00:00:00+00:00,27.5,28.76000022888184,27.149999618530277,19.38871383666992,429281.0,0.0,
2015-05-08 00:00:00+00:00,27.700000762939453,28.799999237060547,27.700000762939453,19.87534713745117,276362.0,0.0,
2015-05-11 00:00:00+00:00,28.799999237060547,29.71999931335449,28.26000022888184,19.80582618713379,349995.0,0.0,
2015-05-12 00:00:00+00:00,28.36090087890625,28.51000022888184,27.690000534057617,19.590320587158203,332650.0,0.0,
2015-05-13 00:00:00+00:00,28.239999771118164,30.38999938964844,28.18000030517578,20.772130966186523,727239.0,0.0,
2015-05-14 00:00:00+00:00,31.950000762939453,34.83000183105469,31.170000076293945,24.08121490478516,1933390.0,0.0,
2015-05-15 00:00:00+00:00,34.400001525878906,35.45000076293945,33.974998474121094,24.095117568969727,1011803.0,0.0,
2015-05-18 00:00:00+00:00,34.529998779296875,35.150001525878906,34.070098876953125,24.2550106048584,951415.0,0.0,
2015-05-19 00:00:00+00:00,34.97999954223633,35.060001373291016,32.189998626708984,23.274803161621094,836699.0,0.0,
2015-05-20 00:00:00+00:00,33.83000183105469,33.84000015258789,31.780000686645508,22.398866653442383,729033.0,0.0,
2015-05-21 00:00:00+00:00,31.96999931335449,32.5,31.71999931335449,22.62306785583496,341733.0,0.25,
2015-05-22 00:00:00+00:00,32.380001068115234,32.429901123046875,31.81010055541992,22.39186286926269,254818.0,0.0,
2015-05-26 00:00:00+00:00,31.520000457763672,31.79560089111328,29.770000457763672,21.200801849365234,543661.0,0.0,
2015-05-27 00:00:00+00:00,30.31999969482422,30.809999465942383,29.959999084472656,21.39698028564453,427704.0,0.0,
2015-05-28 00:00:00+00:00,30.600000381469727,30.600000381469727,29.0,20.633302688598636,570691.0,0.0,
2015-05-29 00:00:00+00:00,29.18000030517578,30.895000457763672,29.18000030517578,21.17277717590332,406871.0,0.0,
2015-06-01 00:00:00+00:00,29.86400032043457,30.58819961547852,29.549999237060547,21.067686080932617,288112.0,0.0,
2015-06-02 00:00:00+00:00,30.3799991607666,31.07999992370605,30.076499938964844,21.71926498413086,202228.0,0.0,
2015-06-03 00:00:00+00:00,31.315000534057617,31.450000762939453,29.61000061035156,21.088703155517575,386112.0,0.0,
2015-06-04 00:00:00+00:00,29.670000076293945,29.95989990234375,28.0,19.806570053100582,785540.0,0.0,
2015-06-05 00:00:00+00:00,28.01300048828125,28.850000381469727,27.5,19.897647857666016,263967.0,0.0,
2015-06-08 00:00:00+00:00,28.57999992370605,30.729999542236328,28.549999237060547,20.458147048950195,506320.0,0.0,
2015-06-09 00:00:00+00:00,29.84000015258789,29.84000015258789,28.600000381469727,20.17789459228516,157628.0,0.0,
2015-06-10 00:00:00+00:00,28.559999465942383,29.65999984741211,27.82690048217773,19.59638023376465,488473.0,0.0,
2015-06-11 00:00:00+00:00,27.989999771118164,28.299999237060547,26.399999618530277,19.274097442626957,729600.0,0.0,
2015-06-12 00:00:00+00:00,27.46999931335449,28.0,27.18000030517578,19.084922790527344,193856.0,0.0,
2015-06-15 00:00:00+00:00,27.229999542236328,27.940000534057617,26.61000061035156,19.225048065185547,440596.0,0.0,
2015-06-16 00:00:00+00:00,27.459999084472656,27.93000030517578,27.059999465942383,19.20403480529785,497874.0,0.0,
2015-06-17 00:00:00+00:00,27.600000381469727,28.049999237060547,26.75,19.58236694335937,1104094.0,0.0,
2015-06-18 00:00:00+00:00,28.11000061035156,29.6200008392334,27.899999618530277,20.43012237548828,603463.0,0.0,
2015-06-19 00:00:00+00:00,29.489999771118164,29.6299991607666,28.729999542236328,20.31801986694336,375981.0,0.0,
2015-06-22 00:00:00+00:00,29.399999618530277,30.049999237060547,28.899999618530277,20.43012237548828,321169.0,0.0,
2015-06-23 00:00:00+00:00,28.989999771118164,30.0,28.989999771118164,20.766414642333984,254127.0,0.0,
2015-06-24 00:00:00+00:00,29.690000534057617,30.649999618530277,29.450000762939453,20.689355850219727,454092.0,0.0,
2015-06-25 00:00:00+00:00,29.530000686645508,29.959999084472656,29.1200008392334,20.72438240051269,323150.0,0.0,
2015-06-26 00:00:00+00:00,29.56999969482422,29.93549919128418,29.43000030517578,20.815460205078125,306004.0,0.0,
2015-06-29 00:00:00+00:00,29.5,29.540000915527344,27.43000030517578,19.274097442626957,461570.0,0.0,
2015-06-30 00:00:00+00:00,27.8799991607666,28.573999404907227,27.600000381469727,19.65243530273437,335986.0,0.0,
2015-07-01 00:00:00+00:00,28.614999771118164,29.049999237060547,27.540000915527344,19.35116577148437,234055.0,0.0,
2015-07-02 00:00:00+00:00,27.729999542236328,28.600000381469727,27.61000061035156,19.40721321105957,296862.0,0.0,
2015-07-06 00:00:00+00:00,27.309999465942383,27.729999542236328,26.479999542236328,19.323139190673828,406674.0,0.0,
2015-07-07 00:00:00+00:00,27.100000381469727,27.100000381469727,24.25,17.788776397705078,1093393.0,0.0,
2015-07-08 00:00:00+00:00,24.959999084472656,25.270000457763672,24.5,17.2282772064209,309431.0,0.0,
2015-07-09 00:00:00+00:00,25.290000915527344,26.709999084472656,25.165000915527344,18.048009872436523,383318.0,0.0,
2015-07-10 00:00:00+00:00,26.0,27.350000381469727,25.739999771118164,18.6295223236084,215876.0,0.0,
2015-07-13 00:00:00+00:00,26.65999984741211,27.149999618530277,26.18000030517578,18.69258117675781,457940.0,0.0,
2015-07-14 00:00:00+00:00,26.690000534057617,27.32999992370605,26.40999984741211,19.04989624023437,519750.0,0.0,
2015-07-15 00:00:00+00:00,27.149999618530277,27.459999084472656,26.950000762939453,18.90976905822754,126474.0,0.0,
2015-07-16 00:00:00+00:00,27.290000915527344,28.058000564575195,27.0,19.505298614501957,226759.0,0.0,
2015-07-17 00:00:00+00:00,27.93000030517578,28.75,27.93000030517578,19.876632690429688,294656.0,0.0,
2015-07-20 00:00:00+00:00,28.280000686645508,28.899999618530277,27.59000015258789,20.18490600585937,304877.0,0.0,
2015-07-21 00:00:00+00:00,28.84000015258789,29.739999771118164,28.75,20.766414642333984,256777.0,0.0,
2015-07-22 00:00:00+00:00,29.40999984741211,29.65999984741211,28.38999938964844,19.995738983154297,337603.0,0.0,
2015-07-23 00:00:00+00:00,28.5,28.920000076293945,27.440000534057617,19.57536125183105,242416.0,0.0,
2015-07-24 00:00:00+00:00,28.030000686645508,28.479999542236328,27.530000686645508,19.54033088684082,405391.0,0.0,
2015-07-27 00:00:00+00:00,27.549999237060547,29.149999618530277,26.809999465942383,20.35305404663086,543658.0,0.0,
2015-07-28 00:00:00+00:00,29.25,29.489999771118164,27.65999984741211,19.687461853027344,263762.0,0.0,
2015-07-29 00:00:00+00:00,28.21999931335449,30.270000457763672,27.700000762939453,21.193798065185547,880836.0,0.0,
2015-07-30 00:00:00+00:00,30.0,30.700000762939453,29.09000015258789,21.354942321777344,502049.0,0.0,
2015-07-31 00:00:00+00:00,30.399999618530277,30.920000076293945,29.81999969482422,21.453031539916992,183677.0,0.0,
2015-08-03 00:00:00+00:00,30.57999992370605,30.57999992370605,28.76000022888184,20.57725143432617,720078.0,0.0,
2015-08-04 00:00:00+00:00,29.25,29.25,28.0,20.31801986694336,421841.0,0.0,
2015-08-05 00:00:00+00:00,29.0,29.399999618530277,28.3700008392334,20.29700469970703,429518.0,0.0,
2015-08-06 00:00:00+00:00,28.8700008392334,29.479999542236328,26.950000762939453,20.191909790039062,642891.0,0.0,
2015-08-07 00:00:00+00:00,29.350000381469727,29.350000381469727,28.040000915527344,20.15688133239746,259266.0,0.0,
2015-08-10 00:00:00+00:00,28.51000022888184,29.68000030517578,28.420000076293945,20.381080627441406,354491.0,0.0,
2015-08-11 00:00:00+00:00,28.420000076293945,29.690000534057617,27.56999969482422,19.477272033691406,450709.0,0.0,
2015-08-12 00:00:00+00:00,28.040000915527344,28.559999465942383,26.75,19.288108825683597,334242.0,0.0,
2015-08-13 00:00:00+00:00,27.0,27.959999084472656,26.5,19.07091522216797,437382.0,0.0,
2015-08-14 00:00:00+00:00,27.229999542236328,29.34000015258789,26.71999931335449,19.855609893798828,516142.0,0.0,
2015-08-17 00:00:00+00:00,28.049999237060547,28.63999938964844,27.649999618530277,20.016756057739254,236550.0,0.0,
2015-08-18 00:00:00+00:00,28.850000381469727,28.899999618530277,27.239999771118164,19.36518096923828,252214.0,0.0,
2015-08-19 00:00:00+00:00,27.600000381469727,27.899999618530277,25.8700008392334,18.251190185546875,355204.0,0.0,
2015-08-20 00:00:00+00:00,25.809999465942383,25.920000076293945,24.540000915527344,17.417448043823242,417090.0,0.0,
2015-08-21 00:00:00+00:00,24.51000022888184,24.69499969482422,23.56999969482422,16.5696964263916,448855.0,0.0,
2015-08-24 00:00:00+00:00,21.32999992370605,23.57999992370605,21.0,15.883086204528809,377788.0,0.0,
2015-08-25 00:00:00+00:00,23.549999237060547,24.8700008392334,23.049999237060547,16.716827392578125,394547.0,0.0,
2015-08-26 00:00:00+00:00,24.11000061035156,24.290000915527344,22.90999984741211,16.75185775756836,256423.0,0.0,
2015-08-27 00:00:00+00:00,24.209999084472656,25.690000534057617,24.209999084472656,17.99896812438965,302064.0,0.0,
2015-08-28 00:00:00+00:00,25.350000381469727,26.600000381469727,25.020000457763672,18.35628318786621,457065.0,0.0,
2015-08-31 00:00:00+00:00,26.100000381469727,26.600000381469727,24.96999931335449,18.32124710083008,443163.0,0.0,
2015-09-01 00:00:00+00:00,23.82999992370605,25.81999969482422,22.280000686645508,15.616850852966309,1026593.0,0.0,
2015-09-02 00:00:00+00:00,22.51000022888184,23.770000457763672,19.31999969482422,14.839163780212402,1392579.0,0.0,
2015-09-03 00:00:00+00:00,20.399999618530277,21.690000534057617,20.399999618530277,14.635980606079102,337374.0,0.0,
2015-09-04 00:00:00+00:00,20.56999969482422,22.1200008392334,20.56999969482422,15.021321296691896,868564.0,0.0,
2015-09-08 00:00:00+00:00,21.6299991607666,22.100000381469727,20.700000762939453,14.776108741760254,342633.0,0.0,
2015-09-09 00:00:00+00:00,21.09000015258789,21.68000030517578,19.270000457763672,13.92134952545166,965645.0,0.0,
2015-09-10 00:00:00+00:00,19.75,19.959999084472656,19.040000915527344,13.381871223449709,352900.0,0.0,
2015-09-11 00:00:00+00:00,19.09000015258789,19.530000686645508,18.54010009765625,13.17168140411377,352193.0,0.0,
2015-09-14 00:00:00+00:00,18.600000381469727,19.299999237060547,18.600000381469727,13.269769668579102,197731.0,0.0,
2015-09-15 00:00:00+00:00,19.149999618530277,19.774999618530277,18.959999084472656,13.795235633850098,285416.0,0.0,
2015-09-16 00:00:00+00:00,20.1299991607666,20.76000022888184,20.1299991607666,14.495857238769531,315139.0,0.0,
2015-09-17 00:00:00+00:00,20.489999771118164,20.71999931335449,19.96999931335449,14.145550727844238,303286.0,0.0,
2015-09-18 00:00:00+00:00,20.01000022888184,20.530000686645508,18.780000686645508,13.164674758911133,430862.0,0.0,
2015-09-21 00:00:00+00:00,19.030000686645508,19.21999931335449,17.469999313354492,12.23985767364502,884126.0,0.0,
2015-09-22 00:00:00+00:00,17.290000915527344,17.329999923706055,16.1299991607666,11.315035820007324,617127.0,0.0,
2015-09-23 00:00:00+00:00,16.399999618530273,16.399999618530273,15.300000190734863,10.74753475189209,707908.0,0.0,
2015-09-24 00:00:00+00:00,15.239999771118164,15.5600004196167,15.140000343322754,10.663458824157717,331594.0,0.0,
2015-09-25 00:00:00+00:00,15.510000228881836,16.280000686645508,15.140000343322754,10.663458824157717,522198.0,0.0,
2015-09-28 00:00:00+00:00,15.050000190734863,15.579999923706056,14.850000381469728,10.55836582183838,329943.0,0.0,
2015-09-29 00:00:00+00:00,15.239999771118164,15.880000114440918,15.109999656677246,10.908677101135254,371767.0,0.0,
2015-09-30 00:00:00+00:00,15.859999656677246,16.309999465942383,15.6899995803833,11.294018745422363,507013.0,0.0,
2015-10-01 00:00:00+00:00,16.110000610351562,16.270000457763672,15.050000190734863,10.866639137268066,566618.0,0.0,
2015-10-02 00:00:00+00:00,15.729999542236328,16.469999313354492,15.210000038146973,11.53222942352295,457729.0,0.0,
2015-10-05 00:00:00+00:00,16.739999771118164,17.958999633789062,16.610000610351562,12.51309871673584,530758.0,0.0,
2015-10-06 00:00:00+00:00,17.860000610351562,18.729999542236328,17.690000534057617,12.9334716796875,435191.0,0.0,
2015-10-07 00:00:00+00:00,18.71999931335449,19.799999237060547,18.299999237060547,13.122638702392578,471929.0,0.0,
2015-10-08 00:00:00+00:00,18.65999984741211,19.63999938964844,18.51000022888184,13.557024955749512,237613.0,0.0,
2015-10-09 00:00:00+00:00,19.290000915527344,19.649999618530277,18.309999465942383,12.98251247406006,252820.0,0.0,
2015-10-12 00:00:00+00:00,18.6299991607666,18.799999237060547,18.15999984741211,13.07359504699707,199803.0,0.0,
2015-10-13 00:00:00+00:00,18.479999542236328,18.940000534057617,18.229999542236328,13.108624458312988,239045.0,0.0,
2015-10-14 00:00:00+00:00,18.76000022888184,19.559999465942383,18.520000457763672,13.67613124847412,363206.0,0.0,
2015-10-15 00:00:00+00:00,19.649999618530277,20.200000762939453,19.399999618530277,13.977398872375488,293062.0,0.0,
2015-10-16 00:00:00+00:00,19.979999542236328,20.07999992370605,19.540000915527344,13.90032958984375,147057.0,0.0,
2015-10-19 00:00:00+00:00,19.6299991607666,20.290000915527344,19.479999542236328,13.879308700561523,196080.0,0.0,
2015-10-20 00:00:00+00:00,19.84000015258789,20.5,19.559999465942383,13.970391273498535,214871.0,0.0,
2015-10-21 00:00:00+00:00,19.8700008392334,20.36000061035156,18.399999618530277,12.926467895507812,345829.0,0.0,
2015-10-22 00:00:00+00:00,18.729999542236328,19.09000015258789,18.309999465942383,13.094614028930664,68448.0,0.0,
2015-10-23 00:00:00+00:00,19.09000015258789,19.40999984741211,18.670000076293945,13.52899932861328,137347.0,0.0,
2015-10-26 00:00:00+00:00,19.350000381469727,19.649999618530277,18.34000015258789,13.080602645874023,621062.0,0.0,
2015-10-27 00:00:00+00:00,18.6200008392334,18.709999084472656,17.889999389648438,12.695262908935549,246753.0,0.0,
2015-10-28 00:00:00+00:00,18.1299991607666,19.21999931335449,18.100000381469727,13.374865531921388,410920.0,0.0,
2015-10-29 00:00:00+00:00,17.770000457763672,17.969999313354492,16.260000228881836,11.98763370513916,572260.0,0.0,
2015-10-30 00:00:00+00:00,17.360000610351562,17.719999313354492,16.75,12.057693481445312,574864.0,0.0,
2015-11-02 00:00:00+00:00,17.299999237060547,17.979999542236328,17.209999084472656,12.246862411499023,457680.0,0.0,
2015-11-03 00:00:00+00:00,17.600000381469727,17.710399627685547,17.3700008392334,12.288902282714844,240992.0,0.0,
2015-11-04 00:00:00+00:00,17.510000228881836,17.639999389648438,16.7450008392334,11.80547046661377,452395.0,0.0,
2015-11-05 00:00:00+00:00,16.829999923706055,17.18000030517578,16.43000030517578,11.7354097366333,460269.0,0.0,
2015-11-06 00:00:00+00:00,16.479999542236328,16.940000534057617,16.200000762939453,11.546238899230955,370968.0,0.0,
2015-11-09 00:00:00+00:00,16.479999542236328,16.649999618530273,15.81999969482422,11.202937126159668,519274.0,0.0,
2015-11-10 00:00:00+00:00,16.56999969482422,18.100000381469727,16.459999084472656,12.611187934875488,673634.0,0.0,
2015-11-11 00:00:00+00:00,18.450000762939453,18.84000015258789,17.399999618530273,13.07359504699707,888265.0,0.0,
2015-11-12 00:00:00+00:00,18.43000030517578,18.530000686645508,17.399999618530273,12.197816848754885,365101.0,0.0,
2015-11-13 00:00:00+00:00,17.5,17.649999618530273,16.950000762939453,12.0366792678833,263675.0,0.0,
2015-11-16 00:00:00+00:00,17.31999969482422,18.40999984741211,17.31999969482422,12.898442268371582,223895.0,0.0,
2015-11-17 00:00:00+00:00,18.3799991607666,19.81999969482422,18.200000762939453,13.613075256347656,384802.0,0.0,
2015-11-18 00:00:00+00:00,19.59000015258789,20.0,18.8700008392334,13.48696231842041,296675.0,0.0,
2015-11-19 00:00:00+00:00,19.31999969482422,19.68000030517578,19.09000015258789,13.718167304992676,220902.0,0.0,
2015-11-20 00:00:00+00:00,19.51000022888184,20.049999237060547,19.200000762939453,13.998417854309082,284035.0,0.0,
2015-11-23 00:00:00+00:00,19.780000686645508,20.38999938964844,19.3799991607666,14.033447265625,324757.0,0.0,
2015-11-24 00:00:00+00:00,19.34000015258789,19.6299991607666,18.700000762939453,13.739188194274902,383122.0,0.0,
2015-11-25 00:00:00+00:00,19.51000022888184,19.82999992370605,19.15999984741211,13.47995662689209,177475.0,0.0,
2015-11-27 00:00:00+00:00,19.040000915527344,19.15019989013672,18.459999084472656,13.108624458312988,94425.0,0.0,
2015-11-30 00:00:00+00:00,18.84000015258789,19.540000915527344,18.7450008392334,13.374865531921388,234510.0,0.0,
2015-12-01 00:00:00+00:00,19.07999992370605,19.145000457763672,18.88999938964844,13.255757331848145,230213.0,0.0,
2015-12-02 00:00:00+00:00,18.8799991607666,20.149999618530277,18.8799991607666,13.58504867553711,276390.0,0.0,
2015-12-03 00:00:00+00:00,19.200000762939453,19.65999984741211,18.670000076293945,13.620080947875977,273094.0,0.0,
2015-12-04 00:00:00+00:00,19.299999237060547,19.395000457763672,18.38559913635254,13.227731704711914,225379.0,0.0,
2015-12-07 00:00:00+00:00,18.57999992370605,18.790000915527344,17.780000686645508,12.555135726928713,438087.0,0.0,
2015-12-08 00:00:00+00:00,17.559999465942383,18.6200008392334,17.149999618530273,12.506093978881836,282777.0,0.0,
2015-12-09 00:00:00+00:00,17.940000534057617,18.57999992370605,17.639999389648438,12.562142372131348,330078.0,0.0,
2015-12-10 00:00:00+00:00,17.959999084472656,18.950000762939453,17.850000381469727,12.84239101409912,154706.0,0.0,
2015-12-11 00:00:00+00:00,18.09000015258789,18.13689994812012,17.520000457763672,12.337944984436035,197298.0,0.0,
2015-12-14 00:00:00+00:00,17.579999923706055,17.579999923706055,16.600000381469727,12.148777961730955,345528.0,0.0,
2015-12-15 00:00:00+00:00,17.59000015258789,18.209999084472656,17.3700008392334,12.604180335998535,303035.0,0.0,
2015-12-16 00:00:00+00:00,17.940000534057617,18.36000061035156,17.683500289916992,12.723284721374512,329867.0,0.0,
2015-12-17 00:00:00+00:00,18.26000022888184,19.31999969482422,18.190000534057617,12.82837963104248,359246.0,0.0,
2015-12-18 00:00:00+00:00,18.200000762939453,18.269899368286133,17.100000381469727,12.10673999786377,343313.0,0.0,
2015-12-21 00:00:00+00:00,17.399999618530273,17.959999084472656,17.395000457763672,12.464055061340332,150886.0,0.0,
2015-12-22 00:00:00+00:00,17.790000915527344,18.739999771118164,17.209999084472656,12.821371078491213,225557.0,0.0,
2015-12-23 00:00:00+00:00,18.489999771118164,18.649999618530277,17.75,12.80035400390625,376334.0,0.0,
2015-12-24 00:00:00+00:00,18.200000762939453,18.489999771118164,18.1299991607666,12.870418548583984,61717.0,0.0,
2015-12-28 00:00:00+00:00,17.81999969482422,18.049999237060547,17.399999618530273,12.555135726928713,146925.0,0.0,
2015-12-29 00:00:00+00:00,18.020000457763672,18.309999465942383,17.739999771118164,12.66723346710205,166747.0,0.0,
2015-12-30 00:00:00+00:00,17.899999618530273,18.57999992370605,17.350000381469727,12.281892776489258,243451.0,0.0,
2015-12-31 00:00:00+00:00,17.530000686645508,18.190000534057617,17.510000228881836,12.576152801513672,111976.0,0.0,
2016-01-04 00:00:00+00:00,17.559999465942383,17.6200008392334,17.149999618530273,12.309916496276855,278455.0,0.0,
2016-01-05 00:00:00+00:00,17.56999969482422,17.850000381469727,17.459999084472656,12.45004177093506,167704.0,0.0,
2016-01-06 00:00:00+00:00,17.31999969482422,17.690000534057617,17.31999969482422,12.295906066894531,75927.0,0.0,
2016-01-07 00:00:00+00:00,17.25,17.56999969482422,16.920000076293945,11.875534057617188,162873.0,0.0,
2016-01-08 00:00:00+00:00,17.139999389648438,17.350000381469727,16.239999771118164,11.406115531921388,119213.0,0.0,
2016-01-11 00:00:00+00:00,16.40999984741211,16.639999389648438,15.899999618530272,11.18191909790039,214907.0,0.0,
2016-01-12 00:00:00+00:00,16.260000228881836,16.420000076293945,15.880000114440918,11.223955154418944,209123.0,0.0,
2016-01-13 00:00:00+00:00,16.299999237060547,16.81999969482422,16.18000030517578,11.4691743850708,235286.0,0.0,
2016-01-14 00:00:00+00:00,16.469999313354492,17.15999984741211,16.149999618530273,11.99463939666748,134164.0,0.0,
2016-01-15 00:00:00+00:00,16.549999237060547,16.549999237060547,14.800000190734863,10.845620155334473,492112.0,0.0,
2016-01-19 00:00:00+00:00,15.920000076293944,16.25,14.609999656677246,10.292128562927246,336230.0,0.0,
2016-01-20 00:00:00+00:00,14.399999618530272,14.800000190734863,13.329999923706056,9.787680625915527,303609.0,0.0,
2016-01-21 00:00:00+00:00,13.949999809265137,14.130000114440918,13.56999969482422,9.61953067779541,440515.0,0.0,
2016-01-22 00:00:00+00:00,14.229999542236328,14.420000076293944,13.850000381469728,9.843730926513672,448099.0,0.0,
2016-01-25 00:00:00+00:00,14.18000030517578,14.18000030517578,13.0600004196167,9.157121658325195,141490.0,0.0,
2016-01-26 00:00:00+00:00,13.43000030517578,13.43000030517578,12.6899995803833,9.18514633178711,676840.0,0.0,
2016-01-27 00:00:00+00:00,13.0,13.255000114440918,12.6899995803833,8.925919532775879,286466.0,0.0,
2016-01-28 00:00:00+00:00,12.920000076293944,13.1899995803833,12.800000190734863,9.045023918151855,225551.0,0.0,
2016-01-29 00:00:00+00:00,13.0,13.260000228881836,12.81999969482422,9.045023918151855,506409.0,0.0,
2016-02-01 00:00:00+00:00,12.93000030517578,12.979999542236328,12.539999961853027,9.038016319274902,253366.0,0.0,
2016-02-02 00:00:00+00:00,12.630000114440918,13.0,12.170000076293944,9.024004936218262,685361.0,0.0,
2016-02-03 00:00:00+00:00,12.329999923706056,13.989999771118164,12.210000038146973,9.794687271118164,485991.0,0.0,
2016-02-04 00:00:00+00:00,14.850000381469728,14.850000381469728,13.550000190734863,9.62653923034668,403762.0,0.0,
2016-02-05 00:00:00+00:00,13.59000015258789,13.75,12.9399995803833,9.33227825164795,186437.0,0.0,
2016-02-08 00:00:00+00:00,13.0600004196167,13.130000114440918,12.800000190734863,9.052027702331545,149153.0,0.0,
2016-02-09 00:00:00+00:00,12.899999618530272,12.949999809265137,12.1899995803833,8.708724021911621,117066.0,0.0,
2016-02-10 00:00:00+00:00,12.510000228881836,12.829999923706056,12.149999618530272,8.722738265991211,155018.0,0.0,
2016-02-11 00:00:00+00:00,12.06999969482422,12.5600004196167,12.01010036468506,8.617643356323242,70369.0,0.0,
2016-02-12 00:00:00+00:00,12.699999809265137,12.699999809265137,11.699999809265137,8.40745735168457,275392.0,0.0,
2016-02-16 00:00:00+00:00,12.600000381469728,12.600000381469728,12.010000228881836,8.666686058044434,353233.0,0.0,
2016-02-17 00:00:00+00:00,12.75,12.75,12.380000114440918,8.757769584655762,253123.0,0.0,
2016-02-18 00:00:00+00:00,12.510000228881836,12.579999923706056,11.710000038146973,8.23930835723877,342380.0,0.0,
2016-02-19 00:00:00+00:00,11.770000457763672,11.890000343322754,11.609999656677246,8.183258056640625,210041.0,0.0,
2016-02-22 00:00:00+00:00,11.699999809265137,12.029999732971191,11.609999656677246,8.1692476272583,452341.0,0.0,
2016-02-23 00:00:00+00:00,11.649999618530272,11.774999618530272,11.420000076293944,8.015107154846191,222392.0,0.0,
2016-02-24 00:00:00+00:00,11.289999961853027,11.289999961853027,11.029999732971191,7.748874664306641,440661.0,0.0,
2016-02-25 00:00:00+00:00,11.079999923706056,11.114999771118164,10.859999656677246,7.713840484619141,355402.0,0.0,
2016-02-26 00:00:00+00:00,11.1899995803833,11.279999732971191,10.5,7.461617946624756,524140.0,0.0,
2016-02-29 00:00:00+00:00,10.8100004196167,11.539999961853027,10.800000190734863,7.790910243988037,802086.0,0.0,
2016-03-01 00:00:00+00:00,11.359999656677246,11.779999732971191,11.260000228881836,8.036128044128418,407143.0,0.0,
2016-03-02 00:00:00+00:00,11.399999618530272,11.5,11.0,7.797916412353516,348102.0,0.0,
2016-03-03 00:00:00+00:00,11.109999656677246,11.489999771118164,11.100000381469728,7.945047378540039,435001.0,0.0,
2016-03-04 00:00:00+00:00,11.449999809265137,12.079999923706056,11.4399995803833,8.288352966308594,615011.0,0.0,
2016-03-07 00:00:00+00:00,11.84000015258789,12.109999656677246,11.790900230407717,8.42147159576416,351930.0,0.0,
2016-03-08 00:00:00+00:00,12.0,12.0,11.229999542236328,7.867979049682617,264035.0,0.0,
2016-03-09 00:00:00+00:00,11.369999885559082,11.869999885559082,11.369999885559082,8.24631404876709,645937.0,0.0,
2016-03-10 00:00:00+00:00,11.81999969482422,11.899999618530272,11.3100004196167,8.050140380859375,606002.0,0.0,
2016-03-11 00:00:00+00:00,11.739999771118164,12.199999809265137,11.670000076293944,8.39344596862793,528027.0,0.0,
2016-03-14 00:00:00+00:00,12.0,12.900099754333496,11.899999618530272,8.81381893157959,666563.0,0.0,
2016-03-15 00:00:00+00:00,13.130000114440918,13.1899995803833,11.31999969482422,8.064152717590332,554564.0,0.0,
2016-03-16 00:00:00+00:00,11.630000114440918,13.800000190734863,11.609999656677246,9.507433891296388,1013771.0,0.0,
2016-03-17 00:00:00+00:00,13.399999618530272,13.9399995803833,12.81999969482422,9.472402572631836,657861.0,0.0,
2016-03-18 00:00:00+00:00,13.699999809265137,14.079999923706056,13.550000190734863,9.822712898254396,424601.0,0.0,
2016-03-21 00:00:00+00:00,13.880000114440918,14.760000228881836,13.779999732971191,10.130985260009766,458073.0,0.0,
2016-03-22 00:00:00+00:00,14.289999961853027,14.949999809265137,14.210000038146973,10.34817886352539,442041.0,0.0,
2016-03-23 00:00:00+00:00,14.670000076293944,14.770000457763672,14.210000038146973,9.983854293823242,405360.0,0.0,
2016-03-24 00:00:00+00:00,13.6899995803833,14.260000228881836,13.350000381469728,10.310598373413086,301774.0,0.5,
2016-03-28 00:00:00+00:00,14.34000015258789,14.40999984741211,13.829999923706056,10.12907600402832,134774.0,0.0,
2016-03-29 00:00:00+00:00,13.829999923706056,14.010000228881836,13.600000381469728,9.991117477416992,334465.0,0.0,
2016-03-30 00:00:00+00:00,13.770000457763672,14.140000343322754,13.5600004196167,10.237991333007812,553807.0,0.0,
2016-03-31 00:00:00+00:00,14.130000114440918,14.489999771118164,14.09000015258789,10.521167755126951,255232.0,0.0,
2016-04-01 00:00:00+00:00,14.239999771118164,14.350000381469728,13.760000228881836,10.114553451538086,277498.0,0.0,
2016-04-04 00:00:00+00:00,13.9399995803833,14.050000190734863,13.739999771118164,10.03468132019043,122148.0,0.0,
2016-04-05 00:00:00+00:00,13.779999732971191,13.779999732971191,13.460000038146973,9.860417366027832,175035.0,0.0,
2016-04-06 00:00:00+00:00,13.65999984741211,14.010000228881836,13.65999984741211,10.13633632659912,179747.0,0.0,
2016-04-07 00:00:00+00:00,13.8100004196167,14.010000228881836,13.760000228881836,10.063725471496582,192908.0,0.0,
2016-04-08 00:00:00+00:00,14.0,14.0,13.741399765014648,10.143596649169922,198607.0,0.0,
2016-04-11 00:00:00+00:00,14.130000114440918,14.739999771118164,14.09000015258789,10.62282371520996,225903.0,0.0,
2016-04-12 00:00:00+00:00,14.65999984741211,15.899999618530272,14.609999656677246,11.428791046142578,478131.0,0.0,
2016-04-13 00:00:00+00:00,15.800000190734863,16.420000076293945,15.739999771118164,11.81362533569336,292261.0,0.0,
2016-04-14 00:00:00+00:00,16.239999771118164,16.649999618530273,15.9399995803833,11.908016204833984,420795.0,0.0,
2016-04-15 00:00:00+00:00,16.190000534057617,16.280000686645508,15.720000267028809,11.61031723022461,231916.0,0.0,
2016-04-18 00:00:00+00:00,15.739999771118164,16.09000015258789,15.449999809265137,11.479620933532717,165520.0,0.0,
2016-04-19 00:00:00+00:00,16.079999923706055,16.170000076293945,15.5,11.269050598144531,242942.0,0.0,
2016-04-20 00:00:00+00:00,15.520000457763672,16.0,15.420000076293944,11.515925407409668,182369.0,0.0,
2016-04-21 00:00:00+00:00,15.850000381469728,15.979999542236328,15.234999656677246,11.181918144226074,243010.0,0.0,
2016-04-22 00:00:00+00:00,15.479999542236328,16.010000228881836,15.470800399780272,11.486878395080566,193394.0,0.0,
2016-04-25 00:00:00+00:00,15.720000267028809,15.949999809265137,15.3100004196167,11.174657821655272,221480.0,0.0,
2016-04-26 00:00:00+00:00,15.399999618530272,15.399999618530272,14.350000381469728,10.557472229003906,493864.0,0.0,
2016-04-27 00:00:00+00:00,14.300000190734863,14.350000381469728,12.0600004196167,9.054450035095217,2174587.0,0.0,
2016-04-28 00:00:00+00:00,12.68000030517578,12.803999900817873,11.970000267028809,8.691401481628418,867691.0,0.0,
2016-04-29 00:00:00+00:00,12.130000114440918,12.550000190734863,12.079999923706056,8.880184173583984,649245.0,0.0,
2016-05-02 00:00:00+00:00,12.31999969482422,12.350000381469728,11.060099601745604,8.386439323425293,971142.0,0.0,
2016-05-03 00:00:00+00:00,11.420000076293944,11.59000015258789,10.899999618530272,7.994344711303711,1119936.0,0.0,
2016-05-04 00:00:00+00:00,11.220000267028809,11.350000381469728,10.800000190734863,7.878170967102051,761677.0,0.0,
2016-05-05 00:00:00+00:00,11.079999923706056,11.169599533081056,10.630000114440918,7.834603309631348,579356.0,0.0,
2016-05-06 00:00:00+00:00,10.800000190734863,11.050000190734863,10.74820041656494,7.8418660163879395,475135.0,0.0,
2016-05-09 00:00:00+00:00,10.800000190734863,10.890000343322754,10.579999923706056,7.791038513183594,543109.0,0.0,
2016-05-10 00:00:00+00:00,10.800000190734863,10.880000114440918,10.420000076293944,7.791038513183594,644534.0,0.0,
2016-05-11 00:00:00+00:00,10.789999961853027,11.199999809265137,10.789999961853027,7.943517684936523,561790.0,0.0,
2016-05-12 00:00:00+00:00,11.0600004196167,11.260000228881836,10.989999771118164,8.030649185180664,308690.0,0.0,
2016-05-13 00:00:00+00:00,11.029999732971191,11.239999771118164,11.0,8.052433967590332,168814.0,0.0,
2016-05-16 00:00:00+00:00,11.229999542236328,11.289600372314451,10.852999687194824,7.9217352867126465,262468.0,0.0,
2016-05-17 00:00:00+00:00,10.920000076293944,11.140000343322754,10.850000381469728,8.059694290161133,244204.0,0.0,
2016-05-18 00:00:00+00:00,11.329999923706056,12.140000343322754,11.130000114440918,8.400960922241211,741082.0,0.0,
2016-05-19 00:00:00+00:00,11.6899995803833,11.920000076293944,11.550000190734863,8.50261402130127,520233.0,0.0,
2016-05-20 00:00:00+00:00,11.65999984741211,12.449899673461914,11.65999984741211,8.967318534851074,737806.0,0.0,
2016-05-23 00:00:00+00:00,12.380000114440918,12.649999618530272,11.90999984741211,8.705921173095703,516010.0,0.0,
2016-05-24 00:00:00+00:00,11.869999885559082,11.929200172424316,11.600000381469728,8.765096664428711,398343.0,0.22,
2016-05-25 00:00:00+00:00,11.949999809265137,12.600000381469728,11.949999809265137,9.28286361694336,513615.0,0.0,
2016-05-26 00:00:00+00:00,12.619999885559082,12.779999732971191,12.380000114440918,9.452987670898438,289717.0,0.0,
2016-05-27 00:00:00+00:00,12.630000114440918,12.800000190734863,12.40999984741211,9.253278732299805,254178.0,0.0,
2016-05-31 00:00:00+00:00,12.539999961853027,12.710000038146973,12.31999969482422,9.120139122009276,152541.0,0.0,
2016-06-01 00:00:00+00:00,12.149999618530272,12.369999885559082,11.890000343322754,9.134932518005373,333123.0,0.0,
2016-06-02 00:00:00+00:00,12.279999732971191,12.600000381469728,12.029999732971191,9.171913146972656,499006.0,0.0,
2016-06-03 00:00:00+00:00,12.449999809265137,12.59000015258789,12.239999771118164,9.275467872619627,258295.0,0.0,
2016-06-06 00:00:00+00:00,12.609999656677246,13.289899826049805,12.609999656677246,9.778443336486816,415109.0,0.0,
2016-06-07 00:00:00+00:00,13.31999969482422,13.90999984741211,13.229999542236328,10.251832962036133,526572.0,0.0,
2016-06-08 00:00:00+00:00,13.989999771118164,14.270000457763672,13.78499984741211,10.274023056030272,358003.0,0.0,
2016-06-09 00:00:00+00:00,13.75,14.220000267028809,13.720000267028809,10.399767875671388,405904.0,0.0,
2016-06-10 00:00:00+00:00,14.0,14.550000190734863,13.890000343322754,10.562494277954102,479941.0,0.0,
2016-06-13 00:00:00+00:00,14.270000457763672,14.270000457763672,13.640000343322754,10.20005702972412,276911.0,0.0,
2016-06-14 00:00:00+00:00,13.710000038146973,13.989999771118164,12.824999809265137,9.704476356506348,481690.0,0.0,
2016-06-15 00:00:00+00:00,13.279999732971191,13.9399995803833,13.210000038146973,10.04472541809082,311455.0,0.0,
2016-06-16 00:00:00+00:00,13.43000030517578,13.431500434875488,12.920299530029297,9.837618827819824,359437.0,0.0,
2016-06-17 00:00:00+00:00,13.43000030517578,13.81999969482422,13.265000343322754,9.90418815612793,221707.0,0.0,
2016-06-20 00:00:00+00:00,13.5,13.914999961853027,13.475000381469728,10.140881538391112,281878.0,0.0,
2016-06-21 00:00:00+00:00,13.670000076293944,13.859999656677246,13.270000457763672,10.074311256408691,483583.0,0.0,
2016-06-22 00:00:00+00:00,13.609999656677246,13.829999923706056,13.5600004196167,10.133485794067385,190298.0,0.0,
2016-06-23 00:00:00+00:00,13.920000076293944,14.0,13.579999923706056,10.303608894348145,172548.0,0.0,
2016-06-24 00:00:00+00:00,12.800000190734863,13.399999618530272,12.710000038146973,9.556543350219728,635680.0,0.0,
2016-06-27 00:00:00+00:00,12.729999542236328,12.800000190734863,12.0600004196167,9.060962677001951,373143.0,0.0,
2016-06-28 00:00:00+00:00,12.600000381469728,13.43000030517578,12.59000015258789,9.86720371246338,304890.0,0.0,
2016-06-29 00:00:00+00:00,13.5600004196167,13.859999656677246,13.239999771118164,10.089107513427734,215541.0,0.0,
2016-06-30 00:00:00+00:00,13.56999969482422,13.600000381469728,12.93000030517578,9.68968391418457,334137.0,0.0,
2016-07-01 00:00:00+00:00,13.0600004196167,13.289999961853027,12.899999618530272,9.682287216186523,202536.0,0.0,
2016-07-05 00:00:00+00:00,12.979999542236328,12.979999542236328,12.25,9.157119750976562,428173.0,0.0,
2016-07-06 00:00:00+00:00,12.81999969482422,13.0,12.329999923706056,9.475180625915527,565673.0,0.0,
2016-07-07 00:00:00+00:00,12.800000190734863,12.850000381469728,12.420000076293944,9.364227294921877,272917.0,0.0,
2016-07-08 00:00:00+00:00,13.0,13.0600004196167,12.720000267028809,9.52695655822754,413166.0,0.0,
2016-07-11 00:00:00+00:00,12.93000030517578,13.129199981689451,12.87339973449707,9.615715980529783,164684.0,0.0,
2016-07-12 00:00:00+00:00,13.140000343322754,13.307700157165527,12.9399995803833,9.57873249053955,188412.0,0.0,
2016-07-13 00:00:00+00:00,12.960000038146973,12.989999771118164,12.449999809265137,9.312454223632812,269406.0,0.0,
2016-07-14 00:00:00+00:00,12.800000190734863,12.9399995803833,12.220000267028809,9.053566932678224,489139.0,0.0,
2016-07-15 00:00:00+00:00,12.25,12.470000267028809,12.15999984741211,9.009187698364258,513117.0,0.0,
2016-07-18 00:00:00+00:00,11.90999984741211,12.380000114440918,11.899999618530272,9.023978233337402,619306.0,0.0,
2016-07-19 00:00:00+00:00,12.119999885559082,12.279999732971191,11.90999984741211,8.905633926391602,433401.0,0.0,
2016-07-20 00:00:00+00:00,12.010000228881836,12.1899995803833,11.936599731445312,8.950014114379883,242633.0,0.0,
2016-07-21 00:00:00+00:00,12.09000015258789,12.18000030517578,11.8100004196167,8.765096664428711,171802.0,0.0,
2016-07-22 00:00:00+00:00,11.859999656677246,12.260000228881836,11.789999961853027,8.853856086730957,210108.0,0.0,
2016-07-25 00:00:00+00:00,11.949999809265137,12.14150047302246,11.699999809265137,8.809475898742676,292563.0,0.0,
2016-07-26 00:00:00+00:00,11.859999656677246,12.009900093078612,11.720000267028809,8.691130638122559,272538.0,0.0,
2016-07-27 00:00:00+00:00,11.789999961853027,12.119999885559082,11.789999961853027,8.876046180725098,183983.0,0.0,
2016-07-28 00:00:00+00:00,11.93000030517578,11.979999542236328,11.710000038146973,8.698526382446289,102661.0,0.0,
2016-07-29 00:00:00+00:00,11.710000038146973,11.960000038146973,11.699999809265137,8.794682502746582,171489.0,0.0,
2016-08-01 00:00:00+00:00,11.899999618530272,12.088000297546388,11.760000228881836,8.735509872436523,131829.0,0.0,
2016-08-02 00:00:00+00:00,11.850000381469728,12.06999969482422,11.4399995803833,8.484020233154297,239577.0,0.0,
2016-08-03 00:00:00+00:00,11.489999771118164,11.920000076293944,11.40999984741211,8.661541938781738,349301.0,0.0,
2016-08-04 00:00:00+00:00,11.630000114440918,12.010000228881836,11.260000228881836,8.831665992736816,295612.0,0.0,
2016-08-05 00:00:00+00:00,12.029999732971191,12.314599990844728,12.0,9.016582489013672,248441.0,0.0,
2016-08-08 00:00:00+00:00,12.399999618530272,12.56999969482422,12.25,9.275467872619627,388114.0,0.0,
2016-08-09 00:00:00+00:00,12.539999961853027,12.65999984741211,12.3100004196167,9.112741470336914,135767.0,0.0,
2016-08-10 00:00:00+00:00,12.489999771118164,12.59000015258789,11.770000457763672,8.839064598083496,304659.0,0.0,
2016-08-11 00:00:00+00:00,12.029999732971191,12.579999923706056,11.600099563598633,8.742904663085938,900839.0,0.0,
2016-08-12 00:00:00+00:00,11.829999923706056,12.399999618530272,11.829999923706056,9.134932518005373,305978.0,0.0,
2016-08-15 00:00:00+00:00,12.359999656677246,12.869999885559082,12.359999656677246,9.489972114562988,359934.0,0.0,
2016-08-16 00:00:00+00:00,12.829999923706056,13.520000457763672,12.75,9.978155136108398,629181.0,0.0,
2016-08-17 00:00:00+00:00,13.449999809265137,13.704999923706056,13.229999542236328,10.074311256408691,421604.0,0.0,
2016-08-18 00:00:00+00:00,13.600000381469728,13.649999618530272,13.34000015258789,10.000346183776855,408008.0,0.0,
2016-08-19 00:00:00+00:00,13.380000114440918,13.630000114440918,13.270000457763672,10.052122116088867,271993.0,0.0,
2016-08-22 00:00:00+00:00,13.369999885559082,13.625,13.34000015258789,10.059518814086914,239530.0,0.0,
2016-08-23 00:00:00+00:00,13.649999618530272,14.109999656677246,13.649999618530272,10.392370223999023,391744.0,0.0,
2016-08-24 00:00:00+00:00,14.039999961853027,14.130000114440918,13.84000015258789,10.392370223999023,440404.0,0.0,
2016-08-25 00:00:00+00:00,13.779999732971191,14.125,13.779999732971191,10.595258712768556,337500.0,0.22,
2016-08-26 00:00:00+00:00,14.050000190734863,14.18000030517578,13.90999984741211,10.58774471282959,335526.0,0.0,
2016-08-29 00:00:00+00:00,14.09000015258789,14.479999542236328,13.9399995803833,10.873290061950684,243966.0,0.0,
2016-08-30 00:00:00+00:00,14.520000457763672,14.625,14.199999809265137,10.738032341003418,207972.0,0.0,
2016-08-31 00:00:00+00:00,14.199999809265137,14.529999732971191,14.199999809265137,10.910862922668455,381429.0,0.0,
2016-09-01 00:00:00+00:00,14.59000015258789,14.989999771118164,14.489999771118164,11.226465225219728,418071.0,0.0,
2016-09-02 00:00:00+00:00,15.039999961853027,15.420000076293944,15.039999961853027,11.43686866760254,259955.0,0.0,
2016-09-06 00:00:00+00:00,15.140000343322754,15.3100004196167,14.920000076293944,11.406811714172363,570173.0,0.0,
2016-09-07 00:00:00+00:00,15.149999618530272,15.43000030517578,14.81999969482422,11.587156295776367,868874.0,0.0,
2016-09-08 00:00:00+00:00,15.449999809265137,15.529999732971191,15.270000457763672,11.65478515625,227615.0,0.0,
2016-09-09 00:00:00+00:00,15.31999969482422,15.470000267028809,15.095000267028809,11.354209899902344,528934.0,0.0,
2016-09-12 00:00:00+00:00,14.8100004196167,15.06999969482422,14.5,11.249009132385254,475054.0,0.0,
2016-09-13 00:00:00+00:00,14.869999885559082,15.170000076293944,14.75,11.354209899902344,461140.0,0.0,
2016-09-14 00:00:00+00:00,15.029999732971191,15.229999542236328,14.800000190734863,11.38426685333252,366249.0,0.0,
2016-09-15 00:00:00+00:00,15.1899995803833,15.699999809265137,15.06999969482422,11.790043830871582,712158.0,0.0,
2016-09-16 00:00:00+00:00,15.56999969482422,15.68000030517578,15.360099792480469,11.624726295471191,585777.0,0.0,
2016-09-19 00:00:00+00:00,15.65999984741211,15.701000213623049,15.449999809265137,11.69235610961914,411553.0,0.0,
2016-09-20 00:00:00+00:00,15.539999961853027,15.599900245666504,15.0600004196167,11.57964038848877,424256.0,0.0,
2016-09-21 00:00:00+00:00,15.59000015258789,15.729999542236328,15.420000076293944,11.805070877075195,470660.0,0.0,
2016-09-22 00:00:00+00:00,15.880000114440918,16.170000076293945,15.8100004196167,11.955360412597656,564621.0,0.0,
2016-09-23 00:00:00+00:00,15.9399995803833,16.020000457763672,15.80500030517578,11.887730598449709,619716.0,0.0,
2016-09-26 00:00:00+00:00,15.859999656677246,15.93000030517578,15.649999618530272,11.77501392364502,686345.0,0.0,
2016-09-27 00:00:00+00:00,15.630000114440918,15.720000267028809,15.430100440979004,11.65478515625,98657.0,0.0,
2016-09-28 00:00:00+00:00,15.449999809265137,15.510000228881836,15.25,11.49698257446289,362792.0,0.0,
2016-09-29 00:00:00+00:00,15.350000381469728,15.350000381469728,14.599900245666504,11.03109359741211,533279.0,0.0,
2016-09-30 00:00:00+00:00,14.850000381469728,14.97920036315918,14.579999923706056,11.001032829284668,386289.0,0.0,
2016-10-03 00:00:00+00:00,14.630000114440918,15.0,14.600000381469728,11.136290550231934,356721.0,0.0,
2016-10-04 00:00:00+00:00,14.8100004196167,15.029999732971191,14.800000190734863,11.27155303955078,393097.0,0.0,
2016-10-05 00:00:00+00:00,15.029999732971191,15.039999961853027,14.850000381469728,11.203922271728516,233083.0,0.0,
2016-10-06 00:00:00+00:00,14.90999984741211,14.989999771118164,14.229999542236328,10.78311824798584,263220.0,0.0,
2016-10-07 00:00:00+00:00,14.350000381469728,14.399999618530272,13.770000457763672,10.362313270568848,214517.0,0.0,
2016-10-10 00:00:00+00:00,14.039999961853027,14.149999618530272,13.8100004196167,10.58774471282959,298630.0,0.0,
2016-10-11 00:00:00+00:00,14.010000228881836,14.210000038146973,13.90999984741211,10.677916526794434,140734.0,0.0,
2016-10-12 00:00:00+00:00,14.1899995803833,14.609999656677246,14.109999656677246,10.94092082977295,298383.0,0.0,
2016-10-13 00:00:00+00:00,14.520000457763672,14.850000381469728,14.380000114440918,11.076177597045898,261758.0,0.0,
2016-10-14 00:00:00+00:00,14.800000190734863,15.015000343322754,14.800000190734863,11.241493225097656,330932.0,0.0,
2016-10-17 00:00:00+00:00,14.93000030517578,14.9399995803833,14.470000267028809,10.88080596923828,171566.0,0.0,
2016-10-18 00:00:00+00:00,14.6899995803833,14.899999618530272,14.4399995803833,11.098721504211426,282879.0,0.0,
2016-10-19 00:00:00+00:00,14.699999809265137,14.8100004196167,14.182000160217283,10.753060340881348,1152424.0,0.0,
2016-10-20 00:00:00+00:00,14.270000457763672,14.31999969482422,13.550000190734863,10.257112503051758,371304.0,0.0,
2016-10-21 00:00:00+00:00,13.65999984741211,13.65999984741211,13.225000381469728,10.10682487487793,447229.0,0.0,
2016-10-24 00:00:00+00:00,13.510000228881836,13.760000228881836,13.460000038146973,10.32474136352539,496920.0,0.0,
2016-10-25 00:00:00+00:00,13.800000190734863,13.960000038146973,13.670000076293944,10.272139549255373,537645.0,0.0,
2016-10-26 00:00:00+00:00,13.670000076293944,13.720000267028809,13.130000114440918,9.903939247131348,273276.0,0.0,
2016-10-27 00:00:00+00:00,13.489999771118164,13.510000228881836,12.960000038146973,9.78370761871338,186644.0,0.0,
2016-10-28 00:00:00+00:00,13.039999961853027,13.149999618530272,12.859999656677246,9.836308479309082,437064.0,0.0,
2016-10-31 00:00:00+00:00,13.010000228881836,13.0600004196167,12.81999969482422,9.670991897583008,193587.0,0.0,
2016-11-01 00:00:00+00:00,13.020000457763672,13.050000190734863,12.774999618530272,9.61087703704834,260854.0,0.0,
2016-11-02 00:00:00+00:00,12.890000343322754,12.890000343322754,12.390000343322754,9.385446548461914,196027.0,0.0,
2016-11-03 00:00:00+00:00,12.520000457763672,12.614999771118164,12.479999542236328,9.430530548095703,349346.0,0.0,
2016-11-04 00:00:00+00:00,12.520000457763672,12.989999771118164,12.40999984741211,9.64844799041748,350964.0,0.0,
2016-11-07 00:00:00+00:00,13.100000381469728,13.130000114440918,12.5,9.61087703704834,295570.0,0.0,
2016-11-08 00:00:00+00:00,12.84000015258789,12.859999656677246,12.479999542236328,9.595849990844728,428628.0,0.0,
2016-11-09 00:00:00+00:00,12.880000114440918,13.3149995803833,12.600000381469728,9.761163711547852,895832.0,0.0,
2016-11-10 00:00:00+00:00,13.079999923706056,13.100000381469728,12.850000381469728,9.678505897521973,524577.0,0.0,
2016-11-11 00:00:00+00:00,12.850000381469728,12.920000076293944,12.489999771118164,9.505674362182615,398394.0,0.0,
2016-11-14 00:00:00+00:00,12.630000114440918,12.899999618530272,12.050000190734863,9.370418548583984,487817.0,0.0,
2016-11-15 00:00:00+00:00,12.68000030517578,13.010000228881836,12.5,9.701048851013184,640870.0,0.0,
2016-11-16 00:00:00+00:00,12.779999732971191,12.93000030517578,12.649999618530272,9.686019897460938,382087.0,0.0,
2016-11-17 00:00:00+00:00,12.84000015258789,13.329899787902832,12.84000015258789,9.79873752593994,461042.0,0.0,
2016-11-18 00:00:00+00:00,13.0600004196167,13.239999771118164,12.81999969482422,9.640933990478516,334199.0,0.0,
2016-11-21 00:00:00+00:00,13.010000228881836,13.545000076293944,12.954999923706056,9.97156810760498,1247388.0,0.0,
2016-11-22 00:00:00+00:00,13.449999809265137,14.0600004196167,13.329999923706056,10.2195405960083,1141611.0,0.0,
2016-11-23 00:00:00+00:00,13.600000381469728,13.8149995803833,13.390000343322754,10.272139549255373,558183.0,0.0,
2016-11-25 00:00:00+00:00,13.670000076293944,13.779999732971191,13.4399995803833,10.15942668914795,326184.0,0.0,
2016-11-28 00:00:00+00:00,13.470000267028809,13.779999732971191,13.399999618530272,10.18196964263916,1388072.0,0.0,
2016-11-29 00:00:00+00:00,13.520000457763672,13.789999961853027,13.510000228881836,10.22705364227295,588645.0,0.0,
2016-11-30 00:00:00+00:00,13.770000457763672,13.81999969482422,13.1899995803833,9.994108200073242,718835.0,0.0,
2016-12-01 00:00:00+00:00,13.34000015258789,13.364999771118164,12.20989990234375,9.604432106018066,814187.0,0.22,
2016-12-02 00:00:00+00:00,12.529999732971191,12.989999771118164,12.529999732971191,9.818371772766112,1189896.0,0.0,
2016-12-05 00:00:00+00:00,12.859999656677246,12.920000076293944,12.56999969482422,9.612071990966797,567279.0,0.0,
2016-12-06 00:00:00+00:00,12.6899995803833,12.699999809265137,12.289999961853027,9.459257125854492,925814.0,0.0,
2016-12-07 00:00:00+00:00,12.399999618530272,12.517499923706056,12.375,9.543305397033691,696098.0,0.0,
2016-12-08 00:00:00+00:00,12.550000190734863,12.670000076293944,12.470000267028809,9.665555953979492,663765.0,0.0,
2016-12-09 00:00:00+00:00,12.630000114440918,12.649999618530272,12.399999618530272,9.634992599487305,530365.0,0.0,
2016-12-12 00:00:00+00:00,12.65999984741211,12.859999656677246,12.56999969482422,9.741963386535645,623393.0,0.0,
2016-12-13 00:00:00+00:00,12.859999656677246,13.039999961853027,12.789299964904783,9.894780158996582,744933.0,0.0,
2016-12-14 00:00:00+00:00,12.850000381469728,12.899999618530272,12.710000038146973,9.772527694702148,356849.0,0.0,
2016-12-15 00:00:00+00:00,12.75,12.8100004196167,12.300000190734863,9.443974494934082,575953.0,0.0,
2016-12-16 00:00:00+00:00,12.390000343322754,12.609999656677246,12.350000381469728,9.612071990966797,444673.0,0.0,
2016-12-19 00:00:00+00:00,12.539999961853027,12.81999969482422,12.5,9.73432445526123,592919.0,0.0,
2016-12-20 00:00:00+00:00,12.729999542236328,12.800000190734863,12.649999618530272,9.703761100769045,424401.0,0.0,
2016-12-21 00:00:00+00:00,12.75,12.760000228881836,12.630000114440918,9.703761100769045,166861.0,0.0,
2016-12-22 00:00:00+00:00,12.699999809265137,12.835000038146973,12.649999618530272,9.741963386535645,700090.0,0.0,
2016-12-23 00:00:00+00:00,12.710000038146973,12.765000343322754,12.670000076293944,9.73432445526123,292226.0,0.0,
2016-12-27 00:00:00+00:00,12.720000267028809,12.800000190734863,12.640000343322754,9.757247924804688,520402.0,0.0,
2016-12-28 00:00:00+00:00,12.760000228881836,12.937299728393556,12.68000030517578,9.80309009552002,386607.0,0.0,
2016-12-29 00:00:00+00:00,12.84000015258789,12.920000076293944,12.760000228881836,9.810730934143066,485632.0,0.0,
2016-12-30 00:00:00+00:00,12.84000015258789,12.93000030517578,12.489999771118164,9.757247924804688,529437.0,0.0,
2017-01-03 00:00:00+00:00,12.869999885559082,13.239999771118164,12.829999923706056,9.841294288635254,479096.0,0.0,
2017-01-04 00:00:00+00:00,12.890000343322754,13.239999771118164,12.850000381469728,10.06287670135498,672446.0,0.0,
2017-01-05 00:00:00+00:00,13.06999969482422,13.170000076293944,12.800000190734863,9.986468315124512,383376.0,0.0,
2017-01-06 00:00:00+00:00,13.0600004196167,13.0600004196167,12.710000038146973,9.94062328338623,486934.0,0.0,
2017-01-09 00:00:00+00:00,12.9399995803833,13.0600004196167,12.6899995803833,9.757247924804688,623245.0,0.0,
2017-01-10 00:00:00+00:00,12.779999732971191,12.869999885559082,12.3100004196167,9.42105197906494,446838.0,0.0,
2017-01-11 00:00:00+00:00,12.369999885559082,12.420000076293944,12.109999656677246,9.314082145690918,246257.0,0.0,
2017-01-12 00:00:00+00:00,12.3100004196167,12.325400352478027,12.0600004196167,9.283516883850098,236390.0,0.0,
2017-01-13 00:00:00+00:00,12.25,12.25,12.100000381469728,9.344645500183104,266908.0,0.0,
2017-01-17 00:00:00+00:00,12.31999969482422,12.475000381469728,12.289999961853027,9.451614379882812,246667.0,0.0,
2017-01-18 00:00:00+00:00,12.34000015258789,12.359999656677246,11.800000190734863,9.069576263427734,1172099.0,0.0,
2017-01-19 00:00:00+00:00,11.869999885559082,12.0,11.600000381469728,9.016093254089355,564010.0,0.0,
2017-01-20 00:00:00+00:00,12.0,12.020000457763672,11.649999618530272,9.16890811920166,281632.0,0.0,
2017-01-23 00:00:00+00:00,11.949999809265137,12.010000228881836,11.760000228881836,9.145986557006836,284331.0,0.0,
2017-01-24 00:00:00+00:00,12.0,12.21399974822998,11.704999923706056,9.314082145690918,601885.0,0.0,
2017-01-25 00:00:00+00:00,12.239999771118164,12.839200019836426,12.170000076293944,9.772527694702148,715539.0,0.0,
2017-01-26 00:00:00+00:00,12.829999923706056,13.380000114440918,12.760000228881836,10.146924018859863,889382.0,0.0,
2017-01-27 00:00:00+00:00,13.279999732971191,13.600000381469728,13.1899995803833,10.284459114074709,866301.0,0.0,
2017-01-30 00:00:00+00:00,13.399999618530272,13.520000457763672,13.210000038146973,10.315021514892578,721885.0,0.0,
2017-01-31 00:00:00+00:00,13.460000038146973,13.8100004196167,13.399999618530272,10.475478172302246,650548.0,0.0,
2017-02-01 00:00:00+00:00,13.65999984741211,13.779999732971191,13.279999732971191,10.360865592956545,555577.0,0.0,
2017-02-02 00:00:00+00:00,13.550000190734863,13.550000190734863,13.34000015258789,10.23861312866211,377496.0,0.0,
2017-02-03 00:00:00+00:00,13.479999542236328,13.550000190734863,13.399999618530272,10.23861312866211,805344.0,0.0,
2017-02-06 00:00:00+00:00,13.43000030517578,13.739999771118164,13.289999961853027,10.406708717346191,717905.0,0.0,
2017-02-07 00:00:00+00:00,13.59000015258789,14.095000267028809,13.585000038146973,10.567167282104492,1509394.0,0.0,
2017-02-08 00:00:00+00:00,13.890000343322754,13.92099952697754,13.630000114440918,10.59772777557373,572931.0,0.0,
2017-02-09 00:00:00+00:00,13.850000381469728,14.350000381469728,13.850000381469728,10.911001205444336,441223.0,0.0,
2017-02-10 00:00:00+00:00,14.199999809265137,14.8100004196167,14.199999809265137,11.27011489868164,536315.0,0.0,
2017-02-13 00:00:00+00:00,14.829999923706056,14.829999923706056,14.4350004196167,11.22426986694336,649336.0,0.0,
2017-02-14 00:00:00+00:00,14.729999542236328,15.020000457763672,14.579700469970703,11.384727478027344,600579.0,0.0,
2017-02-15 00:00:00+00:00,14.859999656677246,15.140000343322754,14.75,11.445853233337402,578365.0,0.0,
2017-02-16 00:00:00+00:00,14.949999809265137,15.25,14.789999961853027,11.529901504516602,503159.0,0.0,
2017-02-17 00:00:00+00:00,15.0600004196167,15.5,14.920000076293944,11.827890396118164,1043073.0,0.0,
2017-02-21 00:00:00+00:00,15.550000190734863,15.704999923706056,15.100000381469728,11.995986938476562,940069.0,0.0,
2017-02-22 00:00:00+00:00,15.6899995803833,15.6899995803833,15.300000190734863,11.789687156677246,729971.0,0.0,
2017-02-23 00:00:00+00:00,15.489999771118164,15.520000457763672,14.5,11.1249418258667,624276.0,0.0,
2017-02-24 00:00:00+00:00,14.529999732971191,14.640000343322754,14.18000030517578,10.972125053405762,504216.0,0.0,
2017-02-27 00:00:00+00:00,14.329999923706056,14.329999923706056,13.960000038146973,10.681777954101562,433013.0,0.0,
2017-02-28 00:00:00+00:00,13.960000038146973,14.25,13.8100004196167,10.666495323181152,395182.0,0.0,
2017-03-01 00:00:00+00:00,14.0600004196167,14.170000076293944,13.90999984741211,10.804030418395996,232044.0,0.0,
2017-03-02 00:00:00+00:00,14.100000381469728,14.359999656677246,13.989999771118164,10.964485168457031,567673.0,0.0,
2017-03-03 00:00:00+00:00,14.31999969482422,14.55500030517578,14.260000228881836,11.11729907989502,270368.0,0.0,
2017-03-06 00:00:00+00:00,14.4399995803833,14.795000076293944,14.380000114440918,11.28539752960205,396151.0,0.0,
2017-03-07 00:00:00+00:00,14.68000030517578,15.109999656677246,14.65999984741211,11.48405647277832,504675.0,0.0,
2017-03-08 00:00:00+00:00,15.0,15.210000038146973,14.9399995803833,11.613948822021484,870230.0,0.0,
2017-03-09 00:00:00+00:00,14.93000030517578,15.350000381469728,14.68000030517578,11.69035816192627,835706.0,0.0,
2017-03-10 00:00:00+00:00,15.40999984741211,15.68000030517578,15.40999984741211,11.827890396118164,474970.0,0.0,
2017-03-13 00:00:00+00:00,15.5,15.854999542236328,15.3100004196167,12.04183292388916,678898.0,0.0,
2017-03-14 00:00:00+00:00,15.630000114440918,16.280000686645508,15.579999923706056,12.408588409423828,515137.0,0.0,
2017-03-15 00:00:00+00:00,16.149999618530273,16.790000915527344,16.1200008392334,12.737141609191896,1018258.0,0.0,
2017-03-16 00:00:00+00:00,16.68000030517578,16.989999771118164,16.649999618530273,12.844111442565918,384028.0,0.0,
2017-03-17 00:00:00+00:00,16.84000015258789,16.8700008392334,16.299999237060547,12.729497909545898,508121.0,0.0,
2017-03-20 00:00:00+00:00,16.56999969482422,17.360000610351562,16.540000915527344,13.226149559020996,622701.0,0.0,
2017-03-21 00:00:00+00:00,17.200000762939453,17.334999084472656,16.709999084472656,12.867035865783691,978609.0,0.0,
2017-03-22 00:00:00+00:00,16.299999237060547,17.0,15.600000381469728,12.752422332763672,1523226.0,0.0,
2017-03-23 00:00:00+00:00,16.65999984741211,17.209999084472656,16.579999923706055,13.142102241516112,819828.0,0.0,
2017-03-24 00:00:00+00:00,17.280000686645508,17.399999618530273,16.488100051879883,12.775344848632812,281038.0,0.0,
2017-03-27 00:00:00+00:00,16.399999618530273,16.850000381469727,15.899999618530272,12.729497909545898,288830.0,0.0,
2017-03-28 00:00:00+00:00,16.68000030517578,17.18000030517578,16.299999237060547,12.943439483642578,211745.0,0.0,
2017-03-29 00:00:00+00:00,16.969999313354492,16.969999313354492,16.610000610351562,12.874673843383787,172235.0,0.0,
2017-03-30 00:00:00+00:00,16.690000534057617,16.90999984741211,16.5,12.967411041259766,248094.0,0.19,
2017-03-31 00:00:00+00:00,16.739999771118164,17.40999984741211,16.649999618530273,13.253338813781738,530989.0,0.0,
2017-04-03 00:00:00+00:00,17.18000030517578,17.299999237060547,16.850000381469727,13.145151138305664,369564.0,0.0,
2017-04-04 00:00:00+00:00,16.93000030517578,17.209999084472656,16.899999618530273,13.206974983215332,274614.0,0.0,
2017-04-05 00:00:00+00:00,17.139999389648438,17.299999237060547,16.899999618530273,13.083327293395996,676690.0,0.0,
2017-04-06 00:00:00+00:00,16.940000534057617,16.979999542236328,16.600000381469727,13.044687271118164,433946.0,0.0,
2017-04-07 00:00:00+00:00,16.709999084472656,16.709999084472656,15.739999771118164,12.472824096679688,730888.0,0.0,
2017-04-10 00:00:00+00:00,16.739999771118164,17.489999771118164,16.45009994506836,13.353805541992188,921356.0,0.0,
2017-04-11 00:00:00+00:00,17.239999771118164,17.896499633789062,17.170000076293945,13.33834743499756,625082.0,0.0,
2017-04-12 00:00:00+00:00,17.0,17.19499969482422,16.600000381469727,12.998321533203123,688754.0,0.0,
2017-04-13 00:00:00+00:00,16.889999389648438,17.260000228881836,16.44499969482422,12.789668083190918,422463.0,0.0,
2017-04-17 00:00:00+00:00,16.610000610351562,16.899999618530273,16.489999771118164,12.990592956542969,521090.0,0.0,
2017-04-18 00:00:00+00:00,16.6299991607666,17.09000015258789,16.31999969482422,13.160606384277344,376580.0,0.0,
2017-04-19 00:00:00+00:00,17.049999237060547,17.18000030517578,16.600000381469727,13.237884521484377,709360.0,0.0,
2017-04-20 00:00:00+00:00,17.170000076293945,17.920000076293945,17.170000076293945,13.63973617553711,377199.0,0.0,
2017-04-21 00:00:00+00:00,17.719999313354492,17.799999237060547,17.479999542236328,13.554730415344238,172887.0,0.0,
2017-04-24 00:00:00+00:00,17.700000762939453,17.989999771118164,17.469999313354492,13.63973617553711,213235.0,0.0,
2017-04-25 00:00:00+00:00,17.75,18.38999938964844,17.75,14.134321212768556,268408.0,0.0,
2017-04-26 00:00:00+00:00,17.75,18.200000762939453,17.570499420166016,13.90248680114746,645200.0,0.0,
2017-04-27 00:00:00+00:00,17.93000030517578,18.899999618530277,17.93000030517578,14.53617000579834,384333.0,0.0,
2017-04-28 00:00:00+00:00,18.559999465942383,19.71999931335449,18.520000457763672,14.98438835144043,455224.0,0.0,
2017-05-01 00:00:00+00:00,19.450000762939453,20.09000015258789,19.450000762939453,15.115763664245604,264070.0,0.0,
2017-05-02 00:00:00+00:00,19.440000534057617,19.56999969482422,19.100000381469727,14.97666072845459,359559.0,0.0,
2017-05-03 00:00:00+00:00,19.190000534057617,19.65999984741211,19.1200008392334,15.177589416503906,221639.0,0.0,
2017-05-04 00:00:00+00:00,19.71999931335449,20.31999969482422,19.540000915527344,15.123491287231444,344805.0,0.0,
2017-05-05 00:00:00+00:00,19.600000381469727,19.65999984741211,19.190000534057617,15.069398880004885,371750.0,0.0,
2017-05-08 00:00:00+00:00,19.5,19.790000915527344,19.450000762939453,15.270320892333984,159419.0,0.0,
2017-05-09 00:00:00+00:00,19.770000457763672,20.059999465942383,19.530000686645508,15.239410400390623,152209.0,0.0,
2017-05-10 00:00:00+00:00,19.729999542236328,20.170000076293945,19.5,15.471245765686035,181701.0,0.0,
2017-05-11 00:00:00+00:00,19.780000686645508,19.790000915527344,19.61000061035156,15.262592315673828,204171.0,0.0,
2017-05-12 00:00:00+00:00,19.700000762939453,20.1299991607666,19.530000686645508,15.154406547546388,321730.0,0.0,
2017-05-15 00:00:00+00:00,19.46999931335449,19.950000762939453,18.899999618530277,15.393966674804688,419553.0,0.0,
2017-05-16 00:00:00+00:00,20.0,20.0,19.440000534057617,15.363056182861328,478013.0,0.0,
2017-05-17 00:00:00+00:00,20.88999938964844,22.34000015258789,20.75,16.244035720825195,1969601.0,0.0,
2017-05-18 00:00:00+00:00,21.0,22.229999542236328,20.51000022888184,16.84681510925293,1168041.0,0.0,
2017-05-19 00:00:00+00:00,22.030000686645508,22.6299991607666,21.170000076293945,16.52996826171875,776730.0,0.0,
2017-05-22 00:00:00+00:00,21.63999938964844,22.06999969482422,20.84000015258789,17.00136947631836,441396.0,0.0,
2017-05-23 00:00:00+00:00,22.06999969482422,22.940000534057617,22.06999969482422,17.42640495300293,424711.0,0.0,
2017-05-24 00:00:00+00:00,22.6200008392334,22.75,22.01000022888184,17.403223037719727,296729.0,0.0,
2017-05-25 00:00:00+00:00,22.520000457763672,22.976999282836918,22.520000457763672,17.84805679321289,241873.0,0.22,
2017-05-26 00:00:00+00:00,22.81999969482422,23.3700008392334,22.790000915527344,18.105592727661133,373037.0,0.0,
2017-05-30 00:00:00+00:00,23.200000762939453,24.36000061035156,23.200000762939453,18.81576919555664,518171.0,0.0,
2017-05-31 00:00:00+00:00,23.93000030517578,23.93000030517578,22.405000686645508,18.03535842895508,869016.0,0.0,
2017-06-01 00:00:00+00:00,23.11000061035156,23.780000686645508,22.96999931335449,18.13680648803711,289170.0,0.0,
2017-06-02 00:00:00+00:00,23.21999931335449,23.530000686645508,22.9950008392334,17.996334075927734,377273.0,0.0,
2017-06-05 00:00:00+00:00,23.059999465942383,23.43000030517578,22.90999984741211,18.043163299560547,481827.0,0.0,
2017-06-06 00:00:00+00:00,22.979999542236328,23.170000076293945,22.459999084472656,17.94951057434082,406308.0,0.0,
2017-06-07 00:00:00+00:00,23.200000762939453,23.38999938964844,22.999000549316406,18.02755355834961,130711.0,0.0,
2017-06-08 00:00:00+00:00,23.18000030517578,23.649999618530277,22.950000762939453,18.347522735595703,395975.0,0.0,
2017-06-09 00:00:00+00:00,23.549999237060547,24.450000762939453,23.280000686645508,18.36312866210937,321846.0,0.0,
2017-06-12 00:00:00+00:00,26.270000457763672,26.549999237060547,24.0,18.94843864440918,1474137.0,0.0,
2017-06-13 00:00:00+00:00,24.93000030517578,25.0,23.899999618530277,19.19036865234375,731644.0,0.0,
2017-06-14 00:00:00+00:00,24.530000686645508,24.88999938964844,23.59000015258789,19.15914726257324,527364.0,0.0,
2017-06-15 00:00:00+00:00,24.489999771118164,24.989999771118164,24.149999618530277,19.408884048461918,252982.0,0.0,
2017-06-16 00:00:00+00:00,24.920000076293945,25.200000762939453,24.729999542236328,19.66642189025879,488772.0,0.0,
2017-06-19 00:00:00+00:00,25.21999931335449,25.489999771118164,24.31999969482422,19.510337829589844,626783.0,0.0,
2017-06-20 00:00:00+00:00,25.059999465942383,25.09000015258789,24.3700008392334,19.20597267150879,435940.0,0.0,
2017-06-21 00:00:00+00:00,24.31999969482422,24.75,24.024999618530277,18.886005401611328,642186.0,0.0,
2017-06-22 00:00:00+00:00,24.239999771118164,24.31999969482422,23.709999084472656,18.846986770629883,378131.0,0.0,
2017-06-23 00:00:00+00:00,24.149999618530277,24.459999084472656,23.899999618530277,19.049894332885746,204173.0,0.0,
2017-06-26 00:00:00+00:00,24.489999771118164,24.489999771118164,24.07999992370605,18.862594604492188,229248.0,0.0,
2017-06-27 00:00:00+00:00,24.15999984741211,24.40999984741211,23.88999938964844,18.85479164123535,402883.0,0.0,
2017-06-28 00:00:00+00:00,24.11000061035156,24.600000381469727,24.042499542236328,19.182559967041016,300950.0,0.0,
2017-06-29 00:00:00+00:00,24.600000381469727,24.600000381469727,23.61000061035156,19.08891487121582,494286.0,0.0,
2017-06-30 00:00:00+00:00,24.459999084472656,24.84000015258789,24.459999084472656,19.26060676574707,262295.0,0.0,
2017-07-03 00:00:00+00:00,24.75,25.280000686645508,24.75,19.705442428588867,192588.0,0.0,
2017-07-05 00:00:00+00:00,25.200000762939453,25.209999084472656,23.8700008392334,18.75333976745605,614335.0,0.0,
2017-07-06 00:00:00+00:00,23.959999084472656,24.100000381469727,23.725000381469727,18.690906524658203,754168.0,0.0,
2017-07-07 00:00:00+00:00,24.0,24.09000015258789,23.790000915527344,18.698707580566406,1894784.0,0.0,
2017-07-10 00:00:00+00:00,24.049999237060547,24.049999237060547,22.299999237060547,17.567106246948242,2665030.0,0.0,
2017-07-11 00:00:00+00:00,22.51000022888184,24.31999969482422,22.209999084472656,18.792356491088867,3032237.0,0.0,
2017-07-12 00:00:00+00:00,23.739999771118164,23.739999771118164,23.020000457763672,18.324108123779297,3512321.0,0.0,
2017-07-13 00:00:00+00:00,23.57999992370605,23.57999992370605,22.71999931335449,17.980730056762695,826351.0,0.0,
2017-07-14 00:00:00+00:00,23.01000022888184,23.09499931335449,22.530000686645508,17.73099708557129,558035.0,0.0,
2017-07-17 00:00:00+00:00,21.8799991607666,22.030000686645508,19.670000076293945,16.03749656677246,2360247.0,0.0,
2017-07-18 00:00:00+00:00,20.65999984741211,21.16900062561035,20.145000457763672,15.897021293640137,711332.0,0.0,
2017-07-19 00:00:00+00:00,20.440000534057617,20.790000915527344,20.36000061035156,15.9984769821167,446534.0,0.0,
2017-07-20 00:00:00+00:00,20.600000381469727,20.674999237060547,20.049999237060547,15.77215576171875,342393.0,0.0,
2017-07-21 00:00:00+00:00,20.200000762939453,20.38999938964844,20.059999465942383,15.811175346374512,294673.0,0.0,
2017-07-24 00:00:00+00:00,20.170000076293945,20.540000915527344,20.059999465942383,15.928240776062012,334602.0,0.0,
2017-07-25 00:00:00+00:00,20.479999542236328,20.559999465942383,20.261999130249023,15.912632942199709,151101.0,0.0,
2017-07-26 00:00:00+00:00,20.11000061035156,20.18000030517578,19.21999931335449,15.506816864013672,584387.0,0.0,
2017-07-27 00:00:00+00:00,19.920000076293945,19.920000076293945,18.75,14.796642303466797,564657.0,0.0,
2017-07-28 00:00:00+00:00,18.81999969482422,18.8700008392334,17.6299991607666,13.945989608764648,730504.0,0.0,
2017-07-31 00:00:00+00:00,17.899999618530273,18.350000381469727,17.700000762939453,14.2893705368042,574296.0,0.0,
2017-08-01 00:00:00+00:00,18.299999237060547,19.209999084472656,18.21999931335449,14.83565902709961,384207.0,0.0,
2017-08-02 00:00:00+00:00,18.920000076293945,19.25,18.5,14.554712295532228,321786.0,0.0,
2017-08-03 00:00:00+00:00,18.59000015258789,18.63999938964844,18.350000381469727,14.406431198120115,136224.0,0.0,
2017-08-04 00:00:00+00:00,18.530000686645508,19.38999938964844,18.530000686645508,14.7498140335083,440622.0,0.0,
2017-08-07 00:00:00+00:00,19.32999992370605,20.18000030517578,19.137500762939453,15.655094146728516,474557.0,0.0,
2017-08-08 00:00:00+00:00,20.09000015258789,20.309999465942383,19.8700008392334,15.6004638671875,334804.0,0.0,
2017-08-09 00:00:00+00:00,19.90999984741211,20.184999465942383,19.36000061035156,15.155632019042969,275642.0,0.0,
2017-08-10 00:00:00+00:00,19.51000022888184,19.61079978942871,18.11000061035156,14.265958786010742,553062.0,0.0,
2017-08-11 00:00:00+00:00,18.270000457763672,18.290000915527344,17.719999313354492,13.906967163085938,364783.0,0.0,
2017-08-14 00:00:00+00:00,18.100000381469727,18.61000061035156,17.989999771118164,14.47667121887207,452749.0,0.0,
2017-08-15 00:00:00+00:00,18.90999984741211,19.399999618530277,17.549999237060547,13.704060554504396,696133.0,0.0,
2017-08-16 00:00:00+00:00,17.65999984741211,18.280000686645508,17.260000228881836,13.688453674316406,306887.0,0.0,
2017-08-17 00:00:00+00:00,17.600000381469727,18.020000457763672,17.5,13.867948532104492,212209.0,0.0,
2017-08-18 00:00:00+00:00,18.309999465942383,18.31999969482422,17.360000610351562,13.680649757385254,626841.0,0.0,
2017-08-21 00:00:00+00:00,17.56999969482422,17.81999969482422,17.290000915527344,13.727472305297852,408205.0,0.0,
2017-08-22 00:00:00+00:00,17.68000030517578,17.790000915527344,17.450000762939453,13.704060554504396,184956.0,0.0,
2017-08-23 00:00:00+00:00,17.530000686645508,17.760000228881836,17.469999313354492,13.641630172729492,136673.0,0.0,
2017-08-24 00:00:00+00:00,17.520000457763672,17.65999984741211,17.010000228881836,13.313855171203612,398553.0,0.0,
2017-08-25 00:00:00+00:00,16.989999771118164,17.1299991607666,16.1200008392334,13.053108215332031,465974.0,0.21,
2017-08-28 00:00:00+00:00,16.600000381469727,16.774999618530273,16.34000015258789,12.974095344543455,143455.0,0.0,
2017-08-29 00:00:00+00:00,16.260000228881836,16.479999542236328,15.970100402832031,12.823968887329102,289867.0,0.0,
2017-08-30 00:00:00+00:00,16.25,16.260000228881836,15.800100326538086,12.602728843688965,400789.0,0.0,
2017-08-31 00:00:00+00:00,16.0,16.899999618530273,16.0,12.99779987335205,582930.0,0.0,
2017-09-01 00:00:00+00:00,16.3799991607666,16.594999313354492,16.209999084472656,12.981995582580566,260611.0,0.0,
2017-09-05 00:00:00+00:00,16.200000762939453,16.200000762939453,15.899999618530272,12.650137901306152,538610.0,0.0,
2017-09-06 00:00:00+00:00,16.040000915527344,16.6299991607666,16.040000915527344,12.78446102142334,367237.0,0.0,
2017-09-07 00:00:00+00:00,16.190000534057617,16.940000534057617,16.190000534057617,13.187432289123535,423415.0,0.0,
2017-09-08 00:00:00+00:00,16.670000076293945,17.739999771118164,16.6200008392334,13.890655517578123,491247.0,0.0,
2017-09-11 00:00:00+00:00,17.809999465942383,18.36000061035156,17.700000762939453,14.183008193969728,515247.0,0.0,
2017-09-12 00:00:00+00:00,18.0,18.149999618530277,17.96500015258789,14.222514152526855,401233.0,0.0,
2017-09-13 00:00:00+00:00,17.969999313354492,18.21999931335449,17.809999465942383,14.238317489624023,278620.0,0.0,
2017-09-14 00:00:00+00:00,17.90999984741211,17.93000030517578,17.5,13.86695384979248,301209.0,0.0,
2017-09-15 00:00:00+00:00,17.530000686645508,17.649999618530273,17.139999389648438,13.701024055480955,404756.0,0.0,
2017-09-18 00:00:00+00:00,17.469999313354492,17.75,17.469999313354492,13.87485408782959,194240.0,0.0,
2017-09-19 00:00:00+00:00,17.709999084472656,18.13999938964844,17.420000076293945,13.81954288482666,166407.0,0.0,
2017-09-20 00:00:00+00:00,17.5,17.509899139404297,16.5,13.124221801757812,316366.0,0.0,
2017-09-21 00:00:00+00:00,16.68000030517578,18.59000015258789,16.655000686645508,14.1751070022583,650942.0,0.0,
2017-09-22 00:00:00+00:00,17.90999984741211,18.520000457763672,17.6299991607666,14.04868221282959,260619.0,0.0,
2017-09-25 00:00:00+00:00,17.780000686645508,17.780000686645508,16.649999618530273,13.36916446685791,300233.0,0.0,
2017-09-26 00:00:00+00:00,17.100000381469727,17.219999313354492,16.200000762939453,12.800264358520508,380077.0,0.0,
2017-09-27 00:00:00+00:00,16.43000030517578,16.850000381469727,16.139999389648438,12.926687240600586,294484.0,0.0,
2017-09-28 00:00:00+00:00,16.350000381469727,16.68000030517578,16.350000381469727,13.076812744140623,185772.0,0.0,
2017-09-29 00:00:00+00:00,16.559999465942383,16.940000534057617,16.559999465942383,13.384968757629396,175428.0,0.0,
2017-10-02 00:00:00+00:00,16.889999389648438,17.019500732421875,16.15999984741211,13.108417510986328,257711.0,0.0,
2017-10-03 00:00:00+00:00,16.68000030517578,16.739999771118164,16.1200008392334,12.831869125366213,245070.0,0.0,
2017-10-04 00:00:00+00:00,16.299999237060547,16.56999969482422,15.720000267028809,12.7212495803833,394064.0,0.0,
2017-10-05 00:00:00+00:00,16.989999771118164,16.989999771118164,16.100000381469727,12.831869125366213,405395.0,0.0,
2017-10-06 00:00:00+00:00,16.25,16.459999084472656,16.219999313354492,12.974095344543455,165198.0,0.0,
2017-10-09 00:00:00+00:00,16.540000915527344,16.799999237060547,16.34000015258789,13.124221801757812,230337.0,0.0,
2017-10-10 00:00:00+00:00,16.719999313354492,17.649999618530273,16.600000381469727,13.456079483032228,320106.0,0.0,
2017-10-11 00:00:00+00:00,17.110000610351562,17.649999618530273,17.020000457763672,13.835347175598145,260531.0,0.0,
2017-10-12 00:00:00+00:00,17.549999237060547,17.610000610351562,17.3799991607666,13.81164264678955,174095.0,0.0,
2017-10-13 00:00:00+00:00,17.489999771118164,17.530000686645508,17.34000015258789,13.827444076538086,176716.0,0.0,
2017-10-16 00:00:00+00:00,17.479999542236328,17.65999984741211,16.990999221801758,13.448176383972168,495627.0,0.0,
2017-10-17 00:00:00+00:00,16.920000076293945,17.1299991607666,16.8799991607666,13.535093307495115,495635.0,0.0,
2017-10-18 00:00:00+00:00,17.139999389648438,17.309999465942383,17.020000457763672,13.677316665649414,106371.0,0.0,
2017-10-19 00:00:00+00:00,17.0,17.06999969482422,16.3799991607666,13.408669471740724,348774.0,0.0,
2017-10-20 00:00:00+00:00,17.0,17.0,16.809999465942383,13.416570663452148,132990.0,0.0,
2017-10-23 00:00:00+00:00,17.079999923706055,17.18000030517578,16.969999313354492,13.432377815246582,178519.0,0.0,
2017-10-24 00:00:00+00:00,17.020000457763672,17.100000381469727,16.889999389648438,13.432377815246582,208943.0,0.0,
2017-10-25 00:00:00+00:00,17.06999969482422,17.290000915527344,16.979999542236328,13.622008323669434,157424.0,0.0,
2017-10-26 00:00:00+00:00,17.25,17.399999618530273,16.93000030517578,13.440278053283691,138345.0,0.0,
2017-10-27 00:00:00+00:00,17.020000457763672,17.170000076293945,16.809999465942383,13.527192115783691,124087.0,0.0,
2017-10-30 00:00:00+00:00,17.149999618530273,17.170000076293945,16.9950008392334,13.448176383972168,130584.0,0.0,
2017-10-31 00:00:00+00:00,16.950000762939453,17.049999237060547,16.90999984741211,13.440278053283691,87355.0,0.0,
2017-11-01 00:00:00+00:00,17.18000030517578,17.40999984741211,17.100000381469727,13.62990951538086,137237.0,0.0,
2017-11-02 00:00:00+00:00,17.25,17.25,16.540000915527344,13.274346351623535,176156.0,0.0,
2017-11-03 00:00:00+00:00,16.719999313354492,16.940000534057617,16.6200008392334,13.353360176086426,110157.0,0.0,
2017-11-06 00:00:00+00:00,16.93000030517578,17.049999237060547,16.700000762939453,13.416570663452148,189856.0,0.0,
2017-11-07 00:00:00+00:00,17.040000915527344,17.139999389648438,16.814599990844727,13.377065658569336,117850.0,0.0,
2017-11-08 00:00:00+00:00,16.850000381469727,17.0,16.600000381469727,13.124221801757812,114443.0,0.0,
2017-11-09 00:00:00+00:00,16.600000381469727,16.889999389648438,16.579999923706055,13.305953025817873,76482.0,0.0,
2017-11-10 00:00:00+00:00,16.790000915527344,16.84000015258789,16.610000610351562,13.219037055969238,133436.0,0.0,
2017-11-13 00:00:00+00:00,16.489999771118164,16.849700927734375,16.0,13.061010360717772,216466.0,0.0,
2017-11-14 00:00:00+00:00,16.520000457763672,17.100000381469727,16.5,13.353360176086426,160564.0,0.0,
2017-11-15 00:00:00+00:00,16.899999618530273,16.989999771118164,16.530000686645508,13.34546184539795,151951.0,0.0,
2017-11-16 00:00:00+00:00,17.31999969482422,17.84000015258789,16.701000213623047,13.661517143249512,560983.0,0.0,
2017-11-17 00:00:00+00:00,17.030000686645508,17.1200008392334,16.520000457763672,13.416570663452148,304911.0,0.0,
2017-11-20 00:00:00+00:00,16.940000534057617,16.940000534057617,15.970000267028809,12.665940284729004,303907.0,0.0,
2017-11-21 00:00:00+00:00,16.139999389648438,16.799999237060547,15.84000015258789,12.634332656860352,482054.0,0.0,
2017-11-22 00:00:00+00:00,16.15999984741211,16.358299255371094,15.630000114440918,12.515811920166016,314254.0,0.0,
2017-11-24 00:00:00+00:00,15.920000076293944,16.700000762939453,15.829999923706056,12.99779987335205,295441.0,0.0,
2017-11-27 00:00:00+00:00,16.440000534057617,16.790000915527344,15.850000381469728,12.563220977783203,278444.0,0.0,
2017-11-28 00:00:00+00:00,16.010000228881836,16.100000381469727,15.779999732971191,12.571123123168944,119863.0,0.0,
2017-11-29 00:00:00+00:00,15.890000343322754,16.139999389648438,15.470000267028809,12.334081649780272,234602.0,0.0,
2017-11-30 00:00:00+00:00,15.68000030517578,15.885000228881836,14.5600004196167,11.638757705688477,530102.0,0.0,
2017-12-01 00:00:00+00:00,14.800000190734863,14.949999809265137,14.149999618530272,11.24368667602539,344801.0,0.0,
2017-12-04 00:00:00+00:00,14.270000457763672,14.399999618530272,13.8100004196167,11.14097023010254,595216.0,0.0,
2017-12-05 00:00:00+00:00,14.09000015258789,14.1899995803833,13.664999961853027,10.90392780303955,183358.0,0.0,
2017-12-06 00:00:00+00:00,13.770000457763672,13.949999809265137,13.699999809265137,11.00664520263672,106886.0,0.0,
2017-12-07 00:00:00+00:00,13.9399995803833,14.279999732971191,13.920000076293944,11.275294303894045,192676.0,0.0,
2017-12-08 00:00:00+00:00,14.369999885559082,14.369999885559082,13.970000267028809,11.133068084716797,201469.0,0.0,
2017-12-11 00:00:00+00:00,14.289999961853027,14.5,14.140000343322754,11.25949001312256,224675.0,0.0,
2017-12-12 00:00:00+00:00,14.210000038146973,14.289999961853027,14.045000076293944,11.14097023010254,147840.0,0.0,
2017-12-13 00:00:00+00:00,14.1899995803833,14.220000267028809,13.699999809265137,10.967137336730955,194288.0,0.0,
2017-12-14 00:00:00+00:00,13.850000381469728,14.100000381469728,13.800000190734863,11.133068084716797,148121.0,0.0,
2017-12-15 00:00:00+00:00,14.079999923706056,14.479999542236328,14.039999961853027,11.267393112182615,452314.0,0.0,
2017-12-18 00:00:00+00:00,14.329999923706056,14.510000228881836,14.210000038146973,11.409618377685549,161135.0,0.0,
2017-12-19 00:00:00+00:00,14.390000343322754,14.800000190734863,14.390000343322754,11.536039352416992,164224.0,0.0,
2017-12-20 00:00:00+00:00,14.59000015258789,15.729999542236328,14.420000076293944,12.168150901794434,648772.0,0.0,
2017-12-21 00:00:00+00:00,15.800000190734863,15.989999771118164,14.619000434875488,11.69406795501709,636945.0,0.0,
2017-12-22 00:00:00+00:00,14.699999809265137,14.699999809265137,14.039999961853027,11.196279525756836,253206.0,0.0,
2017-12-26 00:00:00+00:00,14.130000114440918,14.359999656677246,13.84000015258789,11.04615306854248,218104.0,0.0,
2017-12-27 00:00:00+00:00,13.989999771118164,14.18000030517578,13.84000015258789,11.061956405639648,399287.0,0.0,
2017-12-28 00:00:00+00:00,14.329999923706056,15.393099784851074,13.75,12.02592658996582,2211957.0,0.0,
2017-12-29 00:00:00+00:00,16.059999465942383,17.829999923706055,14.82009983062744,13.693120002746582,4914128.0,0.0,
2018-01-02 00:00:00+00:00,17.329999923706055,18.299999237060547,16.610000610351562,13.590405464172363,2684060.0,0.0,
2018-01-03 00:00:00+00:00,17.1200008392334,17.719999313354492,16.549999237060547,13.622008323669434,891412.0,0.0,
2018-01-04 00:00:00+00:00,17.399999618530273,17.5,16.700000762939453,13.234840393066406,696170.0,0.0,
2018-01-05 00:00:00+00:00,16.809999465942383,17.5,16.790000915527344,13.535093307495115,480163.0,0.0,
2018-01-08 00:00:00+00:00,17.399999618530273,17.43000030517578,16.700000762939453,13.29015064239502,365197.0,0.0,
2018-01-09 00:00:00+00:00,16.780000686645508,16.90999984741211,15.859999656677246,13.045207023620604,781211.0,0.0,
2018-01-10 00:00:00+00:00,16.5,17.25,16.299999237060547,13.384968757629396,333673.0,0.0,
2018-01-11 00:00:00+00:00,17.030000686645508,17.049999237060547,16.649999618530273,13.384968757629396,301717.0,0.0,
2018-01-12 00:00:00+00:00,16.940000534057617,17.079999923706055,16.5,13.053108215332031,393428.0,0.0,
2018-01-16 00:00:00+00:00,16.530000686645508,16.729999542236328,16.239999771118164,13.084712028503418,352392.0,0.0,
2018-01-17 00:00:00+00:00,16.700000762939453,17.469999313354492,16.450000762939453,13.614107131958008,491076.0,0.0,
2018-01-18 00:00:00+00:00,17.25,18.59000015258789,17.06100082397461,14.285725593566896,869200.0,0.0,
2018-01-19 00:00:00+00:00,18.32999992370605,18.41900062561035,17.559999465942383,14.056585311889648,549803.0,0.0,
2018-01-22 00:00:00+00:00,17.8799991607666,18.3700008392334,17.809999465942383,14.4358549118042,403940.0,0.0,
2018-01-23 00:00:00+00:00,18.280000686645508,18.75,18.07999992370605,14.364741325378418,418611.0,0.0,
2018-01-24 00:00:00+00:00,18.020000457763672,18.18000030517578,17.4950008392334,13.882756233215332,303564.0,0.0,
2018-01-25 00:00:00+00:00,17.690000534057617,17.799999237060547,16.809999465942383,13.54299259185791,492449.0,0.0,
2018-01-26 00:00:00+00:00,17.280000686645508,17.399999618530273,16.969999313354492,13.574600219726562,324547.0,0.0,
2018-01-29 00:00:00+00:00,17.100000381469727,17.100000381469727,16.579999923706055,13.29015064239502,327268.0,0.0,
2018-01-30 00:00:00+00:00,16.799999237060547,16.8799991607666,16.559999465942383,13.329657554626465,198004.0,0.0,
2018-01-31 00:00:00+00:00,17.040000915527344,17.18829917907715,16.520000457763672,13.187432289123535,177422.0,0.0,
2018-02-01 00:00:00+00:00,16.610000610351562,16.670000076293945,16.139999389648438,13.053108215332031,321754.0,0.0,
2018-02-02 00:00:00+00:00,16.420000076293945,16.420000076293945,15.300000190734863,12.199758529663086,348316.0,0.0,
2018-02-05 00:00:00+00:00,15.3100004196167,15.949999809265137,15.220000267028809,12.073333740234377,390960.0,0.0,
2018-02-06 00:00:00+00:00,15.140000343322754,15.84000015258789,15.029999732971191,12.334081649780272,208411.0,0.0,
2018-02-07 00:00:00+00:00,15.43000030517578,15.770000457763672,15.399999618530272,12.168150901794434,182293.0,0.0,
2018-02-08 00:00:00+00:00,15.449999809265137,15.550000190734863,14.90999984741211,11.78098487854004,151641.0,0.0,
2018-02-09 00:00:00+00:00,15.039999961853027,15.199999809265137,14.260000228881836,11.64665985107422,259179.0,0.0,
2018-02-12 00:00:00+00:00,14.899999618530272,15.55500030517578,14.885000228881836,12.144447326660156,195069.0,0.0,
2018-02-13 00:00:00+00:00,15.270000457763672,15.770000457763672,15.270000457763672,12.381489753723145,134134.0,0.0,
2018-02-14 00:00:00+00:00,15.59000015258789,16.34000015258789,15.5600004196167,12.87137508392334,170924.0,0.0,
2018-02-15 00:00:00+00:00,16.399999618530273,16.700000762939453,16.1299991607666,12.966192245483398,179482.0,0.0,
2018-02-16 00:00:00+00:00,16.40999984741211,17.065000534057617,16.31999969482422,13.432377815246582,230312.0,0.0,
2018-02-20 00:00:00+00:00,16.860000610351562,17.15999984741211,16.729999542236328,13.36916446685791,173427.0,0.0,
2018-02-21 00:00:00+00:00,17.059999465942383,17.170000076293945,16.770000457763672,13.26644802093506,182548.0,0.0,
2018-02-22 00:00:00+00:00,16.809999465942383,16.905399322509766,16.469999313354492,13.132123947143556,164926.0,0.0,
2018-02-23 00:00:00+00:00,16.65999984741211,16.739999771118164,16.450000762939453,13.19533348083496,137322.0,0.0,
2018-02-26 00:00:00+00:00,16.790000915527344,16.899999618530273,16.56999969482422,13.26644802093506,223742.0,0.0,
2018-02-27 00:00:00+00:00,16.68000030517578,17.149999618530273,16.6299991607666,13.329657554626465,184287.0,0.0,
2018-02-28 00:00:00+00:00,16.8799991607666,17.0,16.719999313354492,13.29015064239502,156591.0,0.0,
2018-03-01 00:00:00+00:00,16.43000030517578,16.704999923706055,16.149999618530273,12.86347484588623,277272.0,0.0,
2018-03-02 00:00:00+00:00,16.079999923706055,16.389999389648438,15.899999618530272,12.879278182983398,510013.0,0.0,
2018-03-05 00:00:00+00:00,16.260000228881836,16.68000030517578,16.260000228881836,13.108417510986328,109716.0,0.0,
2018-03-06 00:00:00+00:00,16.709999084472656,16.90999984741211,16.600000381469727,13.305953025817873,141063.0,0.0,
2018-03-07 00:00:00+00:00,16.68000030517578,17.469999313354492,16.68000030517578,13.677316665649414,232635.0,0.0,
2018-03-08 00:00:00+00:00,17.389999389648438,17.875,17.0,13.780038833618164,209990.0,0.0,
2018-03-09 00:00:00+00:00,17.469999313354492,17.8700008392334,17.1200008392334,14.08029079437256,200080.0,0.0,
2018-03-12 00:00:00+00:00,17.729999542236328,18.540000915527344,17.600000381469727,14.578078269958496,645457.0,0.0,
2018-03-13 00:00:00+00:00,18.450000762939453,19.290000915527344,18.170000076293945,14.388444900512695,539173.0,0.0,
2018-03-14 00:00:00+00:00,18.290000915527344,18.290000915527344,17.549999237060547,14.356839179992676,292281.0,0.0,
2018-03-15 00:00:00+00:00,17.90999984741211,18.700000762939453,17.905000686645508,14.285725593566896,140528.0,0.0,
2018-03-16 00:00:00+00:00,18.09000015258789,18.68000030517578,17.899999618530273,14.649189949035645,460721.0,0.0,
2018-03-19 00:00:00+00:00,18.3799991607666,18.450000762939453,17.6200008392334,14.364741325378418,169795.0,0.0,
2018-03-20 00:00:00+00:00,18.21999931335449,18.46999931335449,18.090999603271484,14.54647445678711,113726.0,0.0,
2018-03-21 00:00:00+00:00,18.399999618530277,19.11000061035156,18.399999618530277,14.949444770812988,245109.0,0.0,
2018-03-22 00:00:00+00:00,18.780000686645508,18.8799991607666,17.8799991607666,14.30943202972412,339854.0,0.0,
2018-03-23 00:00:00+00:00,18.1200008392334,18.229999542236328,17.65999984741211,13.969671249389648,165109.0,0.0,
2018-03-26 00:00:00+00:00,18.040000915527344,18.100000381469727,17.420000076293945,14.135601043701172,94395.0,0.0,
2018-03-27 00:00:00+00:00,17.950000762939453,17.950000762939453,17.100000381469727,13.58250331878662,139652.0,0.0,
2018-03-28 00:00:00+00:00,17.600000381469727,18.739999771118164,16.020000457763672,14.657090187072754,833426.0,0.0,
2018-03-29 00:00:00+00:00,18.350000381469727,19.404699325561523,18.25,15.09957218170166,380746.0,0.0,
2018-04-02 00:00:00+00:00,19.0,19.100000381469727,18.06999969482422,14.593879699707031,165518.0,0.0,
2018-04-03 00:00:00+00:00,18.59000015258789,18.649999618530277,18.09000015258789,14.672895431518556,123775.0,0.0,
2018-04-04 00:00:00+00:00,18.25,19.06999969482422,18.229999542236328,15.02055835723877,220772.0,0.0,
2018-04-05 00:00:00+00:00,19.649999618530277,20.049999237060547,19.049999237060547,15.131175994873049,387181.0,0.0,
2018-04-06 00:00:00+00:00,19.100000381469727,19.38249969482422,18.300600051879883,14.609683990478516,198969.0,0.0,
2018-04-09 00:00:00+00:00,17.75,18.035999298095703,16.639999389648438,13.708925247192385,476232.0,0.0,
2018-04-10 00:00:00+00:00,17.309999465942383,17.479900360107422,16.850000381469727,13.400769233703612,373748.0,0.0,
2018-04-11 00:00:00+00:00,16.549999237060547,16.729999542236328,15.850000381469728,12.879278182983398,616712.0,0.0,
2018-04-12 00:00:00+00:00,16.530000686645508,16.698999404907227,15.829999923706056,12.555319786071776,420086.0,0.0,
2018-04-13 00:00:00+00:00,15.989999771118164,16.31999969482422,15.65999984741211,12.507911682128906,317071.0,0.0,
2018-04-16 00:00:00+00:00,15.8100004196167,15.899999618530272,15.600000381469728,12.420995712280272,388129.0,0.0,
2018-04-17 00:00:00+00:00,15.75,16.850000381469727,15.75,13.242741584777832,625235.0,0.0,
2018-04-18 00:00:00+00:00,16.760000228881836,17.139999389648438,16.760000228881836,13.519291877746582,171360.0,0.0,
2018-04-19 00:00:00+00:00,17.100000381469727,17.56999969482422,17.049999237060547,13.590405464172363,239678.0,0.0,
2018-04-20 00:00:00+00:00,17.190000534057617,17.190000534057617,16.6299991607666,13.32175636291504,182847.0,0.0,
2018-04-23 00:00:00+00:00,16.850000381469727,17.020000457763672,16.552600860595703,13.274346351623535,115134.0,0.0,
2018-04-24 00:00:00+00:00,16.959999084472656,17.079999923706055,16.57900047302246,13.250643730163574,123600.0,0.0,
2018-04-25 00:00:00+00:00,16.670000076293945,16.979999542236328,16.469999313354492,13.400769233703612,110653.0,0.0,
2018-04-26 00:00:00+00:00,16.90999984741211,17.549999237060547,16.792299270629883,13.748428344726562,208739.0,0.0,
2018-04-27 00:00:00+00:00,17.309999465942383,18.209999084472656,17.170000076293945,14.30943202972412,315136.0,0.0,
2018-04-30 00:00:00+00:00,18.11000061035156,18.780000686645508,18.11000061035156,14.759810447692873,338468.0,0.0,
2018-05-01 00:00:00+00:00,18.600000381469727,18.799999237060547,18.36000061035156,14.68869972229004,159408.0,0.0,
2018-05-02 00:00:00+00:00,18.3799991607666,18.3799991607666,17.450000762939453,13.85114860534668,211332.0,0.0,
2018-05-03 00:00:00+00:00,17.479999542236328,17.690000534057617,17.18000030517578,13.953868865966797,161207.0,0.0,
2018-05-04 00:00:00+00:00,17.6299991607666,18.57999992370605,17.6299991607666,14.51486873626709,125490.0,0.0,
2018-05-07 00:00:00+00:00,18.34000015258789,18.479999542236328,18.190000534057617,14.459556579589844,151740.0,0.0,
2018-05-08 00:00:00+00:00,18.299999237060547,18.31999969482422,17.850000381469727,14.15930461883545,89653.0,0.0,
2018-05-09 00:00:00+00:00,18.020000457763672,18.40999984741211,17.8700008392334,14.530668258666992,105996.0,0.0,
2018-05-10 00:00:00+00:00,18.5,18.82999992370605,18.399999618530277,14.696598052978516,84968.0,0.0,
2018-05-11 00:00:00+00:00,18.61000061035156,18.64900016784668,18.15999984741211,14.356839179992676,73624.0,0.0,
2018-05-14 00:00:00+00:00,18.26000022888184,18.30500030517578,17.260000228881836,13.72472858428955,167336.0,0.0,
2018-05-15 00:00:00+00:00,17.25,17.449899673461914,17.190000534057617,13.622008323669434,97277.0,0.0,
2018-05-16 00:00:00+00:00,17.309999465942383,17.950000762939453,17.309999465942383,14.167205810546877,152127.0,0.0,
2018-05-17 00:00:00+00:00,17.81999969482422,18.1200008392334,17.530000686645508,14.183008193969728,181849.0,0.0,
2018-05-18 00:00:00+00:00,18.15999984741211,18.749900817871094,18.1299991607666,14.62548542022705,213032.0,0.0,
2018-05-21 00:00:00+00:00,18.450000762939453,19.06999969482422,18.190000534057617,14.593879699707031,226547.0,0.0,
2018-05-22 00:00:00+00:00,18.56999969482422,19.1200008392334,18.299999237060547,15.036358833312988,310218.0,0.0,
2018-05-23 00:00:00+00:00,19.049999237060547,19.290000915527344,17.420000076293945,14.704498291015623,743570.0,0.0,
2018-05-24 00:00:00+00:00,18.31999969482422,18.3799991607666,17.049999237060547,13.58250331878662,491072.0,0.0,
2018-05-25 00:00:00+00:00,17.299999237060547,17.68000030517578,17.26609992980957,13.693120002746582,194336.0,0.0,
2018-05-29 00:00:00+00:00,16.799999237060547,16.989999771118164,16.1299991607666,13.26644802093506,385975.0,0.0,
2018-05-30 00:00:00+00:00,16.940000534057617,16.940000534057617,16.450000762939453,13.274346351623535,163396.0,0.0,
2018-05-31 00:00:00+00:00,16.739999771118164,16.84000015258789,16.100000381469727,12.86347484588623,238918.0,0.0,
2018-06-01 00:00:00+00:00,16.469999313354492,17.100000381469727,16.469999313354492,13.250643730163574,164476.0,0.0,
2018-06-04 00:00:00+00:00,16.799999237060547,17.399999618530273,16.799999237060547,13.614107131958008,113649.0,0.0,
2018-06-05 00:00:00+00:00,17.260000228881836,17.65999984741211,17.149999618530273,13.614107131958008,139588.0,0.0,
2018-06-06 00:00:00+00:00,17.219999313354492,17.450000762939453,16.799999237060547,13.313855171203612,179175.0,0.0,
2018-06-07 00:00:00+00:00,17.079999923706055,17.18000030517578,16.639999389648438,13.20323371887207,267917.0,0.0,
2018-06-08 00:00:00+00:00,16.65999984741211,16.670000076293945,16.479999542236328,13.029404640197754,174602.0,0.0,
2018-06-11 00:00:00+00:00,16.600000381469727,16.600000381469727,16.25,12.85557460784912,145067.0,0.0,
2018-06-12 00:00:00+00:00,16.299999237060547,16.489999771118164,15.869999885559082,12.681742668151855,484807.0,0.0,
2018-06-13 00:00:00+00:00,16.229999542236328,17.079999923706055,16.15999984741211,13.329657554626465,276333.0,0.0,
2018-06-14 00:00:00+00:00,16.850000381469727,17.040000915527344,16.690000534057617,13.20323371887207,197776.0,0.0,
2018-06-15 00:00:00+00:00,16.700000762939453,16.790000915527344,16.299999237060547,13.061010360717772,188270.0,0.0,
2018-06-18 00:00:00+00:00,16.329999923706055,16.549999237060547,16.020000457763672,12.823968887329102,256328.0,0.0,
2018-06-19 00:00:00+00:00,16.049999237060547,16.209999084472656,15.770000457763672,12.555319786071776,207975.0,0.0,
2018-06-20 00:00:00+00:00,16.149999618530273,16.149999618530273,15.8100004196167,12.563220977783203,176218.0,0.0,
2018-06-21 00:00:00+00:00,15.970000267028809,16.3700008392334,15.420000076293944,12.270870208740234,204944.0,0.0,
2018-06-22 00:00:00+00:00,15.779999732971191,15.84000015258789,15.300000190734863,12.326180458068848,134655.0,0.0,
2018-06-25 00:00:00+00:00,15.65999984741211,15.800000190734863,15.210000038146973,12.12074375152588,141813.0,0.0,
2018-06-26 00:00:00+00:00,15.300000190734863,15.479999542236328,15.0600004196167,11.931112289428713,146215.0,0.0,
2018-06-27 00:00:00+00:00,15.1899995803833,15.1899995803833,14.5,11.622955322265623,258655.0,0.0,
2018-06-28 00:00:00+00:00,14.720000267028809,15.470000267028809,14.449999809265137,12.207658767700195,150965.0,0.0,
2018-06-29 00:00:00+00:00,15.460000038146973,16.0,15.380000114440918,12.444700241088867,176022.0,0.0,
2018-07-02 00:00:00+00:00,15.670000076293944,16.260000228881836,15.670000076293944,12.800264358520508,269970.0,0.0,
2018-07-03 00:00:00+00:00,16.520000457763672,16.520000457763672,15.989999771118164,12.71334743499756,153335.0,0.0,
2018-07-05 00:00:00+00:00,16.149999618530273,16.8799991607666,16.149999618530273,13.242741584777832,319712.0,0.0,
2018-07-06 00:00:00+00:00,16.530000686645508,16.760000228881836,16.530000686645508,13.14792537689209,113542.0,0.0,
2018-07-09 00:00:00+00:00,16.75,16.799999237060547,16.260000228881836,12.910882949829102,105404.0,0.0,
2018-07-10 00:00:00+00:00,16.34000015258789,16.549999237060547,16.31999969482422,12.934589385986328,53099.0,0.0,
2018-07-11 00:00:00+00:00,16.34000015258789,16.350000381469727,16.020000457763672,12.86347484588623,118790.0,0.0,
2018-07-12 00:00:00+00:00,16.389999389648438,16.540000915527344,16.270999908447266,13.021501541137695,56618.0,0.0,
2018-07-13 00:00:00+00:00,16.420000076293945,16.479999542236328,16.0,12.823968887329102,56243.0,0.0,
2018-07-16 00:00:00+00:00,16.200000762939453,16.530000686645508,16.200000762939453,12.86347484588623,87002.0,0.0,
2018-07-17 00:00:00+00:00,16.229999542236328,16.31999969482422,15.96500015258789,12.64223575592041,127158.0,0.0,
2018-07-18 00:00:00+00:00,15.989999771118164,16.149999618530273,15.720000267028809,12.64223575592041,120279.0,0.0,
2018-07-19 00:00:00+00:00,15.9399995803833,16.040000915527344,15.760000228881836,12.610630989074709,87362.0,0.0,
2018-07-20 00:00:00+00:00,15.949999809265137,16.100000381469727,15.649999618530272,12.697546005249023,130810.0,0.0,
2018-07-23 00:00:00+00:00,16.010000228881836,16.260000228881836,15.949999809265137,12.697546005249023,182907.0,0.0,
2018-07-24 00:00:00+00:00,16.139999389648438,16.540000915527344,16.139999389648438,12.902981758117676,101010.0,0.0,
2018-07-25 00:00:00+00:00,16.299999237060547,16.360000610351562,16.149999618530273,12.823968887329102,33072.0,0.0,
2018-07-26 00:00:00+00:00,16.219999313354492,16.399999618530273,16.03619956970215,12.808162689208984,86284.0,0.0,
2018-07-27 00:00:00+00:00,16.239999771118164,16.274999618530273,15.8100004196167,12.59482479095459,64126.0,0.0,
2018-07-30 00:00:00+00:00,15.949999809265137,16.020000457763672,15.539999961853027,12.476306915283203,95105.0,0.0,
2018-07-31 00:00:00+00:00,15.859999656677246,16.020000457763672,15.6899995803833,12.476306915283203,95360.0,0.0,
2018-08-01 00:00:00+00:00,15.770000457763672,15.960000038146973,15.609999656677246,12.436800003051758,76678.0,0.0,
2018-08-02 00:00:00+00:00,15.720000267028809,16.0,15.40999984741211,12.539518356323242,103930.0,0.0,
2018-08-03 00:00:00+00:00,15.880000114440918,16.139999389648438,15.75,12.58692741394043,119113.0,0.0,
2018-08-06 00:00:00+00:00,15.850000381469728,15.850000381469728,15.399999618530272,12.397293090820312,79535.0,0.0,
2018-08-07 00:00:00+00:00,15.789999961853027,16.049999237060547,15.710000038146973,12.547420501708984,60369.0,0.0,
2018-08-08 00:00:00+00:00,15.649999618530272,15.710000038146973,15.15999984741211,12.00222110748291,199148.0,0.0,
2018-08-09 00:00:00+00:00,15.1899995803833,15.479999542236328,15.109999656677246,11.98641872406006,139686.0,0.0,
2018-08-10 00:00:00+00:00,15.100000381469728,15.229999542236328,14.84000015258789,11.98641872406006,122206.0,0.0,
2018-08-13 00:00:00+00:00,15.25,15.510000228881836,14.920000076293944,11.852096557617188,140365.0,0.0,
2018-08-14 00:00:00+00:00,15.029999732971191,15.399999618530272,14.989999771118164,11.954813957214355,105313.0,0.0,
2018-08-15 00:00:00+00:00,15.079999923706056,15.729999542236328,14.56999969482422,12.373586654663086,693548.0,0.0,
2018-08-16 00:00:00+00:00,15.149999618530272,15.170000076293944,12.5,11.204181671142578,2072567.0,0.0,
2018-08-17 00:00:00+00:00,13.899999618530272,14.109999656677246,13.520000457763672,10.95923900604248,275026.0,0.0,
2018-08-20 00:00:00+00:00,13.880000114440918,14.380000114440918,13.84000015258789,11.267393112182615,219762.0,0.0,
2018-08-21 00:00:00+00:00,14.220000267028809,14.399999618530272,13.670000076293944,10.817012786865234,163982.0,0.0,
2018-08-22 00:00:00+00:00,13.630000114440918,13.779999732971191,13.529999732971191,10.76170253753662,119700.0,0.0,
2018-08-23 00:00:00+00:00,13.699999809265137,13.84000015258789,13.40999984741211,10.627378463745115,84648.0,0.0,
2018-08-24 00:00:00+00:00,13.479999542236328,13.6899995803833,13.475000381469728,10.73799991607666,55415.0,0.0,
2018-08-27 00:00:00+00:00,13.59000015258789,13.84000015258789,13.550000190734863,10.911829948425291,105754.0,0.0,
2018-08-28 00:00:00+00:00,13.850000381469728,13.850000381469728,13.4399995803833,10.85651969909668,121266.0,0.0,
2018-08-29 00:00:00+00:00,13.779999732971191,14.199999809265137,13.779999732971191,11.133068084716797,276757.0,0.0,
2018-08-30 00:00:00+00:00,14.09000015258789,14.25,13.899999618530272,11.085659980773926,181677.0,0.0,
2018-08-31 00:00:00+00:00,14.0,14.40999984741211,13.949999809265137,11.21998405456543,259236.0,0.0,
2018-09-04 00:00:00+00:00,14.18000030517578,14.3100004196167,13.979999542236328,11.227886199951172,194600.0,0.0,
2018-09-05 00:00:00+00:00,14.229999542236328,14.279999732971191,14.06999969482422,11.15677261352539,153992.0,0.0,
2018-09-06 00:00:00+00:00,14.1899995803833,14.210000038146973,14.020000457763672,11.21998405456543,262363.0,0.0,
2018-09-07 00:00:00+00:00,14.149999618530272,14.1899995803833,13.829999923706056,10.98294162750244,147091.0,0.0,
2018-09-10 00:00:00+00:00,13.949999809265137,13.949999809265137,13.70419979095459,10.8881254196167,114212.0,0.0,
2018-09-11 00:00:00+00:00,13.789999961853027,13.800000190734863,13.449999809265137,10.706393241882324,129151.0,0.0,
2018-09-12 00:00:00+00:00,13.520000457763672,13.53030014038086,12.890000343322754,10.469350814819336,286980.0,0.0,
2018-09-13 00:00:00+00:00,13.380000114440918,13.579999923706056,12.680999755859377,10.066378593444824,560902.0,0.0,
2018-09-14 00:00:00+00:00,12.729999542236328,12.93000030517578,12.65999984741211,10.121689796447754,286812.0,0.0,
2018-09-17 00:00:00+00:00,12.979999542236328,13.260000228881836,12.81999969482422,10.153295516967772,246723.0,0.0,
2018-09-18 00:00:00+00:00,13.020000457763672,13.06999969482422,12.619999885559082,9.979464530944824,284267.0,0.0,
2018-09-19 00:00:00+00:00,12.800000190734863,13.300000190734863,12.789999961853027,10.477252960205078,163016.0,0.0,
2018-09-20 00:00:00+00:00,13.270000457763672,13.350000381469728,12.925000190734863,10.240212440490724,262957.0,0.0,
2018-09-21 00:00:00+00:00,13.020000457763672,13.260000228881836,12.90999984741211,10.42984390258789,460394.0,0.0,
2018-09-24 00:00:00+00:00,13.170000076293944,13.380000114440918,13.170000076293944,10.48515510559082,59832.0,0.0,
2018-09-25 00:00:00+00:00,13.279999732971191,13.539999961853027,13.170000076293944,10.437745094299316,254313.0,0.0,
2018-09-26 00:00:00+00:00,13.239999771118164,13.239999771118164,12.710000038146973,10.04267692565918,212987.0,0.0,
2018-09-27 00:00:00+00:00,12.800000190734863,12.970000267028809,12.729999542236328,10.208606719970703,126194.0,0.0,
2018-09-28 00:00:00+00:00,12.920000076293944,13.289999961853027,12.869999885559082,10.406140327453612,148041.0,0.0,
2018-10-01 00:00:00+00:00,13.210000038146973,13.210000038146973,12.869999885559082,10.200703620910645,89028.0,0.0,
2018-10-02 00:00:00+00:00,12.899999618530272,13.18000030517578,12.770000457763672,10.279717445373535,95893.0,0.0,
2018-10-03 00:00:00+00:00,13.0600004196167,13.350000381469728,12.9399995803833,10.508858680725098,130338.0,0.0,
2018-10-04 00:00:00+00:00,13.1899995803833,13.1899995803833,12.688899993896484,10.121689796447754,238191.0,0.0,
2018-10-05 00:00:00+00:00,12.829999923706056,12.869999885559082,12.3100004196167,9.86884593963623,227957.0,0.0,
2018-10-08 00:00:00+00:00,12.470000267028809,12.550000190734863,12.170000076293944,9.71871852874756,92428.0,0.0,
2018-10-09 00:00:00+00:00,12.270000457763672,12.270000457763672,11.90999984741211,9.489579200744627,322637.0,0.0,
2018-10-10 00:00:00+00:00,11.970000267028809,12.09000015258789,11.609999656677246,9.252535820007324,313492.0,0.0,
2018-10-11 00:00:00+00:00,11.720000267028809,12.739999771118164,11.6899995803833,9.2604398727417,358292.0,0.0,
2018-10-12 00:00:00+00:00,12.09000015258789,12.4399995803833,12.024999618530272,9.576493263244627,149048.0,0.0,
2018-10-15 00:00:00+00:00,12.119999885559082,12.229999542236328,12.0600004196167,9.536986351013184,183430.0,0.0,
2018-10-16 00:00:00+00:00,12.210000038146973,12.289999961853027,12.100000381469728,9.65550708770752,405891.0,0.0,
2018-10-17 00:00:00+00:00,12.229999542236328,12.239999771118164,12.06999969482422,9.639704704284668,664349.0,0.0,
2018-10-18 00:00:00+00:00,12.199999809265137,12.260000228881836,11.890000343322754,9.639704704284668,225425.0,0.0,
2018-10-19 00:00:00+00:00,12.399999618530272,12.770000457763672,12.210000038146973,10.011070251464844,174010.0,0.0,
2018-10-22 00:00:00+00:00,12.729999542236328,13.020000457763672,12.5,10.058478355407717,142820.0,0.0,
2018-10-23 00:00:00+00:00,12.520000457763672,13.079999923706056,12.43869972229004,10.303422927856444,156602.0,0.0,
2018-10-24 00:00:00+00:00,13.010000228881836,13.050000190734863,12.710000038146973,10.105887413024902,129085.0,0.0,
2018-10-25 00:00:00+00:00,12.859999656677246,12.979999542236328,12.710000038146973,10.137491226196287,65847.0,0.0,
2018-10-26 00:00:00+00:00,12.699999809265137,12.9399995803833,12.619999885559082,10.153295516967772,100732.0,0.0,
2018-10-29 00:00:00+00:00,12.960000038146973,13.050000190734863,12.729999542236328,10.113788604736328,136962.0,0.0,
2018-10-30 00:00:00+00:00,12.770000457763672,12.949999809265137,12.56999969482422,10.02687168121338,69024.0,0.0,
2018-10-31 00:00:00+00:00,12.800000190734863,13.229999542236328,12.600000381469728,10.42984390258789,124697.0,0.0,
2018-11-01 00:00:00+00:00,13.109999656677246,13.739999771118164,13.09000015258789,10.840716361999512,220410.0,0.0,
2018-11-02 00:00:00+00:00,13.43000030517578,13.649999618530272,13.029999732971191,10.335027694702148,213866.0,0.0,
2018-11-05 00:00:00+00:00,13.140000343322754,13.59000015258789,13.0600004196167,10.31922435760498,136774.0,0.0,
2018-11-06 00:00:00+00:00,13.0600004196167,13.199999809265137,12.850000381469728,10.224408149719238,131671.0,0.0,
2018-11-07 00:00:00+00:00,13.010000228881836,13.199999809265137,12.979999542236328,10.342930793762209,78967.0,0.0,
2018-11-08 00:00:00+00:00,13.050000190734863,13.130000114440918,12.960000038146973,10.303422927856444,42615.0,0.0,
2018-11-09 00:00:00+00:00,12.899999618530272,13.0,12.604999542236328,10.074281692504885,85072.0,0.0,
2018-11-12 00:00:00+00:00,12.739999771118164,12.80500030517578,12.5,9.916253089904783,124659.0,0.0,
2018-11-13 00:00:00+00:00,12.579999923706056,12.9350004196167,12.579999923706056,10.074281692504885,290637.0,0.0,
2018-11-14 00:00:00+00:00,13.75,14.949999809265137,13.65999984741211,11.180477142333984,788557.0,0.0,
2018-11-15 00:00:00+00:00,13.93000030517578,14.510000228881836,13.899999618530272,11.409618377685549,299477.0,0.0,
2018-11-16 00:00:00+00:00,14.199999809265137,14.329999923706056,13.43000030517578,11.15677261352539,237426.0,0.0,
2018-11-19 00:00:00+00:00,13.880000114440918,14.25,13.880000114440918,11.04615306854248,152242.0,0.0,
2018-11-20 00:00:00+00:00,13.770000457763672,14.399999618530272,13.68000030517578,11.21998405456543,199191.0,0.0,
2018-11-21 00:00:00+00:00,14.210000038146973,14.800000190734863,14.210000038146973,11.441225051879885,414927.0,0.0,
2018-11-23 00:00:00+00:00,14.449999809265137,14.59000015258789,14.210000038146973,11.283194541931152,57473.0,0.0,
2018-11-26 00:00:00+00:00,14.109999656677246,15.0,14.109999656677246,11.725672721862791,178569.0,0.0,
2018-11-27 00:00:00+00:00,14.65999984741211,14.869999885559082,14.539999961853027,11.599250793457031,123719.0,0.0,
2018-11-28 00:00:00+00:00,14.65999984741211,15.0,14.550000190734863,11.820488929748535,122997.0,0.0,
2018-11-29 00:00:00+00:00,14.880000114440918,14.989999771118164,14.550000190734863,11.543941497802734,73256.0,0.0,
2018-11-30 00:00:00+00:00,14.539999961853027,15.229999542236328,14.529999732971191,11.88370132446289,172467.0,0.0,
2018-12-03 00:00:00+00:00,15.170000076293944,15.270000457763672,14.869999885559082,11.844195365905762,204137.0,0.0,
2018-12-04 00:00:00+00:00,14.9399995803833,15.229999542236328,14.380000114440918,11.40171718597412,194640.0,0.0,
2018-12-06 00:00:00+00:00,14.31999969482422,14.68000030517578,14.170000076293944,11.567645072937012,173674.0,0.0,
2018-12-07 00:00:00+00:00,14.670000076293944,14.979999542236328,14.270000457763672,11.40171718597412,112627.0,0.0,
2018-12-10 00:00:00+00:00,14.390000343322754,14.755000114440918,14.320799827575684,11.536039352416992,163633.0,0.0,
2018-12-11 00:00:00+00:00,14.729999542236328,14.809900283813477,14.460000038146973,11.536039352416992,88001.0,0.0,
2018-12-12 00:00:00+00:00,14.5,14.93000030517578,14.470000267028809,11.654561042785645,173010.0,0.0,
2018-12-13 00:00:00+00:00,14.779999732971191,14.954999923706056,14.420000076293944,11.74937629699707,162055.0,0.0,
2018-12-14 00:00:00+00:00,14.649999618530272,14.84000015258789,14.329999923706056,11.480731964111328,215906.0,0.0,
2018-12-17 00:00:00+00:00,14.479999542236328,14.630000114440918,14.119999885559082,11.24368667602539,254656.0,0.0,
2018-12-18 00:00:00+00:00,14.369999885559082,14.625,14.3100004196167,11.425421714782717,101084.0,0.0,
2018-12-19 00:00:00+00:00,14.449999809265137,14.84000015258789,14.375,11.441225051879885,74685.0,0.0,
2018-12-20 00:00:00+00:00,14.479999542236328,14.510000228881836,13.229999542236328,10.880224227905272,172578.0,0.0,
2018-12-21 00:00:00+00:00,13.8100004196167,13.829999923706056,13.010000228881836,10.342930793762209,256208.0,0.0,
2018-12-24 00:00:00+00:00,13.119999885559082,13.259099960327148,12.9350004196167,10.240212440490724,131080.0,0.0,
2018-12-26 00:00:00+00:00,13.079999923706056,13.899999618530272,13.079999923706056,10.967137336730955,87142.0,0.0,
2018-12-27 00:00:00+00:00,13.699999809265137,13.8100004196167,13.119999885559082,10.60367488861084,157029.0,0.0,
2018-12-28 00:00:00+00:00,13.529999732971191,13.949999809265137,13.437999725341797,10.809111595153809,133816.0,0.0,
2018-12-31 00:00:00+00:00,13.670000076293944,14.1899995803833,13.393699645996094,11.172574996948242,101747.0,0.0,
2019-01-02 00:00:00+00:00,13.93000030517578,14.199999809265137,13.649999618530272,11.125166893005373,55767.0,0.0,
2019-01-03 00:00:00+00:00,13.949999809265137,14.140000343322754,13.600000381469728,10.801210403442385,34547.0,0.0,
2019-01-04 00:00:00+00:00,13.920000076293944,14.449999809265137,13.850000381469728,11.227886199951172,49982.0,0.0,
2019-01-07 00:00:00+00:00,14.270000457763672,14.479999542236328,14.06999969482422,11.36220932006836,78937.0,0.0,
2019-01-08 00:00:00+00:00,14.479999542236328,14.479999542236328,14.239999771118164,11.283194541931152,31380.0,0.0,
2019-01-09 00:00:00+00:00,14.3100004196167,14.529999732971191,14.300000190734863,11.441225051879885,79578.0,0.0,
2019-01-10 00:00:00+00:00,14.380000114440918,14.699999809265137,14.154999732971191,11.385913848876951,262459.0,0.0,
2019-01-11 00:00:00+00:00,14.369999885559082,14.460000038146973,13.920000076293944,11.212081909179688,104371.0,0.0,
2019-01-14 00:00:00+00:00,14.130000114440918,14.489999771118164,14.09000015258789,11.346406936645508,49918.0,0.0,
2019-01-15 00:00:00+00:00,14.369999885559082,14.630000114440918,14.31999969482422,11.543941497802734,183399.0,0.0,
2019-01-16 00:00:00+00:00,14.600000381469728,14.920000076293944,14.550000190734863,11.575546264648438,305391.0,0.0,
2019-01-17 00:00:00+00:00,14.640000343322754,14.670000076293944,14.390000343322754,11.409618377685549,108788.0,0.0,
2019-01-18 00:00:00+00:00,14.5,14.510000228881836,14.260000228881836,11.338504791259766,148914.0,0.0,
2019-01-22 00:00:00+00:00,14.350000381469728,14.890000343322754,14.3100004196167,11.662463188171388,696213.0,0.0,
2019-01-23 00:00:00+00:00,14.859999656677246,14.979999542236328,14.699999809265137,11.78098487854004,64802.0,0.0,
2019-01-24 00:00:00+00:00,14.920000076293944,15.470000267028809,14.850000381469728,12.176053047180176,231585.0,0.0,
2019-01-25 00:00:00+00:00,15.399999618530272,15.5,14.930100440979004,12.168150901794434,333343.0,0.0,
2019-01-28 00:00:00+00:00,15.289999961853027,15.8100004196167,15.229999542236328,12.255067825317385,640922.0,0.0,
2019-01-29 00:00:00+00:00,15.550000190734863,15.574999809265137,15.265000343322754,12.183955192565918,75810.0,0.0,
2019-01-30 00:00:00+00:00,15.5,15.859999656677246,15.229999542236328,12.420995712280272,152092.0,0.0,
2019-01-31 00:00:00+00:00,15.84000015258789,16.059999465942383,15.649999618530272,12.64223575592041,222736.0,0.0,
2019-02-01 00:00:00+00:00,15.899999618530272,16.31999969482422,15.880000114440918,12.879278182983398,224920.0,0.0,
2019-02-04 00:00:00+00:00,16.239999771118164,16.40999984741211,16.049999237060547,12.902981758117676,174205.0,0.0,
2019-02-05 00:00:00+00:00,16.260000228881836,16.290000915527344,15.970000267028809,12.67384147644043,70121.0,0.0,
2019-02-06 00:00:00+00:00,15.899999618530272,16.18000030517578,15.890000343322754,12.71334743499756,70014.0,0.0,
2019-02-07 00:00:00+00:00,15.949999809265137,16.04990005493164,15.739999771118164,12.634332656860352,60320.0,0.0,
2019-02-08 00:00:00+00:00,15.800000190734863,16.1299991607666,15.770000457763672,12.59482479095459,65923.0,0.0,
2019-02-11 00:00:00+00:00,15.90999984741211,16.290000915527344,15.710000038146973,12.77656078338623,115636.0,0.0,
2019-02-12 00:00:00+00:00,16.25,16.389999389648438,16.079999923706055,12.89508056640625,155445.0,0.0,
2019-02-13 00:00:00+00:00,15.920000076293944,15.920000076293944,14.600000381469728,11.875800132751465,592935.0,0.0,
2019-02-14 00:00:00+00:00,14.880000114440918,14.9399995803833,14.335000038146973,11.417516708374023,240211.0,0.0,
2019-02-15 00:00:00+00:00,14.6899995803833,15.039999961853027,14.260000228881836,11.291098594665527,200904.0,0.0,
2019-02-19 00:00:00+00:00,14.300000190734863,14.539999961853027,14.06999969482422,11.393814086914062,220061.0,0.0,
2019-02-20 00:00:00+00:00,14.43000030517578,14.699999809265137,14.210000038146973,11.40171718597412,170281.0,0.0,
2019-02-21 00:00:00+00:00,14.479999542236328,14.579999923706056,14.109999656677246,11.212081909179688,124591.0,0.0,
2019-02-22 00:00:00+00:00,14.380000114440918,14.579999923706056,14.18000030517578,11.24368667602539,95408.0,0.0,
2019-02-25 00:00:00+00:00,14.359999656677246,14.470000267028809,14.119999885559082,11.188379287719728,81904.0,0.0,
2019-02-26 00:00:00+00:00,14.260000228881836,14.380000114440918,13.949999809265137,11.109365463256836,111056.0,0.0,
2019-02-27 00:00:00+00:00,14.0,14.079999923706056,13.81999969482422,10.919730186462402,75116.0,0.0,
2019-02-28 00:00:00+00:00,13.6899995803833,14.15999984741211,13.6899995803833,11.125166893005373,107293.0,0.0,
2019-03-01 00:00:00+00:00,14.18000030517578,14.399999618530272,14.100000381469728,11.196279525756836,80008.0,0.0,
2019-03-04 00:00:00+00:00,14.289999961853027,14.3100004196167,13.8149995803833,10.951336860656738,84609.0,0.0,
2019-03-05 00:00:00+00:00,13.970000267028809,13.98960018157959,13.720000267028809,10.872322082519531,93090.0,0.0,
2019-03-06 00:00:00+00:00,13.8100004196167,13.81999969482422,13.550000190734863,10.73799991607666,143402.0,0.0,
2019-03-07 00:00:00+00:00,13.609999656677246,13.729999542236328,13.42650032043457,10.706393241882324,62961.0,0.0,
2019-03-08 00:00:00+00:00,13.460000038146973,13.68000030517578,13.43000030517578,10.76170253753662,47491.0,0.0,
2019-03-11 00:00:00+00:00,13.75,13.890000343322754,13.640000343322754,10.793309211730955,50234.0,0.0,
2019-03-12 00:00:00+00:00,13.75,13.779999732971191,13.550000190734863,10.714295387268066,49044.0,0.0,
2019-03-13 00:00:00+00:00,13.630000114440918,14.18000030517578,13.600000381469728,11.16467571258545,80316.0,0.0,
2019-03-14 00:00:00+00:00,14.06999969482422,14.489999771118164,14.0,11.425421714782717,209776.0,0.0,
2019-03-15 00:00:00+00:00,14.449999809265137,14.789999961853027,14.239999771118164,11.670364379882812,236009.0,0.0,
2019-03-18 00:00:00+00:00,14.789999961853027,14.920000076293944,14.359999656677246,11.457024574279783,99917.0,0.0,
2019-03-19 00:00:00+00:00,14.529999732971191,14.5600004196167,14.397600173950195,11.393814086914062,43842.0,0.0,
2019-03-20 00:00:00+00:00,14.4399995803833,14.579999923706056,14.31999969482422,11.338504791259766,98221.0,0.0,
2019-03-21 00:00:00+00:00,14.31999969482422,14.68000030517578,14.31999969482422,11.441225051879885,79996.0,0.0,
2019-03-22 00:00:00+00:00,14.420000076293944,14.510000228881836,14.31999969482422,11.322701454162598,104270.0,0.0,
2019-03-25 00:00:00+00:00,14.34000015258789,14.460000038146973,14.274999618530272,11.346406936645508,128919.0,0.0,
2019-03-26 00:00:00+00:00,14.460000038146973,14.81999969482422,14.43000030517578,11.575546264648438,100109.0,0.0,
2019-03-27 00:00:00+00:00,14.640000343322754,14.770000457763672,14.390000343322754,11.433320999145508,166919.0,0.0,
2019-03-28 00:00:00+00:00,14.90999984741211,15.18869972229004,13.82509994506836,11.283194541931152,393194.0,0.0,
2019-03-29 00:00:00+00:00,14.470000267028809,14.59000015258789,14.329999923706056,11.370111465454102,157776.0,0.0,
2019-04-01 00:00:00+00:00,14.489999771118164,14.59000015258789,14.31999969482422,11.528138160705566,87612.0,0.0,
2019-04-02 00:00:00+00:00,14.649999618530272,14.729999542236328,14.460000038146973,11.52023696899414,70561.0,0.0,
2019-04-03 00:00:00+00:00,14.59000015258789,14.699999809265137,14.270000457763672,11.338504791259766,79028.0,0.0,
2019-04-04 00:00:00+00:00,14.300000190734863,14.520000457763672,14.15999984741211,11.251588821411133,92312.0,0.0,
2019-04-05 00:00:00+00:00,14.270000457763672,14.489999771118164,14.18000030517578,11.433320999145508,64102.0,0.0,
2019-04-08 00:00:00+00:00,14.43000030517578,14.43000030517578,14.109999656677246,11.212081909179688,90225.0,0.0,
2019-04-09 00:00:00+00:00,14.1899995803833,14.229999542236328,14.06999969482422,11.188379287719728,101783.0,0.0,
2019-04-10 00:00:00+00:00,14.170000076293944,14.289999961853027,13.859999656677246,11.054054260253906,104066.0,0.0,
2019-04-11 00:00:00+00:00,13.960000038146973,14.050000190734863,13.899999618530272,11.06985855102539,90345.0,0.0,
2019-04-12 00:00:00+00:00,14.039999961853027,14.170000076293944,13.960000038146973,11.172574996948242,88462.0,0.0,
2019-04-15 00:00:00+00:00,14.170000076293944,15.0,14.020000457763672,11.844195365905762,253256.0,0.0,
2019-04-16 00:00:00+00:00,14.989999771118164,15.140000343322754,14.380000114440918,11.378010749816896,141048.0,0.0,
2019-04-17 00:00:00+00:00,14.520000457763672,14.579999923706056,14.239999771118164,11.275294303894045,66485.0,0.0,
2019-04-18 00:00:00+00:00,14.279999732971191,14.279999732971191,14.029999732971191,11.16467571258545,94093.0,0.0,
2019-04-22 00:00:00+00:00,14.170000076293944,14.329999923706056,14.130000114440918,11.25949001312256,59821.0,0.0,
2019-04-23 00:00:00+00:00,14.31999969482422,14.460000038146973,14.100000381469728,11.275294303894045,164210.0,0.0,
2019-04-24 00:00:00+00:00,14.260000228881836,14.329999923706056,14.050000190734863,11.15677261352539,87087.0,0.0,
2019-04-25 00:00:00+00:00,14.100000381469728,14.100000381469728,13.899999618530272,10.98294162750244,58847.0,0.0,
2019-04-26 00:00:00+00:00,13.920000076293944,13.989999771118164,13.779999732971191,10.951336860656738,139185.0,0.0,
2019-04-29 00:00:00+00:00,13.960000038146973,13.989999771118164,13.720000267028809,10.90392780303955,131950.0,0.0,
2019-04-30 00:00:00+00:00,13.8100004196167,14.109999656677246,13.789999961853027,11.06985855102539,197169.0,0.0,
2019-05-01 00:00:00+00:00,14.06999969482422,14.100000381469728,13.6899995803833,10.82491397857666,148363.0,0.0,
2019-05-02 00:00:00+00:00,13.729999542236328,13.789999961853027,13.56999969482422,10.745902061462402,135058.0,0.0,
2019-05-03 00:00:00+00:00,13.710000038146973,14.06999969482422,13.630000114440918,10.864421844482422,210053.0,0.0,
2019-05-06 00:00:00+00:00,13.56999969482422,13.880000114440918,13.529999732971191,10.85651969909668,222134.0,0.0,
2019-05-07 00:00:00+00:00,13.65999984741211,13.829999923706056,13.520000457763672,10.840716361999512,145052.0,0.0,
2019-05-08 00:00:00+00:00,13.720000267028809,13.920000076293944,13.489999771118164,10.68268871307373,138548.0,0.0,
2019-05-09 00:00:00+00:00,13.449999809265137,13.449999809265137,12.925000190734863,10.42984390258789,194117.0,0.0,
2019-05-10 00:00:00+00:00,13.329999923706056,13.614999771118164,13.1899995803833,10.493056297302246,153641.0,0.0,
2019-05-13 00:00:00+00:00,13.170000076293944,13.3100004196167,12.946000099182127,10.240212440490724,139467.0,0.0,
2019-05-14 00:00:00+00:00,13.109999656677246,13.520000457763672,13.0600004196167,10.627378463745115,168620.0,0.0,
2019-05-15 00:00:00+00:00,13.369999885559082,13.885000228881836,13.369999885559082,10.777505874633787,170290.0,0.0,
2019-05-16 00:00:00+00:00,14.739999771118164,16.200000762939453,14.300000190734863,12.634332656860352,1305871.0,0.0,
2019-05-17 00:00:00+00:00,15.510000228881836,16.15999984741211,14.6899995803833,12.420995712280272,719085.0,0.0,
2019-05-20 00:00:00+00:00,15.6899995803833,16.520000457763672,15.619999885559082,12.942487716674805,422019.0,0.0,
2019-05-21 00:00:00+00:00,16.59000015258789,16.920000076293945,16.399999618530273,13.29015064239502,347571.0,0.0,
2019-05-22 00:00:00+00:00,16.860000610351562,17.440000534057617,16.610000610351562,13.701024055480955,407268.0,0.0,
2019-05-23 00:00:00+00:00,17.329999923706055,17.329999923706055,15.970000267028809,13.084712028503418,607313.0,0.0,
2019-05-24 00:00:00+00:00,16.600000381469727,16.790000915527344,16.280000686645508,13.124900817871094,363111.0,0.28,
2019-05-28 00:00:00+00:00,16.559999465942383,16.799999237060547,16.399999618530273,13.229385375976562,352242.0,0.0,
2019-05-29 00:00:00+00:00,16.399999618530273,16.75,16.209999084472656,13.430316925048828,273446.0,0.0,
2019-05-30 00:00:00+00:00,16.729999542236328,17.1200008392334,16.719999313354492,13.55087661743164,235950.0,0.0,
2019-05-31 00:00:00+00:00,16.68000030517578,17.030000686645508,16.34000015258789,13.518728256225586,356640.0,0.0,
2019-06-03 00:00:00+00:00,16.90999984741211,17.059999465942383,16.790000915527344,13.607137680053713,166277.0,0.0,
2019-06-04 00:00:00+00:00,17.110000610351562,17.360000610351562,16.8799991607666,13.896482467651367,258535.0,0.0,
2019-06-05 00:00:00+00:00,17.229999542236328,17.5,17.050800323486328,13.968816757202148,161654.0,0.0,
2019-06-06 00:00:00+00:00,17.3799991607666,17.510000228881836,17.09000015258789,13.791996002197266,268683.0,0.0,
2019-06-07 00:00:00+00:00,17.239999771118164,17.8700008392334,17.180099487304688,14.234046936035156,334081.0,0.0,
2019-06-10 00:00:00+00:00,17.799999237060547,18.920000076293945,17.799999237060547,14.98955249786377,639464.0,0.0,
2019-06-11 00:00:00+00:00,18.809999465942383,19.290000915527344,18.780000686645508,15.439640045166016,379106.0,0.0,
2019-06-12 00:00:00+00:00,19.170000076293945,19.190000534057617,18.61000061035156,15.15833568572998,303617.0,0.0,
2019-06-13 00:00:00+00:00,18.850000381469727,19.1200008392334,18.82999992370605,15.359270095825195,187281.0,0.0,
2019-06-14 00:00:00+00:00,18.920000076293945,19.420000076293945,18.850000381469727,15.439640045166016,322354.0,0.0,
2019-06-17 00:00:00+00:00,19.1299991607666,19.149999618530277,18.3799991607666,14.860957145690918,165285.0,0.0,
2019-06-18 00:00:00+00:00,18.57999992370605,19.43000030517578,18.549999237060547,15.42356777191162,233885.0,0.0,
2019-06-19 00:00:00+00:00,19.190000534057617,20.239999771118164,19.012500762939453,16.203184127807617,388424.0,0.0,
2019-06-20 00:00:00+00:00,20.1299991607666,20.71500015258789,19.940000534057617,16.14691925048828,556504.0,0.0,
2019-06-21 00:00:00+00:00,19.940000534057617,20.899999618530277,19.809999465942383,16.685422897338867,446740.0,0.0,
2019-06-24 00:00:00+00:00,20.799999237060547,20.81999969482422,20.11000061035156,16.44430160522461,355043.0,0.0,
2019-06-25 00:00:00+00:00,20.31999969482422,20.399999618530277,19.625,15.857580184936523,206688.0,0.0,
2019-06-26 00:00:00+00:00,19.850000381469727,20.479999542236328,19.76000022888184,16.315702438354492,261666.0,0.0,
2019-06-27 00:00:00+00:00,20.239999771118164,20.420000076293945,19.75,16.090660095214844,180758.0,0.0,
2019-06-28 00:00:00+00:00,20.01000022888184,20.040000915527344,19.34000015258789,15.72898292541504,193215.0,0.0,
2019-07-01 00:00:00+00:00,19.75,20.040000915527344,19.459999084472656,15.688798904418944,206236.0,0.0,
2019-07-02 00:00:00+00:00,19.5,19.729999542236328,19.170000076293945,15.801319122314451,150875.0,0.0,
2019-07-03 00:00:00+00:00,19.799999237060547,20.020000457763672,19.51000022888184,16.034400939941406,95106.0,0.0,
2019-07-05 00:00:00+00:00,19.75,20.3799991607666,19.75,16.243370056152344,190145.0,0.0,
2019-07-08 00:00:00+00:00,20.1299991607666,20.549999237060547,20.049999237060547,16.14691925048828,193565.0,0.0,
2019-07-09 00:00:00+00:00,20.100000381469727,20.57999992370605,19.75,16.251407623291016,221263.0,0.0,
2019-07-10 00:00:00+00:00,20.280000686645508,20.56999969482422,20.25,16.380002975463867,157299.0,0.0,
2019-07-11 00:00:00+00:00,20.459999084472656,20.530000686645508,20.1299991607666,16.243370056152344,173285.0,0.0,
2019-07-12 00:00:00+00:00,20.190000534057617,20.2450008392334,19.989999771118164,16.23533058166504,153165.0,0.0,
2019-07-15 00:00:00+00:00,20.21999931335449,20.59000015258789,20.170000076293945,16.508602142333984,179909.0,0.0,
2019-07-16 00:00:00+00:00,20.520000457763672,20.58989906311035,19.93000030517578,16.090660095214844,179515.0,0.0,
2019-07-17 00:00:00+00:00,19.96999931335449,19.989999771118164,19.459999084472656,15.921878814697266,242141.0,0.0,
2019-07-18 00:00:00+00:00,19.8700008392334,20.100000381469727,19.6200008392334,15.825432777404783,142128.0,0.0,
2019-07-19 00:00:00+00:00,19.670000076293945,19.8700008392334,19.56999969482422,15.809354782104492,111825.0,0.0,
2019-07-22 00:00:00+00:00,19.770000457763672,19.88999938964844,19.440000534057617,15.801319122314451,200350.0,0.0,
2019-07-23 00:00:00+00:00,19.549999237060547,20.899999618530277,19.299999237060547,16.613086700439453,370452.0,0.0,
2019-07-24 00:00:00+00:00,20.600000381469727,20.6299991607666,20.040000915527344,16.476451873779297,211260.0,0.0,
2019-07-25 00:00:00+00:00,20.51000022888184,21.46999931335449,20.450000762939453,17.111398696899414,581316.0,0.0,
2019-07-26 00:00:00+00:00,21.46999931335449,22.40999984741211,21.40999984741211,17.81064224243164,623439.0,0.0,
2019-07-29 00:00:00+00:00,22.020000457763672,22.040000915527344,21.01499938964844,16.958690643310547,587059.0,0.0,
2019-07-30 00:00:00+00:00,20.84000015258789,21.37989997863769,20.809999465942383,16.99887466430664,140190.0,0.0,
2019-07-31 00:00:00+00:00,21.190000534057617,22.0,21.040000915527344,17.657936096191406,369564.0,0.0,
2019-08-01 00:00:00+00:00,22.0,22.549999237060547,21.18000030517578,17.119434356689453,558639.0,0.0,
2019-08-02 00:00:00+00:00,20.809999465942383,21.290000915527344,20.0,16.12281036376953,561141.0,0.0,
2019-08-05 00:00:00+00:00,19.770000457763672,20.40999984741211,19.25,15.528051376342772,319827.0,0.0,
2019-08-06 00:00:00+00:00,19.51000022888184,19.82999992370605,19.36000061035156,15.817392349243164,166277.0,0.0,
2019-08-07 00:00:00+00:00,19.540000915527344,20.100000381469727,19.434999465942383,16.10673713684082,175902.0,0.0,
2019-08-08 00:00:00+00:00,20.229999542236328,20.43000030517578,19.96999931335449,16.15496063232422,197181.0,0.0,
2019-08-09 00:00:00+00:00,19.950000762939453,20.21999931335449,19.459999084472656,16.16299819946289,146348.0,0.0,
2019-08-12 00:00:00+00:00,20.01000022888184,20.01000022888184,18.520000457763672,15.005626678466797,314176.0,0.0,
2019-08-13 00:00:00+00:00,18.709999084472656,19.3799991607666,18.530000686645508,15.375344276428224,313398.0,0.0,
2019-08-14 00:00:00+00:00,18.739999771118164,19.09499931335449,18.710100173950195,15.085999488830566,203893.0,0.0,
2019-08-15 00:00:00+00:00,18.770000457763672,19.040000915527344,18.200000762939453,14.965439796447754,218190.0,0.0,
2019-08-16 00:00:00+00:00,18.71999931335449,19.11000061035156,18.61000061035156,15.34319305419922,387248.0,0.0,
2019-08-19 00:00:00+00:00,20.440000534057617,23.889799118041992,20.290000915527344,18.550071716308597,2012700.0,0.0,
2019-08-20 00:00:00+00:00,22.8799991607666,23.170000076293945,22.0,18.300920486450195,650218.0,0.0,
2019-08-21 00:00:00+00:00,23.0,23.479999542236328,22.440000534057617,18.46969985961914,510908.0,0.0,
2019-08-22 00:00:00+00:00,22.850000381469727,23.799999237060547,22.31999969482422,19.03231239318848,557592.0,0.0,
2019-08-23 00:00:00+00:00,23.5,24.399999618530277,22.770000457763672,18.4536247253418,841506.0,0.0,
2019-08-26 00:00:00+00:00,23.459999084472656,23.770000457763672,23.01000022888184,18.70277976989746,353409.0,0.0,
2019-08-27 00:00:00+00:00,23.299999237060547,24.32999992370605,23.1200008392334,19.361841201782227,487303.0,0.0,
2019-08-28 00:00:00+00:00,24.040000915527344,24.46999931335449,23.559999465942383,19.33772850036621,454107.0,0.0,
2019-08-29 00:00:00+00:00,24.190000534057617,24.46999931335449,23.88999938964844,19.736194610595703,280813.0,0.28,
2019-08-30 00:00:00+00:00,24.43000030517578,24.88999938964844,24.165000915527344,19.760587692260746,358651.0,0.0,
2019-09-03 00:00:00+00:00,24.32999992370605,24.71999931335449,24.138999938964844,20.06960105895996,285616.0,0.0,
2019-09-04 00:00:00+00:00,24.61000061035156,24.87989997863769,24.25,19.906963348388672,172072.0,0.0,
2019-09-05 00:00:00+00:00,24.88999938964844,25.249900817871094,24.3799991607666,20.037071228027344,371437.0,0.0,
2019-09-06 00:00:00+00:00,24.700000762939453,24.979999542236328,24.40999984741211,19.923229217529297,525666.0,0.0,
2019-09-09 00:00:00+00:00,24.5,24.59000015258789,22.65999984741211,18.7359676361084,397942.0,0.0,
2019-09-10 00:00:00+00:00,23.020000457763672,23.46999931335449,22.604999542236328,18.92300033569336,237655.0,0.0,
2019-09-11 00:00:00+00:00,23.299999237060547,23.46999931335449,22.899999618530277,18.874208450317383,210361.0,0.0,
2019-09-12 00:00:00+00:00,23.32999992370605,23.479999542236328,23.1299991607666,18.84167861938477,150530.0,0.0,
2019-09-13 00:00:00+00:00,23.239999771118164,23.420000076293945,22.56999969482422,18.670907974243164,502552.0,0.0,
2019-09-16 00:00:00+00:00,22.920000076293945,23.149999618530277,22.020000457763672,18.44321632385254,329110.0,0.0,
2019-09-17 00:00:00+00:00,22.690000534057617,22.82990074157715,22.40999984741211,18.45134735107422,106017.0,0.0,
2019-09-18 00:00:00+00:00,22.540000915527344,22.71999931335449,22.01000022888184,18.158597946166992,266370.0,0.0,
2019-09-19 00:00:00+00:00,22.350000381469727,23.56999969482422,22.30010032653809,19.06937789916992,452770.0,0.0,
2019-09-20 00:00:00+00:00,23.6299991607666,23.8799991607666,22.84000015258789,18.76849174499512,472629.0,0.0,
2019-09-23 00:00:00+00:00,23.1200008392334,23.940000534057617,23.07999992370605,19.288936614990234,188015.0,0.0,
2019-09-24 00:00:00+00:00,23.26000022888184,23.71999931335449,22.309999465942383,18.353763580322266,412422.0,0.0,
2019-09-25 00:00:00+00:00,22.57999992370605,22.774999618530277,22.020000457763672,18.508275985717773,158514.0,0.0,
2019-09-26 00:00:00+00:00,22.71999931335449,22.950000762939453,22.3700008392334,18.40255546569824,112597.0,0.0,
2019-09-27 00:00:00+00:00,22.739999771118164,22.739999771118164,21.290000915527344,17.434856414794922,233945.0,0.0,
2019-09-30 00:00:00+00:00,21.440000534057617,22.049999237060547,21.3700008392334,17.849584579467773,132172.0,0.0,
2019-10-01 00:00:00+00:00,22.09000015258789,22.09000015258789,21.200000762939453,17.296615600585938,172974.0,0.0,
2019-10-02 00:00:00+00:00,21.049999237060547,21.280000686645508,20.440000534057617,16.841224670410156,159693.0,0.0,
2019-10-03 00:00:00+00:00,20.780000686645508,20.86000061035156,20.190000534057617,16.8493595123291,112827.0,0.0,
2019-10-04 00:00:00+00:00,20.780000686645508,21.950000762939453,20.649999618530277,17.678813934326172,387673.0,0.0,
2019-10-07 00:00:00+00:00,21.959999084472656,22.46999931335449,21.51000022888184,18.004091262817383,292201.0,0.0,
2019-10-08 00:00:00+00:00,22.07999992370605,22.20989990234375,21.420000076293945,17.45111846923828,258319.0,0.0,
2019-10-09 00:00:00+00:00,21.81999969482422,22.09000015258789,21.690000534057617,17.898380279541016,104936.0,0.0,
2019-10-10 00:00:00+00:00,21.8700008392334,21.989999771118164,21.11000061035156,17.369802474975586,188863.0,0.0,
2019-10-11 00:00:00+00:00,21.299999237060547,21.489900588989254,20.049999237060547,16.491554260253906,509956.0,0.0,
2019-10-14 00:00:00+00:00,20.190000534057617,20.57999992370605,20.190000534057617,16.540346145629883,100476.0,0.0,
2019-10-15 00:00:00+00:00,20.190000534057617,20.200000762939453,18.600000381469727,15.727150917053224,819819.0,0.0,
2019-10-16 00:00:00+00:00,19.43000030517578,19.5,18.059999465942383,14.686264038085938,587532.0,0.0,
2019-10-17 00:00:00+00:00,18.229999542236328,18.350000381469727,17.809999465942383,14.55615520477295,327548.0,0.0,
2019-10-18 00:00:00+00:00,18.32999992370605,18.959999084472656,17.489999771118164,14.344722747802734,816925.0,0.0,
2019-10-21 00:00:00+00:00,18.81999969482422,18.81999969482422,17.829999923706055,14.637473106384276,377494.0,0.0,
2019-10-22 00:00:00+00:00,18.26000022888184,18.36000061035156,17.520000457763672,14.263407707214355,487672.0,0.0,
2019-10-23 00:00:00+00:00,17.540000915527344,18.040000915527344,17.510000228881836,14.466703414916992,251512.0,0.0,
2019-10-24 00:00:00+00:00,17.969999313354492,18.25,17.920000076293945,14.637473106384276,329828.0,0.0,
2019-10-25 00:00:00+00:00,18.020000457763672,18.06999969482422,17.724000930786133,14.55615520477295,174456.0,0.0,
2019-10-28 00:00:00+00:00,18.040000915527344,18.395000457763672,17.959999084472656,14.865169525146484,361386.0,0.0,
2019-10-29 00:00:00+00:00,18.11000061035156,18.5,18.11000061035156,15.035938262939451,219185.0,0.0,
2019-10-30 00:00:00+00:00,18.770000457763672,19.020000457763672,18.540000915527344,15.336820602416992,226904.0,0.0,
2019-10-31 00:00:00+00:00,19.07999992370605,19.440000534057617,19.020000457763672,15.743416786193848,379729.0,0.0,
2019-11-01 00:00:00+00:00,19.6200008392334,20.190000534057617,19.51000022888184,16.402101516723633,492154.0,0.0,
2019-11-04 00:00:00+00:00,20.31999969482422,20.42989921569824,18.540000915527344,15.271764755249023,792365.0,0.0,
2019-11-05 00:00:00+00:00,19.21999931335449,19.31999969482422,18.13010025024414,14.873299598693848,558972.0,0.0,
2019-11-06 00:00:00+00:00,18.76000022888184,18.790000915527344,17.90999984741211,14.74318790435791,275952.0,0.0,
2019-11-07 00:00:00+00:00,18.549999237060547,18.780000686645508,18.5,15.100994110107422,240506.0,0.0,
2019-11-08 00:00:00+00:00,18.549999237060547,18.61000061035156,18.049999237060547,15.060331344604492,552438.0,0.0,
2019-11-11 00:00:00+00:00,18.700000762939453,19.26499938964844,18.559999465942383,15.410006523132324,237084.0,0.0,
2019-11-12 00:00:00+00:00,18.989999771118164,19.020000457763672,18.649999618530277,15.43440055847168,178769.0,0.0,
2019-11-13 00:00:00+00:00,18.8700008392334,19.0049991607666,18.825000762939453,15.336820602416992,146193.0,0.0,
2019-11-14 00:00:00+00:00,18.86000061035156,19.149999618530277,18.68000030517578,15.548251152038574,135669.0,0.0,
2019-11-15 00:00:00+00:00,19.229999542236328,19.86000061035156,19.11000061035156,15.922318458557127,461717.0,0.0,
2019-11-18 00:00:00+00:00,19.65999984741211,19.96999931335449,19.534299850463867,16.068693161010742,267137.0,0.0,
2019-11-19 00:00:00+00:00,19.959999084472656,20.229999542236328,19.739999771118164,16.345176696777344,442770.0,0.0,
2019-11-20 00:00:00+00:00,20.920000076293945,20.93000030517578,18.309999465942383,15.43440055847168,1474868.0,0.0,
2019-11-21 00:00:00+00:00,19.31999969482422,19.43000030517578,18.549999237060547,15.271764755249023,710976.0,0.0,
2019-11-22 00:00:00+00:00,19.0,20.229999542236328,18.76000022888184,16.166275024414062,1084121.0,0.0,
2019-11-25 00:00:00+00:00,19.270000457763672,19.8799991607666,19.270000457763672,16.003639221191406,585903.0,0.0,
2019-11-26 00:00:00+00:00,19.700000762939453,20.739999771118164,19.599000930786133,16.564739227294922,592913.0,0.0,
2019-11-27 00:00:00+00:00,20.299999237060547,20.450000762939453,19.809999465942383,16.328914642333984,346200.0,0.0,
2019-11-29 00:00:00+00:00,19.81999969482422,20.0,19.46999931335449,16.345409393310547,192845.0,0.28,
2019-12-02 00:00:00+00:00,19.8799991607666,19.8799991607666,19.3700008392334,16.14748191833496,252170.0,0.0,
2019-12-03 00:00:00+00:00,19.36000061035156,20.1299991607666,19.270000457763672,16.452621459960938,366124.0,0.0,
2019-12-04 00:00:00+00:00,19.989999771118164,20.059999465942383,19.4950008392334,16.32891273498535,216318.0,0.0,
2019-12-05 00:00:00+00:00,19.809999465942383,20.149999618530277,19.75,16.452621459960938,159385.0,0.0,
2019-12-06 00:00:00+00:00,19.93000030517578,20.440000534057617,19.88999938964844,16.815481185913086,215250.0,0.0,
2019-12-09 00:00:00+00:00,20.229999542236328,20.649999618530277,20.11000061035156,16.840225219726562,278164.0,0.0,
2019-12-10 00:00:00+00:00,20.170000076293945,20.479999542236328,20.06999969482422,16.650548934936523,247161.0,0.0,
2019-12-11 00:00:00+00:00,20.149999618530277,20.399999618530277,19.88999938964844,16.782495498657227,210137.0,0.0,
2019-12-12 00:00:00+00:00,20.38999938964844,20.920000076293945,20.1299991607666,17.211334228515625,281795.0,0.0,
2019-12-13 00:00:00+00:00,20.739999771118164,21.489999771118164,20.520000457763672,17.648420333862305,383912.0,0.0,
2019-12-16 00:00:00+00:00,21.3799991607666,21.520000457763672,20.979999542236328,17.368024826049805,222194.0,0.0,
2019-12-17 00:00:00+00:00,21.100000381469727,21.63999938964844,20.979999542236328,17.607187271118164,320370.0,0.0,
2019-12-18 00:00:00+00:00,20.75,20.90999984741211,18.239999771118164,15.677407264709473,2441084.0,0.0,
2019-12-19 00:00:00+00:00,19.540000915527344,19.690000534057617,18.450000762939453,15.22382640838623,946875.0,0.0,
2019-12-20 00:00:00+00:00,18.88999938964844,19.09000015258789,18.420000076293945,15.438244819641112,711984.0,0.0,
2019-12-23 00:00:00+00:00,19.0,19.25,18.739999771118164,15.570196151733398,536230.0,0.0,
2019-12-24 00:00:00+00:00,19.09000015258789,19.11000061035156,18.6299991607666,15.372268676757812,239472.0,0.0,
2019-12-26 00:00:00+00:00,18.82999992370605,19.290000915527344,18.82999992370605,15.702146530151367,247744.0,0.0,
2019-12-27 00:00:00+00:00,19.26000022888184,19.280000686645508,19.049999237060547,15.735136032104492,223697.0,0.0,
2019-12-30 00:00:00+00:00,19.170000076293945,19.26000022888184,18.979999542236328,15.809356689453123,204497.0,0.0,
2019-12-31 00:00:00+00:00,19.030000686645508,19.399999618530277,18.920000076293945,15.966052055358888,233004.0,0.0,
2020-01-02 00:00:00+00:00,19.40999984741211,19.649999618530277,19.149999618530277,15.90832233428955,146328.0,0.0,
2020-01-03 00:00:00+00:00,19.149999618530277,19.25,18.88999938964844,15.652667045593262,211980.0,0.0,
2020-01-06 00:00:00+00:00,18.82999992370605,18.959999084472656,18.71999931335449,15.53721046447754,131663.0,0.0,
2020-01-07 00:00:00+00:00,18.8799991607666,18.8799991607666,18.299999237060547,15.24856662750244,312302.0,0.0,
2020-01-08 00:00:00+00:00,18.649999618530277,18.81999969482422,18.559999465942383,15.339282989501951,167023.0,0.0,
2020-01-09 00:00:00+00:00,18.790000915527344,19.26000022888184,18.739999771118164,15.726887702941896,453968.0,0.0,
2020-01-10 00:00:00+00:00,19.290000915527344,19.770000457763672,19.15999984741211,16.23819923400879,656804.0,0.0,
2020-01-13 00:00:00+00:00,19.86000061035156,20.229999542236328,19.780000686645508,16.353652954101562,311628.0,0.0,
2020-01-14 00:00:00+00:00,20.059999465942383,20.061199188232425,19.34000015258789,16.08975601196289,264900.0,0.0,
2020-01-15 00:00:00+00:00,19.739999771118164,19.76000022888184,19.309999465942383,16.065011978149414,169844.0,0.0,
2020-01-16 00:00:00+00:00,19.68000030517578,19.75,19.450000762939453,16.196964263916016,206721.0,0.0,
2020-01-17 00:00:00+00:00,19.770000457763672,20.1200008392334,19.729999542236328,16.378398895263672,316697.0,0.0,
2020-01-21 00:00:00+00:00,19.75,19.90749931335449,19.36000061035156,16.345409393310547,296516.0,0.0,
2020-01-22 00:00:00+00:00,19.86000061035156,20.229999542236328,19.81999969482422,16.493852615356445,309352.0,0.0,
2020-01-23 00:00:00+00:00,19.920000076293945,20.07999992370605,19.68000030517578,16.452621459960938,229175.0,0.0,
2020-01-24 00:00:00+00:00,20.0,20.07999992370605,19.3799991607666,16.048519134521484,200702.0,0.0,
2020-01-27 00:00:00+00:00,19.0,19.01000022888184,18.450000762939453,15.281556129455566,336941.0,0.0,
2020-01-28 00:00:00+00:00,18.920000076293945,18.950000762939453,18.670000076293945,15.594938278198242,167976.0,0.0,
2020-01-29 00:00:00+00:00,19.13999938964844,19.25,18.9950008392334,15.735136032104492,86085.0,0.0,
2020-01-30 00:00:00+00:00,19.0,19.0,18.559999465942383,15.495973587036133,112973.0,0.0,
2020-01-31 00:00:00+00:00,18.690000534057617,18.91510009765625,18.530000686645508,15.29804801940918,129051.0,0.0,
2020-02-03 00:00:00+00:00,18.5,18.54330062866211,18.21999931335449,15.141357421875,229870.0,0.0,
2020-02-04 00:00:00+00:00,18.709999084472656,19.1299991607666,18.709999084472656,15.735136032104492,134922.0,0.0,
2020-02-05 00:00:00+00:00,19.26000022888184,19.5,19.01000022888184,15.850591659545898,157109.0,0.0,
2020-02-06 00:00:00+00:00,19.059999465942383,19.36000061035156,19.049999237060547,15.759876251220703,80873.0,0.0,
2020-02-07 00:00:00+00:00,18.8799991607666,19.229999542236328,18.81999969482422,15.858838081359863,99464.0,0.0,
2020-02-10 00:00:00+00:00,19.100000381469727,19.450000762939453,19.090999603271484,15.850591659545898,102987.0,0.0,
2020-02-11 00:00:00+00:00,19.440000534057617,19.690000534057617,19.32999992370605,16.213457107543945,248212.0,0.0,
2020-02-12 00:00:00+00:00,19.71999931335449,20.11000061035156,19.6299991607666,16.543333053588867,291383.0,0.0,
2020-02-13 00:00:00+00:00,19.709999084472656,20.549999237060547,19.709999084472656,16.84847068786621,286919.0,0.0,
2020-02-14 00:00:00+00:00,20.34000015258789,20.489999771118164,19.96999931335449,16.53508758544922,200391.0,0.0,
2020-02-18 00:00:00+00:00,19.979999542236328,20.790000915527344,19.899999618530277,16.83197593688965,278899.0,0.0,
2020-02-19 00:00:00+00:00,20.459999084472656,21.190000534057617,20.3799991607666,17.368024826049805,252350.0,0.0,
2020-02-20 00:00:00+00:00,21.0,21.01499938964844,20.40999984741211,17.153606414794922,196291.0,0.0,
2020-02-21 00:00:00+00:00,20.709999084472656,20.709999084472656,19.96999931335449,16.543333053588867,166502.0,0.0,
2020-02-24 00:00:00+00:00,19.420000076293945,19.57999992370605,18.290000915527344,15.364023208618164,317850.0,0.0,
2020-02-25 00:00:00+00:00,19.1200008392334,19.149900436401367,18.43000030517578,15.273306846618652,269309.0,0.0,
2020-02-26 00:00:00+00:00,18.809999465942383,18.93000030517578,18.489999771118164,15.322790145874023,234444.0,0.0,
2020-02-27 00:00:00+00:00,18.229999542236328,18.540000915527344,18.040000915527344,15.058887481689451,432371.0,0.0,
2020-02-28 00:00:00+00:00,17.350000381469727,17.8799991607666,16.899999618530273,14.382640838623049,458078.0,0.0,
2020-03-02 00:00:00+00:00,17.6299991607666,17.649999618530273,17.209999084472656,14.514591217041016,241368.0,0.0,
2020-03-03 00:00:00+00:00,17.899999618530273,18.06999969482422,17.514999389648438,14.531085014343262,175030.0,0.0,
2020-03-04 00:00:00+00:00,17.8700008392334,18.239999771118164,17.84000015258789,15.009405136108398,153690.0,0.0,
2020-03-05 00:00:00+00:00,17.860000610351562,18.16029930114746,17.860000610351562,14.926937103271484,189465.0,0.0,
2020-03-06 00:00:00+00:00,17.280000686645508,17.6299991607666,17.149999618530273,14.440367698669434,180759.0,0.0,
2020-03-09 00:00:00+00:00,16.170000076293945,16.344600677490234,14.699999809265137,12.213698387145996,450674.0,0.0,
2020-03-10 00:00:00+00:00,16.149999618530273,16.15999984741211,15.300000190734863,13.228071212768556,145764.0,0.0,
2020-03-11 00:00:00+00:00,15.380000114440918,15.56999969482422,14.4399995803833,12.098240852355955,263335.0,0.0,
2020-03-12 00:00:00+00:00,13.34000015258789,13.449999809265137,12.619999885559082,10.564312934875488,289454.0,0.0,
2020-03-13 00:00:00+00:00,13.760000228881836,13.850000381469728,12.369999885559082,11.389004707336426,256491.0,0.0,
2020-03-16 00:00:00+00:00,11.510000228881836,12.130000114440918,11.34000015258789,9.863324165344238,410163.0,0.0,
2020-03-17 00:00:00+00:00,11.90999984741211,11.98550033569336,11.199999809265137,9.591175079345703,244204.0,0.0,
2020-03-18 00:00:00+00:00,10.899999618530272,11.170000076293944,8.949999809265137,8.016014099121094,309659.0,0.0,
2020-03-19 00:00:00+00:00,10.119999885559082,10.5,9.59000015258789,8.362382888793945,380509.0,0.0,
2020-03-20 00:00:00+00:00,10.199999809265137,10.516400337219238,9.140000343322754,8.131467819213867,537970.0,0.0,
2020-03-23 00:00:00+00:00,10.199999809265137,10.220000267028809,9.0,8.428359031677246,453011.0,0.0,
2020-03-24 00:00:00+00:00,10.899999618530272,10.9399995803833,8.619999885559082,7.644901752471924,1520694.0,0.0,
2020-03-25 00:00:00+00:00,9.84000015258789,10.100000381469728,9.40999984741211,8.00776481628418,698729.0,0.0,
2020-03-26 00:00:00+00:00,10.1899995803833,11.354999542236328,9.880000114440918,9.112853050231934,719051.0,0.0,
2020-03-27 00:00:00+00:00,10.079999923706056,10.920000076293944,10.079999923706056,8.947914123535156,404290.0,0.0,
2020-03-30 00:00:00+00:00,10.399999618530272,11.15999984741211,10.399999618530272,8.848952293395996,491347.0,0.0,
2020-03-31 00:00:00+00:00,11.010000228881836,11.359999656677246,10.699999809265137,8.832459449768066,323623.0,0.0,
2020-04-01 00:00:00+00:00,10.8100004196167,10.812100410461426,9.850000381469728,8.172704696655273,378663.0,0.0,
2020-04-02 00:00:00+00:00,10.380000114440918,10.800000190734863,10.15999984741211,8.667519569396973,294817.0,0.0,
2020-04-03 00:00:00+00:00,10.640000343322754,10.829999923706056,10.300000190734863,8.827560424804688,197552.0,0.22,
2020-04-06 00:00:00+00:00,11.0,11.649999618530272,10.800000190734863,9.796235084533691,247571.0,0.0,
2020-04-07 00:00:00+00:00,11.75,11.84000015258789,11.420000076293944,9.787811279296877,415304.0,0.0,
2020-04-08 00:00:00+00:00,11.68000030517578,11.729999542236328,11.210000038146973,9.737271308898926,392272.0,0.0,
2020-04-09 00:00:00+00:00,11.880000114440918,12.039999961853027,11.65999984741211,10.074201583862305,405945.0,0.0,
2020-04-13 00:00:00+00:00,12.0,12.149999618530272,11.8100004196167,10.200550079345703,294440.0,0.0,
2020-04-14 00:00:00+00:00,12.270000457763672,13.130000114440918,12.210000038146973,10.992335319519045,343841.0,0.0,
2020-04-15 00:00:00+00:00,12.34000015258789,12.55500030517578,11.789999961853027,9.939430236816406,222776.0,0.0,
2020-04-16 00:00:00+00:00,12.149999618530272,12.229999542236328,11.81999969482422,10.158434867858888,508621.0,0.0,
2020-04-17 00:00:00+00:00,12.270000457763672,12.515000343322754,12.06999969482422,10.495363235473633,199801.0,0.0,
2020-04-20 00:00:00+00:00,12.06999969482422,12.140000343322754,11.609999656677246,9.880467414855955,218593.0,0.0,
2020-04-21 00:00:00+00:00,11.40999984741211,11.59000015258789,11.3100004196167,9.568805694580078,158956.0,0.0,
2020-04-22 00:00:00+00:00,11.9399995803833,11.960000038146973,11.609999656677246,10.006815910339355,203252.0,0.0,
2020-04-23 00:00:00+00:00,12.0600004196167,12.5600004196167,12.029999732971191,10.38586139678955,168831.0,0.0,
2020-04-24 00:00:00+00:00,12.329999923706056,12.329999923706056,11.770000457763672,10.133164405822754,180571.0,0.0,
2020-04-27 00:00:00+00:00,12.020000457763672,12.40999984741211,11.75,10.192127227783203,566480.0,0.0,
2020-04-28 00:00:00+00:00,12.399999618530272,12.4399995803833,11.779999732971191,9.98996925354004,240415.0,0.0,
2020-04-29 00:00:00+00:00,12.329999923706056,13.029999732971191,12.149999618530272,10.899678230285645,387933.0,0.0,
2020-04-30 00:00:00+00:00,12.699999809265137,12.779999732971191,12.09000015258789,10.293207168579102,364800.0,0.0,
2020-05-01 00:00:00+00:00,12.010000228881836,13.0600004196167,11.859999656677246,10.950218200683594,358357.0,0.0,
2020-05-04 00:00:00+00:00,12.970000267028809,12.970000267028809,12.0,10.335323333740234,345459.0,0.0,
2020-05-05 00:00:00+00:00,12.460000038146973,12.6899995803833,12.460000038146973,10.503787994384766,195446.0,0.0,
2020-05-06 00:00:00+00:00,12.550000190734863,12.68000030517578,12.079999923706056,10.267935752868652,154199.0,0.0,
2020-05-07 00:00:00+00:00,12.550000190734863,12.800000190734863,12.300000190734863,10.764906883239746,337875.0,0.0,
2020-05-08 00:00:00+00:00,12.760000228881836,12.979999542236328,12.609999656677246,10.680676460266112,160070.0,0.0,
2020-05-11 00:00:00+00:00,12.619999885559082,13.5600004196167,12.510000228881836,11.253456115722656,508179.0,0.0,
2020-05-12 00:00:00+00:00,13.239999771118164,13.550000190734863,12.800000190734863,10.79860019683838,270525.0,0.0,
2020-05-13 00:00:00+00:00,12.9399995803833,12.9399995803833,11.619999885559082,9.964699745178224,426381.0,0.0,
2020-05-14 00:00:00+00:00,11.920000076293944,12.140000343322754,11.399999618530272,10.183704376220703,390481.0,0.0,
2020-05-15 00:00:00+00:00,12.09000015258789,12.40999984741211,11.989999771118164,10.427977561950684,246232.0,0.0,
2020-05-18 00:00:00+00:00,12.600000381469728,13.380000114440918,12.510000228881836,11.068143844604492,294260.0,0.0,
2020-05-19 00:00:00+00:00,13.119999885559082,14.380000114440918,13.0600004196167,11.98627758026123,794434.0,0.0,
2020-05-20 00:00:00+00:00,14.399999618530272,14.84000015258789,13.5,11.497730255126951,727008.0,0.0,
2020-05-21 00:00:00+00:00,13.880000114440918,14.279999732971191,13.56999969482422,11.514575958251951,404066.0,0.0,
2020-05-22 00:00:00+00:00,13.699999809265137,14.0,13.494999885559082,11.523000717163086,279979.0,0.0,
2020-05-26 00:00:00+00:00,14.020000457763672,14.539999961853027,14.020000457763672,12.03681755065918,363491.0,0.0,
2020-05-27 00:00:00+00:00,14.4399995803833,14.460000038146973,13.869999885559082,11.834660530090332,467364.0,0.0,
2020-05-28 00:00:00+00:00,14.199999809265137,14.234999656677246,13.90999984741211,11.817811965942385,452446.0,0.0,
2020-05-29 00:00:00+00:00,14.010000228881836,14.050000190734863,13.779999732971191,11.7462158203125,420991.0,0.0,
2020-06-01 00:00:00+00:00,13.960000038146973,14.140000343322754,13.75,11.8185396194458,272934.0,0.14,
2020-06-02 00:00:00+00:00,14.0,14.550000190734863,14.0,12.11634349822998,373631.0,0.0,
2020-06-03 00:00:00+00:00,14.449999809265137,14.84000015258789,14.420000076293944,12.473706245422363,293334.0,0.0,
2020-06-04 00:00:00+00:00,14.4399995803833,14.489999771118164,14.15999984741211,12.192920684814451,269607.0,0.0,
2020-06-05 00:00:00+00:00,14.5,14.890000343322754,14.5,12.499232292175291,553180.0,0.0,
2020-06-08 00:00:00+00:00,14.800000190734863,15.760000228881836,14.758099555969238,13.111856460571287,637451.0,0.0,
2020-06-09 00:00:00+00:00,15.0600004196167,15.44499969482422,15.050000190734863,12.92466640472412,336966.0,0.0,
2020-06-10 00:00:00+00:00,15.199999809265137,15.199999809265137,14.688599586486816,12.601337432861328,299246.0,0.0,
2020-06-11 00:00:00+00:00,14.300000190734863,14.420000076293944,13.710000038146973,11.66538429260254,436228.0,0.0,
2020-06-12 00:00:00+00:00,14.170000076293944,14.359999656677246,13.609999656677246,11.997222900390623,393923.0,0.0,
2020-06-15 00:00:00+00:00,13.90999984741211,14.121000289916992,13.760000228881836,11.903627395629885,201588.0,0.0,
2020-06-16 00:00:00+00:00,14.43000030517578,14.899999618530272,14.279999732971191,12.48221492767334,270790.0,0.0,
2020-06-17 00:00:00+00:00,14.760000228881836,15.119999885559082,14.510000228881836,12.703441619873049,323082.0,0.0,
2020-06-18 00:00:00+00:00,15.420000076293944,16.299999237060547,15.390000343322754,13.605359077453612,1038810.0,0.0,
2020-06-19 00:00:00+00:00,16.309999465942383,17.690000534057617,16.309999465942383,14.515787124633787,1849489.0,0.0,
2020-06-22 00:00:00+00:00,16.940000534057617,17.420000076293945,16.899999618530273,14.6264009475708,340825.0,0.0,
2020-06-23 00:00:00+00:00,17.329999923706055,18.100000381469727,17.1200008392334,15.341130256652832,680321.0,0.0,
2020-06-24 00:00:00+00:00,17.799999237060547,18.170000076293945,17.510000228881836,15.307093620300291,845906.0,0.0,
2020-06-25 00:00:00+00:00,17.739999771118164,18.0,17.6299991607666,15.222006797790527,309770.0,0.0,
2020-06-26 00:00:00+00:00,17.479999542236328,17.81999969482422,17.299999237060547,14.864643096923828,496288.0,0.0,
2020-06-29 00:00:00+00:00,17.209999084472656,17.559999465942383,17.079999923706055,14.813590049743652,164324.0,0.0,
2020-06-30 00:00:00+00:00,17.020000457763672,17.579999923706055,17.020000457763672,14.737010955810549,187846.0,0.0,
2020-07-01 00:00:00+00:00,17.40999984741211,17.635000228881836,17.40999984741211,14.856133460998535,174374.0,0.0,
2020-07-02 00:00:00+00:00,17.68000030517578,18.229999542236328,17.604999542236328,15.341130256652832,246893.0,0.0,
2020-07-06 00:00:00+00:00,18.170000076293945,18.75,18.11000061035156,15.61340618133545,464717.0,0.0,
2020-07-07 00:00:00+00:00,18.5,18.90999984741211,18.26000022888184,15.715508460998535,339588.0,0.0,
2020-07-08 00:00:00+00:00,18.31999969482422,18.43000030517578,17.389999389648438,14.915696144104004,395881.0,0.0,
2020-07-09 00:00:00+00:00,17.780000686645508,18.290000915527344,17.709999084472656,15.50279426574707,410051.0,0.0,
2020-07-10 00:00:00+00:00,18.209999084472656,18.399999618530277,17.959999084472656,15.33262062072754,278567.0,0.0,
2020-07-13 00:00:00+00:00,18.1200008392334,18.690000534057617,18.020000457763672,15.477266311645508,419827.0,0.0,
2020-07-14 00:00:00+00:00,18.059999465942383,18.100000381469727,17.6299991607666,15.307093620300291,259323.0,0.0,
2020-07-15 00:00:00+00:00,18.38999938964844,18.63999938964844,18.190000534057617,15.672966003417969,227127.0,0.0,
2020-07-16 00:00:00+00:00,18.299999237060547,18.600000381469727,18.209999084472656,15.792084693908691,254010.0,0.0,
2020-07-17 00:00:00+00:00,18.5,18.63999938964844,18.289899826049805,15.638930320739746,235935.0,0.0,
2020-07-20 00:00:00+00:00,18.3799991607666,19.270000457763672,18.31999969482422,16.328134536743164,296090.0,0.0,
2020-07-21 00:00:00+00:00,18.53499984741211,18.63999938964844,16.809999465942383,14.711488723754885,2282398.0,0.0,
2020-07-22 00:00:00+00:00,18.690000534057617,19.420000076293945,18.420000076293945,15.953753471374512,1968542.0,0.0,
2020-07-23 00:00:00+00:00,18.350000381469727,18.850000381469727,18.100000381469727,16.021820068359375,825017.0,0.0,
2020-07-24 00:00:00+00:00,18.450000762939453,18.530000686645508,18.06999969482422,15.724018096923828,273281.0,0.0,
2020-07-27 00:00:00+00:00,18.420000076293945,18.51000022888184,18.060300827026367,15.715508460998535,390318.0,0.0,
2020-07-28 00:00:00+00:00,18.059999465942383,18.899999618530277,17.910999298095703,15.77507209777832,388207.0,0.0,
2020-07-29 00:00:00+00:00,18.61000061035156,19.18000030517578,18.524999618530277,16.200502395629883,346370.0,0.0,
2020-07-30 00:00:00+00:00,18.76000022888184,19.280000686645508,18.670000076293945,16.25155258178711,238220.0,0.0,
2020-07-31 00:00:00+00:00,19.200000762939453,19.489999771118164,18.95499992370605,16.43023681640625,532824.0,0.0,
2020-08-03 00:00:00+00:00,19.729999542236328,19.74920082092285,19.11000061035156,16.28558921813965,441531.0,0.0,
2020-08-04 00:00:00+00:00,19.209999084472656,19.600000381469727,19.13999938964844,16.464269638061523,306362.0,0.0,
2020-08-05 00:00:00+00:00,19.559999465942383,20.049999237060547,19.559999465942383,16.87268829345703,574696.0,0.0,
2020-08-06 00:00:00+00:00,19.76000022888184,20.489999771118164,19.3700008392334,17.32364845275879,705709.0,0.0,
2020-08-07 00:00:00+00:00,20.01000022888184,20.450000762939453,19.94499969482422,17.349172592163086,973313.0,0.0,
2020-08-10 00:00:00+00:00,20.709999084472656,20.84000015258789,20.239999771118164,17.357681274414062,856197.0,0.0,
2020-08-11 00:00:00+00:00,20.729999542236328,20.729999542236328,19.34000015258789,16.50681495666504,408803.0,0.0,
2020-08-12 00:00:00+00:00,19.65999984741211,19.68000030517578,19.149999618530277,16.60892105102539,217348.0,0.0,
2020-08-13 00:00:00+00:00,19.700000762939453,20.18000030517578,19.65999984741211,16.84716033935547,177633.0,0.0,
2020-08-14 00:00:00+00:00,19.899999618530277,20.01000022888184,19.46500015258789,16.566375732421875,163904.0,0.0,
2020-08-17 00:00:00+00:00,19.56999969482422,19.8799991607666,19.350000381469727,16.855669021606445,157021.0,0.0,
2020-08-18 00:00:00+00:00,19.739999771118164,20.07999992370605,19.739999771118164,17.00882911682129,253027.0,0.0,
2020-08-19 00:00:00+00:00,20.68000030517578,20.73200035095215,18.729999542236328,15.996293067932127,1204209.0,0.0,
2020-08-20 00:00:00+00:00,19.170000076293945,19.3799991607666,18.920000076293945,16.19199562072754,439131.0,0.0,
2020-08-21 00:00:00+00:00,18.979999542236328,19.06999969482422,18.600000381469727,15.996293067932127,668871.0,0.0,
2020-08-24 00:00:00+00:00,19.040000915527344,19.107999801635746,18.38999938964844,15.860157012939451,321117.0,0.0,
2020-08-25 00:00:00+00:00,18.700000762939453,18.739999771118164,18.44499969482422,15.88568115234375,226545.0,0.0,
2020-08-26 00:00:00+00:00,18.459999084472656,18.549999237060547,17.959999084472656,15.32411003112793,372387.0,0.0,
2020-08-27 00:00:00+00:00,18.36000061035156,18.53499984741211,17.829999923706055,15.264549255371094,387110.0,0.0,
2020-08-28 00:00:00+00:00,18.1299991607666,18.200000762939453,17.854999542236328,15.358144760131836,244253.0,0.0,
2020-08-31 00:00:00+00:00,18.40999984741211,18.489999771118164,17.81999969482422,15.29007625579834,389995.0,0.0,
2020-09-01 00:00:00+00:00,18.26000022888184,18.270000457763672,17.239999771118164,14.873151779174805,861479.0,0.0,
2020-09-02 00:00:00+00:00,17.459999084472656,17.47100067138672,16.770000457763672,14.286053657531738,486482.0,0.0,
2020-09-03 00:00:00+00:00,16.670000076293945,16.670000076293945,16.149999618530273,13.877636909484863,289028.0,0.0,
2020-09-04 00:00:00+00:00,16.399999618530273,16.450000762939453,15.949999809265137,13.750006675720217,237748.0,0.0,
2020-09-08 00:00:00+00:00,16.149999618530273,16.149999618530273,15.539999961853027,13.367117881774902,258273.0,0.0,
2020-09-09 00:00:00+00:00,16.0,16.149999618530273,15.824999809265137,13.639395713806152,336460.0,0.0,
2020-09-10 00:00:00+00:00,16.170000076293945,16.31999969482422,15.880000114440918,13.54580020904541,322065.0,0.0,
2020-09-11 00:00:00+00:00,16.280000686645508,16.280000686645508,15.479999542236328,13.28203010559082,309562.0,0.0,
2020-09-14 00:00:00+00:00,15.710000038146973,15.949999809265137,15.609999656677246,13.452204704284668,395782.0,0.0,
2020-09-15 00:00:00+00:00,16.030000686645508,16.540000915527344,16.030000686645508,13.860620498657228,246280.0,0.0,
2020-09-16 00:00:00+00:00,16.700000762939453,16.780000686645508,16.31999969482422,13.979742050170898,314343.0,0.0,
2020-09-17 00:00:00+00:00,16.31999969482422,16.709999084472656,16.030000686645508,13.85211181640625,301067.0,0.0,
2020-09-18 00:00:00+00:00,16.510000228881836,16.690000534057617,16.25,14.13289737701416,312993.0,0.0,
2020-09-21 00:00:00+00:00,15.960000038146973,16.360000610351562,15.869999885559082,14.115533828735352,246028.0,0.33,
2020-09-22 00:00:00+00:00,16.280000686645508,16.360000610351562,16.010000228881836,14.176302909851074,207360.0,0.0,
2020-09-23 00:00:00+00:00,16.3700008392334,17.040000915527344,16.360000610351562,14.52354907989502,426556.0,0.0,
2020-09-24 00:00:00+00:00,16.600000381469727,16.860000610351562,16.40999984741211,14.52354907989502,220104.0,0.0,
2020-09-25 00:00:00+00:00,16.479999542236328,17.3700008392334,16.479999542236328,15.035737037658691,322632.0,0.0,
2020-09-28 00:00:00+00:00,17.229999542236328,17.479999542236328,17.204999923706055,15.05309772491455,289523.0,0.0,
2020-09-29 00:00:00+00:00,17.270000457763672,17.600000381469727,17.270000457763672,15.096503257751465,262112.0,0.0,
2020-09-30 00:00:00+00:00,17.520000457763672,17.600000381469727,17.209999084472656,15.061779975891112,240837.0,0.0,
2020-10-01 00:00:00+00:00,17.290000915527344,17.5,17.270000457763672,15.105184555053713,235944.0,0.0,
2020-10-02 00:00:00+00:00,16.950000762939453,17.43000030517578,16.850500106811523,15.035737037658691,139828.0,0.0,
2020-10-05 00:00:00+00:00,17.299999237060547,17.469999313354492,17.200000762939453,15.027053833007812,91047.0,0.0,
2020-10-06 00:00:00+00:00,17.34000015258789,17.559999465942383,17.150100708007812,14.931564331054688,219735.0,0.0,
2020-10-07 00:00:00+00:00,17.079999923706055,17.18000030517578,16.780000686645508,14.662446975708008,179541.0,0.0,
2020-10-08 00:00:00+00:00,17.260000228881836,17.520000457763672,17.149999618530273,15.174633979797363,176849.0,0.0,
2020-10-09 00:00:00+00:00,17.190000534057617,17.290000915527344,16.834999084472656,14.879473686218262,246146.0,0.0,
2020-10-12 00:00:00+00:00,17.25,17.3799991607666,17.049999237060547,14.922881126403809,121592.0,0.0,
2020-10-13 00:00:00+00:00,17.1299991607666,17.309999465942383,17.040000915527344,14.905517578125,151288.0,0.0,
2020-10-14 00:00:00+00:00,17.170000076293945,17.190000534057617,16.56999969482422,14.566954612731934,131998.0,0.0,
2020-10-15 00:00:00+00:00,16.43000030517578,16.479999542236328,16.139999389648438,14.063447952270508,343342.0,0.0,
2020-10-16 00:00:00+00:00,16.280000686645508,16.434999465942383,16.010000228881836,14.158940315246582,261073.0,0.0,
2020-10-19 00:00:00+00:00,16.489999771118164,16.559999465942383,15.770000457763672,13.698840141296388,155628.0,0.0,
2020-10-20 00:00:00+00:00,15.869999885559082,16.030000686645508,15.579999923706056,13.58598518371582,190754.0,0.0,
2020-10-21 00:00:00+00:00,15.779999732971191,15.970000267028809,15.699999809265137,13.681477546691896,149125.0,0.0,
2020-10-22 00:00:00+00:00,15.989999771118164,16.040000915527344,15.630000114440918,13.61202907562256,144682.0,0.0,
2020-10-23 00:00:00+00:00,15.90999984741211,15.960000038146973,15.579999923706056,13.707520484924316,149344.0,0.0,
2020-10-26 00:00:00+00:00,15.65999984741211,15.760000228881836,15.039999961853027,13.177971839904783,182693.0,0.0,
2020-10-27 00:00:00+00:00,15.109999656677246,15.199999809265137,14.92650032043457,12.978304862976074,132678.0,0.0,
2020-10-28 00:00:00+00:00,14.449999809265137,14.789999961853027,14.329999923706056,12.839406967163086,309129.0,0.0,
2020-10-29 00:00:00+00:00,14.770000457763672,15.489999771118164,14.6899995803833,13.38631820678711,191893.0,0.0,
2020-10-30 00:00:00+00:00,15.09000015258789,15.199999809265137,14.4350004196167,12.665783882141112,138881.0,0.0,
2020-11-02 00:00:00+00:00,14.5600004196167,15.050000190734863,14.5600004196167,12.839406967163086,115263.0,0.0,
2020-11-03 00:00:00+00:00,15.010000228881836,15.050000190734863,14.770000457763672,12.856769561767578,120665.0,0.0,
2020-11-04 00:00:00+00:00,15.020000457763672,15.683500289916992,15.020000457763672,13.455768585205078,104491.0,0.0,
2020-11-05 00:00:00+00:00,15.720000267028809,15.869999885559082,15.699999809265137,13.733564376831056,95998.0,0.0,
2020-11-06 00:00:00+00:00,15.6899995803833,15.84000015258789,15.4399995803833,13.63807201385498,301744.0,0.0,
2020-11-09 00:00:00+00:00,16.309999465942383,16.342500686645508,15.850000381469728,13.89850616455078,258971.0,0.0,
2020-11-10 00:00:00+00:00,16.049999237060547,16.09000015258789,15.779999732971191,13.820375442504885,153175.0,0.0,
2020-11-11 00:00:00+00:00,16.030000686645508,16.309999465942383,15.890000343322754,13.907187461853027,321012.0,0.0,
2020-11-12 00:00:00+00:00,16.049999237060547,16.135000228881836,15.949999809265137,13.889825820922852,129637.0,0.0,
2020-11-13 00:00:00+00:00,15.989999771118164,16.260000228881836,15.970000267028809,13.91586971282959,164785.0,0.0,
2020-11-16 00:00:00+00:00,16.5,16.8700008392334,16.280000686645508,14.627721786499023,306266.0,0.0,
2020-11-17 00:00:00+00:00,16.59000015258789,16.940000534057617,16.59000015258789,14.445417404174805,142922.0,0.0,
2020-11-18 00:00:00+00:00,16.81999969482422,17.0,16.68000030517578,14.540910720825195,186312.0,0.0,
2020-11-19 00:00:00+00:00,16.799999237060547,16.799999237060547,15.0600004196167,13.082478523254396,1203802.0,0.0,
2020-11-20 00:00:00+00:00,15.470000267028809,15.600000381469728,15.050000190734863,13.134565353393556,1289020.0,0.0,
2020-11-23 00:00:00+00:00,15.401300430297852,15.401300430297852,14.414999961853027,12.674466133117676,866568.0,0.0,
2020-11-24 00:00:00+00:00,14.699999809265137,14.770000457763672,14.4399995803833,12.578971862792969,671064.0,0.0,
2020-11-25 00:00:00+00:00,14.770000457763672,14.862799644470217,14.470000267028809,12.75259494781494,836133.0,0.0,
2020-11-27 00:00:00+00:00,14.93000030517578,15.039999961853027,14.679800033569336,12.874131202697754,308643.0,0.0,
2020-11-30 00:00:00+00:00,14.600000381469728,14.65999984741211,14.34000015258789,12.936326026916504,339208.0,0.34,
2020-12-01 00:00:00+00:00,14.744999885559082,14.859999656677246,14.600000381469728,12.98075008392334,281796.0,0.0,
2020-12-02 00:00:00+00:00,14.649999618530272,14.784500122070312,14.56999969482422,13.060712814331056,171847.0,0.0,
2020-12-03 00:00:00+00:00,14.789999961853027,14.84000015258789,14.539999961853027,12.936326026916504,265488.0,0.0,
2020-12-04 00:00:00+00:00,14.600000381469728,14.665399551391602,14.460000038146973,12.945210456848145,165339.0,0.0,
2020-12-07 00:00:00+00:00,14.609999656677246,14.679400444030762,14.390000343322754,12.829707145690918,286216.0,0.0,
2020-12-08 00:00:00+00:00,14.390000343322754,14.40999984741211,14.18000030517578,12.643125534057615,283548.0,0.0,
2020-12-09 00:00:00+00:00,14.619999885559082,14.619999885559082,13.55500030517578,12.07449722290039,1018326.0,0.0,
2020-12-10 00:00:00+00:00,12.109999656677246,12.25,10.170000076293944,9.586740493774414,8241510.0,0.0,
2020-12-11 00:00:00+00:00,11.6899995803833,11.800000190734863,10.979999542236328,9.977673530578612,3148208.0,0.0,
2020-12-14 00:00:00+00:00,11.0600004196167,11.229999542236328,10.68000030517578,9.62228012084961,2153036.0,0.0,
2020-12-15 00:00:00+00:00,10.850000381469728,10.890000343322754,10.460000038146973,9.435699462890623,1116742.0,0.0,
2020-12-16 00:00:00+00:00,10.710000038146973,10.714799880981444,10.390000343322754,9.293540954589844,1248895.0,0.0,
2020-12-17 00:00:00+00:00,10.30500030517578,10.390000343322754,10.020000457763672,9.204692840576172,1650985.0,0.0,
2020-12-18 00:00:00+00:00,10.369999885559082,10.4399995803833,10.1181001663208,9.071419715881348,818102.0,0.0,
2020-12-21 00:00:00+00:00,10.0,10.239999771118164,9.920000076293944,8.893723487854004,896293.0,0.0,
2020-12-22 00:00:00+00:00,10.149999618530272,10.361000061035156,10.03499984741211,9.169154167175291,826920.0,0.0,
2020-12-23 00:00:00+00:00,10.5600004196167,10.65999984741211,10.270000457763672,9.124730110168455,707110.0,0.0,
2020-12-24 00:00:00+00:00,10.550000190734863,10.574999809265137,10.34000015258789,9.284656524658203,290557.0,0.0,
2020-12-28 00:00:00+00:00,10.550000190734863,10.600000381469728,10.130000114440918,9.062535285949709,697340.0,0.0,
2020-12-29 00:00:00+00:00,10.329999923706056,10.359999656677246,10.149999618530272,9.089190483093262,388621.0,0.0,
2020-12-30 00:00:00+00:00,10.1899995803833,10.300000190734863,10.100000381469728,9.142498970031738,349446.0,0.0,
2020-12-31 00:00:00+00:00,10.289999961853027,10.358099937438965,10.130000114440918,9.151384353637695,247954.0,0.0,
2021-01-04 00:00:00+00:00,10.449999809265137,10.451199531555176,10.170000076293944,9.186923027038574,443302.0,0.0,
2021-01-05 00:00:00+00:00,10.289999961853027,10.579999923706056,10.287500381469728,9.337965965270996,477668.0,0.0,
2021-01-06 00:00:00+00:00,10.5,10.6899995803833,10.359999656677246,9.213579177856444,412590.0,0.0,
2021-01-07 00:00:00+00:00,10.40999984741211,10.499899864196776,10.25,9.25800323486328,344475.0,0.0,
2021-01-08 00:00:00+00:00,10.550000190734863,10.5600004196167,10.369999885559082,9.346851348876951,417955.0,0.0,
2021-01-11 00:00:00+00:00,10.470000267028809,10.5600004196167,10.270000457763672,9.151384353637695,593421.0,0.0,
2021-01-12 00:00:00+00:00,10.390000343322754,10.510000228881836,10.18000030517578,9.302427291870115,726694.0,0.0,
2021-01-13 00:00:00+00:00,10.369999885559082,10.5600004196167,10.359999656677246,9.382390022277832,391888.0,0.0,
2021-01-14 00:00:00+00:00,10.5600004196167,10.829999923706056,10.539999961853027,9.471238136291504,416008.0,0.0,
2021-01-15 00:00:00+00:00,10.630000114440918,10.65999984741211,10.270000457763672,9.124730110168455,837061.0,0.0,
2021-01-19 00:00:00+00:00,10.43000030517578,10.585000038146973,10.420000076293944,9.391275405883787,395352.0,0.0,
2021-01-20 00:00:00+00:00,10.5600004196167,10.600000381469728,10.449999809265137,9.364619255065918,305065.0,0.0,
2021-01-21 00:00:00+00:00,10.420000076293944,10.484999656677246,10.359999656677246,9.24023151397705,303044.0,0.0,
2021-01-22 00:00:00+00:00,10.289999961853027,10.385000228881836,10.260000228881836,9.178038597106934,306243.0,0.0,
2021-01-25 00:00:00+00:00,10.279999732971191,10.289999961853027,10.010000228881836,9.089190483093262,622448.0,0.0,
2021-01-26 00:00:00+00:00,10.239999771118164,10.289999961853027,10.109999656677246,9.071419715881348,481912.0,0.0,
2021-01-27 00:00:00+00:00,10.079999923706056,10.170000076293944,9.9350004196167,8.840414047241211,503977.0,0.0,
2021-01-28 00:00:00+00:00,9.949999809265137,10.0,9.859999656677246,8.778221130371094,376596.0,0.0,
2021-01-29 00:00:00+00:00,9.949999809265137,9.979999542236328,9.6899995803833,8.60940933227539,532763.0,0.0,
2021-02-01 00:00:00+00:00,9.8100004196167,9.9399995803833,9.760000228881836,8.795989036560059,405414.0,0.0,
2021-02-02 00:00:00+00:00,10.029999732971191,10.470000267028809,9.9399995803833,8.884839057922363,924261.0,0.0,
2021-02-03 00:00:00+00:00,10.100000381469728,10.3100004196167,10.039999961853027,9.151384353637695,684118.0,0.0,
2021-02-04 00:00:00+00:00,10.289999961853027,10.390000343322754,10.210000038146973,9.222463607788086,395766.0,0.0,
2021-02-05 00:00:00+00:00,10.390000343322754,10.4399995803833,10.300000190734863,9.266888618469238,272044.0,0.0,
2021-02-08 00:00:00+00:00,10.449999809265137,11.119999885559082,10.40999984741211,9.755552291870115,950656.0,0.0,
2021-02-09 00:00:00+00:00,11.850000381469728,12.18000030517578,11.050000190734863,10.15537166595459,1935948.0,0.0,
2021-02-10 00:00:00+00:00,11.529999732971191,11.619999885559082,11.260000228881836,10.244218826293944,476305.0,0.0,
2021-02-11 00:00:00+00:00,11.5600004196167,12.029999732971191,11.529999732971191,10.55518913269043,659904.0,0.0,
2021-02-12 00:00:00+00:00,11.68000030517578,11.949999809265137,11.609999656677246,10.519649505615234,363925.0,0.0,
2021-02-16 00:00:00+00:00,11.949999809265137,12.109999656677246,11.789999961853027,10.528533935546877,611580.0,0.0,
2021-02-17 00:00:00+00:00,11.699999809265137,11.800000190734863,11.31999969482422,10.404146194458008,604064.0,0.0,
2021-02-18 00:00:00+00:00,11.300000190734863,11.460000038146973,11.109999656677246,10.004329681396484,408584.0,0.0,
2021-02-19 00:00:00+00:00,11.359999656677246,11.520000457763672,11.260000228881836,10.20867919921875,276561.0,0.0,
2021-02-22 00:00:00+00:00,11.224900245666504,11.359999656677246,11.0600004196167,9.853285789489746,346584.0,0.0,
2021-02-23 00:00:00+00:00,10.479999542236328,11.100000381469728,10.40999984741211,9.764437675476074,488150.0,0.0,
2021-02-24 00:00:00+00:00,11.0600004196167,11.170000076293944,10.880000114440918,9.746668815612791,358514.0,0.0,
2021-02-25 00:00:00+00:00,10.979999542236328,11.029999732971191,10.649999618530272,9.53343105316162,380131.0,0.0,
2021-02-26 00:00:00+00:00,10.970000267028809,10.979999542236328,10.670000076293944,9.497892379760742,339718.0,0.0,
2021-03-01 00:00:00+00:00,10.989999771118164,11.149999618530272,10.93000030517578,9.773323059082031,277728.0,0.0,
2021-03-02 00:00:00+00:00,11.039999961853027,11.1899995803833,10.967300415039062,9.8799409866333,313892.0,0.0,
2021-03-03 00:00:00+00:00,10.9399995803833,11.079999923706056,10.8100004196167,9.684473991394045,544999.0,0.0,
2021-03-04 00:00:00+00:00,10.899999618530272,10.90999984741211,10.449999809265137,9.40904426574707,524053.0,0.0,
2021-03-05 00:00:00+00:00,10.75,10.81999969482422,10.239999771118164,9.595626831054688,436117.0,0.0,
2021-03-08 00:00:00+00:00,10.699999809265137,10.90999984741211,10.539999961853027,9.426815032958984,394433.0,0.0,
2021-03-09 00:00:00+00:00,10.850000381469728,11.100000381469728,10.784500122070312,9.817747116088867,516138.0,0.0,
2021-03-10 00:00:00+00:00,11.010000228881836,11.079999923706056,10.859999656677246,9.746668815612791,347300.0,0.0,
2021-03-11 00:00:00+00:00,11.140000343322754,11.520000457763672,10.949999809265137,9.773323059082031,1035563.0,0.0,
2021-03-12 00:00:00+00:00,11.130000114440918,11.1899995803833,10.960000038146973,9.924365043640137,819209.0,0.0,
2021-03-15 00:00:00+00:00,11.149999618530272,11.359999656677246,11.119999885559082,10.066522598266602,418433.0,0.0,
2021-03-16 00:00:00+00:00,11.260000228881836,11.4399995803833,11.100000381469728,9.933250427246094,540974.0,0.0,
2021-03-17 00:00:00+00:00,10.989999771118164,11.109999656677246,10.65999984741211,9.853285789489746,429118.0,0.0,
2021-03-18 00:00:00+00:00,10.899999618530272,10.9399995803833,10.760000228881836,9.62228012084961,697888.0,0.0,
2021-03-19 00:00:00+00:00,10.81999969482422,10.890000343322754,10.75,9.64893627166748,265428.0,0.0,
2021-03-22 00:00:00+00:00,10.800000190734863,10.81999969482422,10.6899995803833,9.56897258758545,157441.0,0.0,
2021-03-23 00:00:00+00:00,10.630000114440918,10.670000076293944,10.350000381469728,9.222463607788086,294603.0,0.0,
2021-03-24 00:00:00+00:00,10.5,10.5,10.229999542236328,9.098074913024902,250694.0,0.0,
2021-03-25 00:00:00+00:00,10.140000343322754,10.170000076293944,9.880000114440918,9.026995658874512,317692.0,0.0,
2021-03-26 00:00:00+00:00,10.15999984741211,10.1899995803833,10.010000228881836,9.026995658874512,203216.0,0.0,
2021-03-29 00:00:00+00:00,10.329999923706056,10.420000076293944,10.18000030517578,9.24023151397705,323284.0,0.0,
2021-03-30 00:00:00+00:00,10.896499633789062,10.899999618530272,10.25,9.24023151397705,800408.0,0.0,
2021-03-31 00:00:00+00:00,10.489999771118164,10.670000076293944,10.449999809265137,9.462352752685549,440409.0,0.0,
2021-04-01 00:00:00+00:00,10.64050006866455,10.670000076293944,10.489999771118164,9.444583892822266,262920.0,0.0,
2021-04-05 00:00:00+00:00,10.520000457763672,10.630000114440918,10.489999771118164,9.417928695678713,180007.0,0.0,
2021-04-06 00:00:00+00:00,10.479999542236328,10.609999656677246,10.46500015258789,9.400158882141112,260116.0,0.0,
2021-04-07 00:00:00+00:00,10.489999771118164,10.68000030517578,10.449999809265137,9.400158882141112,239840.0,0.0,
2021-04-08 00:00:00+00:00,10.739999771118164,10.84000015258789,10.720000267028809,9.542316436767578,177860.0,0.0,
2021-04-09 00:00:00+00:00,10.579999923706056,10.6899995803833,10.5600004196167,9.453468322753906,141030.0,0.0,
2021-04-12 00:00:00+00:00,10.720000267028809,10.890000343322754,10.649999618530272,9.604512214660645,215985.0,0.0,
2021-04-13 00:00:00+00:00,10.829999923706056,11.015000343322754,10.789999961853027,9.72889804840088,222288.0,0.0,
2021-04-14 00:00:00+00:00,10.949999809265137,10.960000038146973,10.75,9.560087203979492,151599.0,0.0,
2021-04-15 00:00:00+00:00,10.710000038146973,10.739999771118164,10.56999969482422,9.497892379760742,194817.0,0.0,
2021-04-16 00:00:00+00:00,10.859999656677246,10.920000076293944,10.80500030517578,9.666705131530762,169405.0,0.0,
2021-04-19 00:00:00+00:00,10.789999961853027,10.880000114440918,10.744999885559082,9.631165504455566,241018.0,0.0,
2021-04-20 00:00:00+00:00,10.609999656677246,10.739999771118164,10.369999885559082,9.32908058166504,462223.0,0.0,
2021-04-21 00:00:00+00:00,10.5600004196167,10.675000190734863,10.5,9.462352752685549,325780.0,0.0,
2021-04-22 00:00:00+00:00,10.699999809265137,10.81999969482422,10.670000076293944,9.53343105316162,241335.0,0.0,
2021-04-23 00:00:00+00:00,10.789999961853027,10.960000038146973,10.770000457763672,9.702244758605955,607059.0,0.0,
2021-04-26 00:00:00+00:00,10.760000228881836,10.859999656677246,10.65999984741211,9.775399208068848,358932.0,0.31,
2021-04-27 00:00:00+00:00,10.68000030517578,10.760000228881836,10.670000076293944,9.766255378723145,257232.0,0.0,
2021-04-28 00:00:00+00:00,10.720000267028809,10.800000190734863,10.6899995803833,9.857699394226074,157489.0,0.0,
2021-04-29 00:00:00+00:00,10.760000228881836,10.84000015258789,10.682900428771973,9.894277572631836,228591.0,0.0,
2021-04-30 00:00:00+00:00,10.75,10.75,10.529999732971191,9.647377967834473,211352.0,0.0,
2021-05-03 00:00:00+00:00,10.579999923706056,10.649999618530272,10.300000190734863,9.446199417114258,194400.0,0.0,
2021-05-04 00:00:00+00:00,10.470000267028809,10.489999771118164,10.229999542236328,9.510210037231444,302467.0,0.0,
2021-05-05 00:00:00+00:00,10.550000190734863,10.579999923706056,10.43000030517578,9.560504913330078,136024.0,0.0,
2021-05-06 00:00:00+00:00,10.56999969482422,10.68000030517578,10.479999542236328,9.747965812683104,262866.0,0.0,
2021-05-07 00:00:00+00:00,10.6899995803833,10.81999969482422,10.630000114440918,9.78454303741455,339538.0,0.0,
2021-05-10 00:00:00+00:00,10.699999809265137,10.729999542236328,10.369999885559082,9.49192237854004,335375.0,0.0,
2021-05-11 00:00:00+00:00,10.359999656677246,10.520000457763672,10.34000015258789,9.61994457244873,185328.0,0.0,
2021-05-12 00:00:00+00:00,10.479999542236328,10.520000457763672,10.390000343322754,9.510210037231444,198969.0,0.0,
2021-05-13 00:00:00+00:00,10.479999542236328,10.579999923706056,10.359999656677246,9.546788215637209,140179.0,0.0,
2021-05-14 00:00:00+00:00,10.510000228881836,10.6899995803833,10.484999656677246,9.72053337097168,199807.0,0.0,
2021-05-17 00:00:00+00:00,10.65999984741211,10.989999771118164,10.65999984741211,10.03144359588623,339261.0,0.0,
2021-05-18 00:00:00+00:00,10.970000267028809,11.09000015258789,10.949999809265137,10.03144359588623,187170.0,0.0,
2021-05-19 00:00:00+00:00,10.8100004196167,11.020000457763672,10.710000038146973,10.049732208251951,338405.0,0.0,
2021-05-20 00:00:00+00:00,10.899999618530272,11.15999984741211,10.779999732971191,10.113744735717772,314994.0,0.0,
2021-05-21 00:00:00+00:00,11.119999885559082,11.199999809265137,11.079999923706056,10.159464836120604,201425.0,0.0,
2021-05-24 00:00:00+00:00,11.119999885559082,11.329999923706056,11.050000190734863,10.28748893737793,281506.0,0.0,
2021-05-25 00:00:00+00:00,11.25,11.390000343322754,11.079999923706056,10.150321006774902,226397.0,0.0,
2021-05-26 00:00:00+00:00,11.140000343322754,11.300000190734863,11.119999885559082,10.278343200683594,153224.0,0.0,
2021-05-27 00:00:00+00:00,11.1899995803833,11.289999961853027,10.989999771118164,10.16861057281494,527352.0,0.0,
2021-05-28 00:00:00+00:00,10.890000343322754,11.0600004196167,10.890000343322754,10.049732208251951,240272.0,0.0,
2021-06-01 00:00:00+00:00,11.0,11.039999961853027,10.81999969482422,9.930855751037598,318151.0,0.0,
2021-06-02 00:00:00+00:00,10.90999984741211,11.029999732971191,10.880000114440918,10.077166557312012,227614.0,0.0,
2021-06-03 00:00:00+00:00,10.9399995803833,10.970000267028809,10.770000457763672,9.866843223571776,335621.0,0.0,
2021-06-04 00:00:00+00:00,10.899999618530272,10.960000038146973,10.850000381469728,9.994866371154783,172385.0,0.0,
2021-06-07 00:00:00+00:00,10.970000267028809,10.970000267028809,10.80500030517578,9.921710014343262,314813.0,0.0,
2021-06-08 00:00:00+00:00,10.93000030517578,11.1850004196167,10.93000030517578,10.186899185180664,318864.0,0.0,
2021-06-09 00:00:00+00:00,11.15999984741211,11.220000267028809,11.145000457763672,10.241765975952148,263948.0,0.0,
2021-06-10 00:00:00+00:00,11.220000267028809,11.364999771118164,11.199999809265137,10.31492042541504,241171.0,0.0,
2021-06-11 00:00:00+00:00,11.31999969482422,11.31999969482422,11.06999969482422,10.141176223754885,212388.0,0.0,
2021-06-14 00:00:00+00:00,11.149999618530272,11.229999542236328,11.039999961853027,10.12288761138916,405868.0,0.0,
2021-06-15 00:00:00+00:00,11.109999656677246,11.109999656677246,11.024999618530272,10.104598999023438,258404.0,0.0,
2021-06-16 00:00:00+00:00,11.050000190734863,11.100000381469728,10.93000030517578,10.068021774291992,277601.0,0.0,
2021-06-17 00:00:00+00:00,11.0,11.039999961853027,10.859999656677246,9.958288192749023,271196.0,0.0,
2021-06-18 00:00:00+00:00,10.859999656677246,10.899999618530272,10.760000228881836,9.866843223571776,508359.0,0.0,
2021-06-21 00:00:00+00:00,10.600000381469728,10.649999618530272,10.5,9.904182434082031,319507.0,0.22,
2021-06-22 00:00:00+00:00,10.579999923706056,10.649999618530272,10.520000457763672,9.904182434082031,156891.0,0.0,
2021-06-23 00:00:00+00:00,10.640000343322754,10.729999542236328,10.625,9.988195419311523,144177.0,0.0,
2021-06-24 00:00:00+00:00,10.699999809265137,10.8149995803833,10.699999809265137,10.062873840332031,163312.0,0.0,
2021-06-25 00:00:00+00:00,10.75,10.859999656677246,10.75,10.0908784866333,212861.0,0.0,
2021-06-28 00:00:00+00:00,10.789999961853027,10.8100004196167,10.710000038146973,10.034869194030762,205212.0,0.0,
2021-06-29 00:00:00+00:00,10.729999542236328,10.739999771118164,10.65999984741211,9.96019172668457,182033.0,0.0,
2021-06-30 00:00:00+00:00,10.649999618530272,10.78499984741211,10.630000114440918,9.95085620880127,648976.0,0.0,
2021-07-01 00:00:00+00:00,10.75,10.789999961853027,10.579999923706056,9.941521644592283,146001.0,0.0,
2021-07-02 00:00:00+00:00,10.699999809265137,10.699999809265137,10.600000381469728,9.932188034057615,128021.0,0.0,
2021-07-06 00:00:00+00:00,10.65999984741211,10.65999984741211,10.359999656677246,9.717487335205078,269158.0,0.0,
2021-07-07 00:00:00+00:00,10.43000030517578,10.460000038146973,10.289999961853027,9.614805221557615,218456.0,0.0,
2021-07-08 00:00:00+00:00,10.239999771118164,10.239999771118164,10.130000114440918,9.465450286865234,270314.0,0.0,
2021-07-09 00:00:00+00:00,10.210000038146973,10.300000190734863,10.170000076293944,9.596136093139648,203124.0,0.0,
2021-07-12 00:00:00+00:00,10.260000228881836,10.300000190734863,10.229999542236328,9.56813144683838,151248.0,0.0,
2021-07-13 00:00:00+00:00,10.25,10.289999961853027,10.210000038146973,9.540127754211426,145072.0,0.0,
2021-07-14 00:00:00+00:00,10.289999961853027,10.739999771118164,10.260000228881836,9.904182434082031,578417.0,0.0,
2021-07-15 00:00:00+00:00,10.529999732971191,10.579999923706056,10.399999618530272,9.782831192016602,227923.0,0.0,
2021-07-16 00:00:00+00:00,10.5,10.508000373840332,10.380000114440918,9.698819160461426,103243.0,0.0,
2021-07-19 00:00:00+00:00,10.239999771118164,10.239999771118164,9.84000015258789,9.20407485961914,441285.0,0.0,
2021-07-20 00:00:00+00:00,9.920000076293944,10.06999969482422,9.890000343322754,9.37210178375244,196365.0,0.0,
2021-07-21 00:00:00+00:00,10.274999618530272,10.649999618530272,10.1899995803833,9.736157417297363,311195.0,0.0,
2021-07-22 00:00:00+00:00,10.460000038146973,10.5,10.369999885559082,9.773496627807615,119234.0,0.0,
2021-07-23 00:00:00+00:00,10.420000076293944,10.460000038146973,10.369999885559082,9.72682285308838,118907.0,0.0,
2021-07-26 00:00:00+00:00,10.3100004196167,10.420000076293944,10.270000457763672,9.633474349975586,250439.0,0.0,
2021-07-27 00:00:00+00:00,10.25,10.300000190734863,10.039999961853027,9.456114768981934,227607.0,0.0,
2021-07-28 00:00:00+00:00,10.149999618530272,10.239999771118164,10.114999771118164,9.549461364746094,127193.0,0.0,
2021-07-29 00:00:00+00:00,10.239999771118164,10.350000381469728,10.239999771118164,9.605470657348633,138915.0,0.0,
2021-07-30 00:00:00+00:00,10.260000228881836,10.270000457763672,10.149999618530272,9.521456718444824,78406.0,0.0,
2021-08-02 00:00:00+00:00,10.260000228881836,10.300000190734863,10.109999656677246,9.437444686889648,157504.0,0.0,
2021-08-03 00:00:00+00:00,10.100000381469728,10.100000381469728,9.9350004196167,9.37210178375244,244207.0,0.0,
2021-08-04 00:00:00+00:00,10.029999732971191,10.158499717712402,9.970000267028809,9.306758880615234,189082.0,0.0,
2021-08-05 00:00:00+00:00,9.949999809265137,9.960000038146973,9.800000190734863,9.15740203857422,241391.0,0.0,
2021-08-06 00:00:00+00:00,9.829999923706056,9.93000030517578,9.770000457763672,9.21341037750244,171201.0,0.0,
2021-08-09 00:00:00+00:00,9.8100004196167,9.94499969482422,9.789999961853027,9.194741249084473,149282.0,0.0,
2021-08-10 00:00:00+00:00,9.789999961853027,9.850000381469728,9.68000030517578,9.15740203857422,392729.0,0.0,
2021-08-11 00:00:00+00:00,9.81999969482422,9.850000381469728,9.781900405883787,9.185406684875488,112369.0,0.0,
2021-08-12 00:00:00+00:00,9.829999923706056,9.850000381469728,9.710000038146973,9.166736602783203,167038.0,0.0,
2021-08-13 00:00:00+00:00,9.789999961853027,9.904999732971191,9.789999961853027,9.232080459594728,145224.0,0.0,
2021-08-16 00:00:00+00:00,9.84000015258789,9.84000015258789,9.710000038146973,9.073389053344728,252824.0,0.0,
2021-08-17 00:00:00+00:00,9.68000030517578,9.75,9.640000343322754,9.073389053344728,289766.0,0.0,
2021-08-18 00:00:00+00:00,9.729999542236328,9.859999656677246,9.699999809265137,9.10139274597168,217902.0,0.0,
2021-08-19 00:00:00+00:00,9.670000076293944,9.670000076293944,9.06999969482422,8.485300064086914,746827.0,0.0,
2021-08-20 00:00:00+00:00,8.979999542236328,9.140000343322754,8.90999984741211,8.41062068939209,369704.0,0.0,
2021-08-23 00:00:00+00:00,9.149999618530272,9.614999771118164,9.136199951171877,8.896028518676758,448485.0,0.0,
2021-08-24 00:00:00+00:00,9.56999969482422,9.710000038146973,9.550000190734863,8.998711585998535,254655.0,0.0,
2021-08-25 00:00:00+00:00,9.5,9.5600004196167,8.84000015258789,8.43862533569336,1853516.0,0.0,
2021-08-26 00:00:00+00:00,8.970000267028809,8.970000267028809,8.880000114440918,8.298604965209961,325411.0,0.0,
2021-08-27 00:00:00+00:00,8.930000305175781,9.260000228881836,8.90999984741211,8.625320434570312,300537.0,0.0,
2021-08-30 00:00:00+00:00,9.270000457763672,9.484999656677246,9.260000228881836,8.82135009765625,287098.0,0.0,
2021-08-31 00:00:00+00:00,9.43000030517578,9.600000381469728,9.420000076293944,8.924033164978027,247105.0,0.0,
2021-09-01 00:00:00+00:00,9.5,9.510000228881836,9.375,8.765342712402344,380729.0,0.0,
2021-09-02 00:00:00+00:00,9.350000381469728,9.364999771118164,9.220000267028809,8.606651306152344,503636.0,0.0,
2021-09-03 00:00:00+00:00,8.869999885559082,8.949999809265137,8.770000457763672,8.471569061279297,1126462.0,0.3,
2021-09-07 00:00:00+00:00,8.710000038146973,8.710000038146973,8.619999885559082,8.35578441619873,653939.0,0.0,
2021-09-08 00:00:00+00:00,8.619999885559082,8.699999809265137,8.529999732971191,8.297892570495605,506052.0,0.0,
2021-09-09 00:00:00+00:00,8.59000015258789,8.619999885559082,8.529999732971191,8.259297370910645,330812.0,0.0,
2021-09-10 00:00:00+00:00,8.59000015258789,8.59000015258789,8.399999618530273,8.114566802978516,292662.0,0.0,
2021-09-13 00:00:00+00:00,8.420000076293945,8.600000381469727,8.28499984741211,8.288243293762207,378379.0,0.0,
2021-09-14 00:00:00+00:00,8.600000381469727,8.6899995803833,8.5,8.307540893554688,395530.0,0.0,
2021-09-15 00:00:00+00:00,8.632499694824219,8.632499694824219,8.539999961853027,8.297892570495605,236955.0,0.0,
2021-09-16 00:00:00+00:00,8.550000190734863,8.5600004196167,8.359999656677246,8.095269203186035,381435.0,0.0,
2021-09-17 00:00:00+00:00,8.359999656677246,8.399999618530273,8.149999618530273,7.882997512817383,717657.0,0.0,
2021-09-20 00:00:00+00:00,8.039999961853027,8.050000190734863,7.954999923706055,7.709320545196533,931201.0,0.0,
2021-09-21 00:00:00+00:00,8.100000381469727,8.229999542236328,8.029999732971191,7.882997512817383,352803.0,0.0,
2021-09-22 00:00:00+00:00,8.229999542236328,8.420000076293945,8.229999542236328,8.01807975769043,440769.0,0.0,
2021-09-23 00:00:00+00:00,8.359999656677246,8.529999732971191,8.335000038146973,8.201404571533203,392135.0,0.0,
2021-09-24 00:00:00+00:00,8.449999809265137,8.630000114440918,8.430000305175781,8.278594970703125,277047.0,0.0,
2021-09-27 00:00:00+00:00,8.550000190734863,8.720000267028809,8.550000190734863,8.365432739257812,171838.0,0.0,
2021-09-28 00:00:00+00:00,8.600000381469727,8.630000114440918,8.4399995803833,8.15316104888916,226239.0,0.0,
2021-09-29 00:00:00+00:00,8.460000038146973,8.460000038146973,8.300000190734863,8.01807975769043,148877.0,0.0,
2021-09-30 00:00:00+00:00,8.380000114440918,8.470000267028809,8.350000381469727,8.085620880126953,179112.0,0.0,
2021-10-01 00:00:00+00:00,8.399999618530273,8.489999771118164,8.390000343322754,8.17245864868164,114343.0,0.0,
2021-10-04 00:00:00+00:00,8.397899627685547,8.449999809265137,8.329999923706055,8.037376403808594,169292.0,0.0,
2021-10-05 00:00:00+00:00,8.369999885559082,8.479999542236328,8.3149995803833,8.17245864868164,213908.0,0.0,
2021-10-06 00:00:00+00:00,8.359999656677246,8.5600004196167,8.34000015258789,8.259297370910645,161329.0,0.0,
2021-10-07 00:00:00+00:00,8.600000381469727,8.729999542236328,8.59000015258789,8.31718921661377,227715.0,0.0,
2021-10-08 00:00:00+00:00,8.619999885559082,8.819999694824219,8.59000015258789,8.442623138427734,382767.0,0.0,
2021-10-11 00:00:00+00:00,8.736200332641602,9.020000457763672,8.736200332641602,8.548758506774902,260120.0,0.0,
2021-10-12 00:00:00+00:00,8.90999984741211,8.960000038146973,8.789999961853027,8.529460906982422,267049.0,0.0,
2021-10-13 00:00:00+00:00,8.789999961853027,8.84000015258789,8.609999656677246,8.490866661071777,207789.0,0.0,
2021-10-14 00:00:00+00:00,8.90999984741211,9.06999969482422,8.899999618530273,8.751380920410156,258473.0,0.0,
2021-10-15 00:00:00+00:00,9.06999969482422,9.399999618530272,9.06999969482422,8.973301887512207,432966.0,0.0,
2021-10-18 00:00:00+00:00,9.279999732971191,9.390000343322754,9.229999542236328,9.02154541015625,361438.0,0.0,
2021-10-19 00:00:00+00:00,9.390000343322754,9.68000030517578,9.380000114440918,9.233817100524902,594069.0,0.0,
2021-10-20 00:00:00+00:00,9.59000015258789,9.75,9.5,9.349600791931152,481188.0,0.0,
2021-10-21 00:00:00+00:00,9.619999885559082,9.619999885559082,9.3100004196167,8.982951164245605,377760.0,0.0,
2021-10-22 00:00:00+00:00,9.390000343322754,9.420000076293944,9.25,8.954004287719727,245243.0,0.0,
2021-10-25 00:00:00+00:00,9.40999984741211,9.479999542236328,9.239999771118164,9.031193733215332,225544.0,0.0,
2021-10-26 00:00:00+00:00,9.399999618530272,9.399999618530272,9.21500015258789,8.896112442016602,166491.0,0.0,
2021-10-27 00:00:00+00:00,9.170000076293944,9.170000076293944,9.010000228881836,8.751380920410156,203049.0,0.0,
2021-10-28 00:00:00+00:00,9.050000190734863,9.100000381469728,8.890000343322754,8.645245552062988,284867.0,0.0,
2021-10-29 00:00:00+00:00,8.90999984741211,8.960000038146973,8.7298002243042,8.442623138427734,221192.0,0.0,
2021-11-01 00:00:00+00:00,8.84000015258789,9.05500030517578,8.819999694824219,8.722434997558594,179301.0,0.0,
2021-11-02 00:00:00+00:00,9.050000190734863,9.06999969482422,8.800000190734863,8.597002029418945,179833.0,0.0,
2021-11-03 00:00:00+00:00,8.869999885559082,8.90999984741211,8.805000305175781,8.577705383300781,107555.0,0.0,
2021-11-04 00:00:00+00:00,8.90999984741211,9.074999809265137,8.760000228881836,8.481217384338379,165313.0,0.0,
2021-11-05 00:00:00+00:00,8.90999984741211,8.970000267028809,8.84000015258789,8.606651306152344,201469.0,0.0,
2021-11-08 00:00:00+00:00,8.979999542236328,8.979999542236328,8.920000076293945,8.616299629211426,154404.0,0.0,
2021-11-09 00:00:00+00:00,8.960000038146973,8.979999542236328,8.875,8.625947952270508,132557.0,0.0,
2021-11-10 00:00:00+00:00,8.920000076293945,9.125,8.920000076293945,8.67419147491455,190583.0,0.0,
2021-11-11 00:00:00+00:00,9.039999961853027,9.079899787902832,8.819999694824219,8.53911018371582,235379.0,0.0,
2021-11-12 00:00:00+00:00,8.770000457763672,8.840100288391113,8.720000267028809,8.481217384338379,188219.0,0.0,
2021-11-15 00:00:00+00:00,8.854999542236328,8.930000305175781,8.8100004196167,8.606651306152344,130119.0,0.0,
2021-11-16 00:00:00+00:00,8.859999656677246,8.880000114440918,8.770000457763672,8.558406829833984,181431.0,0.0,
2021-11-17 00:00:00+00:00,8.9399995803833,8.989999771118164,8.744999885559082,8.481217384338379,208814.0,0.0,
2021-11-18 00:00:00+00:00,8.729999542236328,8.739999771118164,8.380000114440918,8.095269203186035,398181.0,0.0,
2021-11-19 00:00:00+00:00,8.390000343322754,8.40999984741211,8.279999732971191,8.008430480957031,294539.0,0.0,
2021-11-22 00:00:00+00:00,8.279999732971191,8.279999732971191,7.670000076293945,7.448805332183838,988763.0,0.0,
2021-11-23 00:00:00+00:00,8.1850004196167,8.75,8.079999923706055,8.394378662109375,836107.0,0.0,
2021-11-24 00:00:00+00:00,8.449999809265137,8.640000343322754,8.260000228881836,8.201404571533203,307266.0,0.0,
2021-11-26 00:00:00+00:00,8.3100004196167,8.369999885559082,8.149999618530273,8.037376403808594,348433.0,0.0,
2021-11-29 00:00:00+00:00,8.479999542236328,8.510000228881836,8.279999732971191,8.191756248474121,271771.0,0.0,
2021-11-30 00:00:00+00:00,8.5,8.649999618530273,8.359999656677246,8.259297370910645,398036.0,0.0,
2021-12-01 00:00:00+00:00,8.649999618530273,8.649999618530273,8.479999542236328,8.239999771118164,328976.0,0.0,
2021-12-02 00:00:00+00:00,8.550000190734863,8.600000381469727,8.354999542236328,8.239999771118164,500882.0,0.0,
2021-12-03 00:00:00+00:00,8.1899995803833,8.239999771118164,7.914999961853027,7.929999828338623,552528.0,0.3,
2021-12-06 00:00:00+00:00,7.789999961853027,8.039999961853027,7.673299789428711,8.039999961853027,443976.0,0.0,
2021-12-07 00:00:00+00:00,7.960000038146973,8.395000457763672,7.960000038146973,8.300000190734863,383962.0,0.0,
2021-12-08 00:00:00+00:00,8.229999542236328,8.359999656677246,8.170000076293945,8.329999923706055,161087.0,0.0,
2021-12-09 00:00:00+00:00,8.220000267028809,8.3100004196167,8.100000381469727,8.239999771118164,186267.0,0.0,
2021-12-10 00:00:00+00:00,8.149999618530273,8.289999961853027,8.079999923706055,8.100000381469727,238500.0,0.0,
2021-12-13 00:00:00+00:00,7.960000038146973,7.980000019073486,7.75,7.75,273032.0,0.0,
2021-12-14 00:00:00+00:00,7.739999771118164,7.980000019073486,7.650000095367432,7.690000057220459,276531.0,0.0,
2021-12-15 00:00:00+00:00,7.699999809265137,7.800000190734863,7.610000133514404,7.769999980926514,278689.0,0.0,
2021-12-16 00:00:00+00:00,7.840000152587891,8.020000457763672,7.730000019073486,7.789999961853027,276352.0,0.0,
2021-12-17 00:00:00+00:00,7.70389986038208,7.739999771118164,7.420000076293945,7.5,686834.0,0.0,
2021-12-20 00:00:00+00:00,7.480000019073486,7.5,7.389999866485596,7.449999809265137,247711.0,0.0,
2021-12-21 00:00:00+00:00,7.440000057220459,7.71999979019165,7.440000057220459,7.619999885559082,272661.0,0.0,
2021-12-22 00:00:00+00:00,7.630000114440918,7.679999828338623,7.559999942779541,7.559999942779541,193658.0,0.0,
2021-12-23 00:00:00+00:00,7.599999904632568,7.730000019073486,7.539999961853027,7.690000057220459,323269.0,0.0,
2021-12-27 00:00:00+00:00,7.559999942779541,7.690000057220459,7.559999942779541,7.599999904632568,356541.0,0.0,
2021-12-28 00:00:00+00:00,7.570000171661377,7.909999847412109,7.570000171661377,7.78000020980835,462340.0,0.0,
2021-12-29 00:00:00+00:00,7.789999961853027,7.949999809265137,7.770100116729736,7.929999828338623,295514.0,0.0,
2021-12-30 00:00:00+00:00,7.909999847412109,8.199999809265137,7.909999847412109,8.15999984741211,359715.0,0.0,
2021-12-31 00:00:00+00:00,8.100000381469727,8.149999618530273,7.96999979019165,7.980000019073486,225322.0,0.0,
2022-01-03 00:00:00+00:00,8.079999923706055,8.305000305175781,8.052000045776367,8.270000457763672,194788.0,0.0,
2022-01-04 00:00:00+00:00,8.25,8.25,8.119999885559082,8.130000114440918,181819.0,0.0,
2022-01-05 00:00:00+00:00,8.100000381469727,8.1899995803833,7.900000095367432,7.949999809265137,216079.0,0.0,
2022-01-06 00:00:00+00:00,7.949999809265137,8.020000457763672,7.849999904632568,8.020000457763672,153692.0,0.0,
2022-01-07 00:00:00+00:00,8.020000457763672,8.130000114440918,8.0,8.050000190734863,107869.0,0.0,
2022-01-10 00:00:00+00:00,8.0649995803833,8.0649995803833,7.769999980926514,7.980000019073486,213812.0,0.0,
2022-01-11 00:00:00+00:00,8.0,8.180000305175781,7.980000019073486,8.130000114440918,139854.0,0.0,
2022-01-12 00:00:00+00:00,8.199999809265137,8.350000381469727,8.149999618530273,8.329999923706055,164717.0,0.0,
2022-01-13 00:00:00+00:00,8.170000076293945,8.270000457763672,7.980000019073486,8.010000228881836,229431.0,0.0,
2022-01-14 00:00:00+00:00,7.755000114440918,7.96999979019165,7.75,7.960000038146973,278874.0,0.0,
2022-01-18 00:00:00+00:00,7.5,7.730000019073486,7.480000019073486,7.650000095367432,513905.0,0.0,
2022-01-19 00:00:00+00:00,7.699999809265137,7.699999809265137,7.5,7.5,248229.0,0.0,
2022-01-20 00:00:00+00:00,7.579999923706055,7.579999923706055,7.239999771118164,7.28000020980835,369980.0,0.0,
2022-01-21 00:00:00+00:00,7.28000020980835,7.385000228881836,7.164999961853027,7.190000057220459,360515.0,0.0,
2022-01-24 00:00:00+00:00,6.800000190734863,7.090000152587891,6.679999828338623,7.070000171661377,482378.0,0.0,
2022-01-25 00:00:00+00:00,6.889999866485596,7.25,6.849999904632568,7.190000057220459,428313.0,0.0,
2022-01-26 00:00:00+00:00,7.239999771118164,7.28000020980835,6.809999942779541,6.889999866485596,335528.0,0.0,
2022-01-27 00:00:00+00:00,7.130000114440918,7.170000076293945,6.96999979019165,6.989999771118164,263673.0,0.0,
2022-01-28 00:00:00+00:00,7.059999942779541,7.21999979019165,7.039999961853027,7.179999828338623,238705.0,0.0,
2022-01-31 00:00:00+00:00,7.210000038146973,7.489999771118164,7.210000038146973,7.46999979019165,190176.0,0.0,
2022-02-01 00:00:00+00:00,7.5,7.605000019073486,7.491000175476074,7.53000020980835,177475.0,0.0,
2022-02-02 00:00:00+00:00,7.610000133514404,7.610000133514404,7.429999828338623,7.440000057220459,141498.0,0.0,
2022-02-03 00:00:00+00:00,7.28000020980835,7.324999809265137,7.130000114440918,7.130000114440918,197992.0,0.0,
2022-02-04 00:00:00+00:00,7.21999979019165,7.28000020980835,7.070000171661377,7.25,183942.0,0.0,
2022-02-07 00:00:00+00:00,7.269999980926514,7.340000152587891,7.179999828338623,7.260000228881836,141518.0,0.0,
2022-02-08 00:00:00+00:00,7.269999980926514,7.489999771118164,7.269999980926514,7.460000038146973,152733.0,0.0,
2022-02-09 00:00:00+00:00,7.570000171661377,7.860000133514404,7.570000171661377,7.840000152587891,305761.0,0.0,
2022-02-10 00:00:00+00:00,7.710000038146973,7.715000152587891,7.489999771118164,7.5,318174.0,0.0,
2022-02-11 00:00:00+00:00,7.420000076293945,7.494999885559082,7.125,7.190000057220459,483213.0,0.0,
2022-02-14 00:00:00+00:00,7.21999979019165,7.445000171661377,7.139999866485596,7.269999980926514,336253.0,0.0,
2022-02-15 00:00:00+00:00,7.519999980926514,7.869999885559082,7.510000228881836,7.619999885559082,351170.0,0.0,
2022-02-16 00:00:00+00:00,7.599999904632568,7.800000190734863,7.579999923706055,7.78000020980835,277927.0,0.0,
2022-02-17 00:00:00+00:00,7.579999923706055,7.599999904632568,7.320000171661377,7.360000133514404,258138.0,0.0,
2022-02-18 00:00:00+00:00,7.269999980926514,7.289999961853027,7.059999942779541,7.230000019073486,385152.0,0.0,
2022-02-22 00:00:00+00:00,6.519999980926514,7.0,6.5,6.760000228881836,845494.0,0.0,
2022-02-23 00:00:00+00:00,6.75,6.880000114440918,6.519999980926514,6.53000020980835,317888.0,0.0,
2022-02-24 00:00:00+00:00,5.320000171661377,5.605800151824951,5.010000228881836,5.159999847412109,1939044.0,0.0,
2022-02-25 00:00:00+00:00,5.599999904632568,5.947299957275391,5.53000020980835,5.670000076293945,1130947.0,0.0,
2022-02-28 00:00:00+00:00,5.670000076293945,5.670000076293945,5.670000076293945,5.670000076293945,0.0,0.0,
2022-03-01 00:00:00+00:00,5.670000076293945,5.670000076293945,5.670000076293945,5.670000076293945,0.0,0.0,
2022-03-02 00:00:00+00:00,5.670000076293945,5.670000076293945,5.670000076293945,5.670000076293945,0.0,0.0,
2022-03-03 00:00:00+00:00,5.670000076293945,5.670000076293945,5.670000076293945,5.670000076293945,0.0,0.0,
2022-03-04 00:00:00+00:00,5.670000076293945,5.670000076293945,5.670000076293945,5.670000076293945,0.0,0.0,
2022-03-07 00:00:00+00:00,5.670000076293945,5.670000076293945,5.670000076293945,5.670000076293945,0.0,0.0,
2022-03-08 00:00:00+00:00,5.670000076293945,5.670000076293945,5.670000076293945,5.670000076293945,0.0,0.0,
2022-03-09 00:00:00+00:00,5.670000076293945,5.670000076293945,5.670000076293945,5.670000076293945,0.0,0.0,
2022-03-10 00:00:00+00:00,5.670000076293945,5.670000076293945,5.670000076293945,5.670000076293945,0.0,0.0,
2022-03-11 00:00:00+00:00,5.670000076293945,5.670000076293945,5.670000076293945,5.670000076293945,0.0,0.0,
2022-03-14 00:00:00+00:00,5.670000076293945,5.670000076293945,5.670000076293945,5.670000076293945,0.0,0.0,
2022-03-15 00:00:00+00:00,5.670000076293945,5.670000076293945,5.670000076293945,5.670000076293945,0.0,0.0,
2022-03-16 00:00:00+00:00,5.670000076293945,5.670000076293945,5.670000076293945,5.670000076293945,0.0,0.0,
2022-03-17 00:00:00+00:00,5.670000076293945,5.670000076293945,5.670000076293945,5.670000076293945,0.0,0.0,
2022-03-18 00:00:00+00:00,5.670000076293945,5.670000076293945,5.670000076293945,5.670000076293945,0.0,0.0,
2022-03-21 00:00:00+00:00,5.670000076293945,5.670000076293945,5.670000076293945,5.670000076293945,0.0,0.0,
2022-03-22 00:00:00+00:00,5.670000076293945,5.670000076293945,5.670000076293945,5.670000076293945,0.0,0.0,
2022-03-23 00:00:00+00:00,5.670000076293945,5.670000076293945,5.670000076293945,5.670000076293945,0.0,0.0,
2022-03-24 00:00:00+00:00,5.670000076293945,5.670000076293945,5.670000076293945,5.670000076293945,0.0,0.0,
2022-03-25 00:00:00+00:00,5.670000076293945,5.670000076293945,5.670000076293945,5.670000076293945,0.0,0.0,
2022-03-28 00:00:00+00:00,5.670000076293945,5.670000076293945,5.670000076293945,5.670000076293945,0.0,0.0,
2022-03-29 00:00:00+00:00,5.670000076293945,5.670000076293945,5.670000076293945,5.670000076293945,0.0,0.0,
2022-03-30 00:00:00+00:00,5.670000076293945,5.670000076293945,5.670000076293945,5.670000076293945,0.0,0.0,
2022-03-31 00:00:00+00:00,5.670000076293945,5.670000076293945,5.670000076293945,5.670000076293945,0.0,0.0,
2022-04-01 00:00:00+00:00,5.670000076293945,5.670000076293945,5.670000076293945,5.670000076293945,0.0,0.0,
2022-04-04 00:00:00+00:00,5.670000076293945,5.670000076293945,5.670000076293945,5.670000076293945,0.0,0.0,
2022-04-05 00:00:00+00:00,5.670000076293945,5.670000076293945,5.670000076293945,5.670000076293945,0.0,0.0,
2022-04-06 00:00:00+00:00,5.670000076293945,5.670000076293945,5.670000076293945,5.670000076293945,0.0,0.0,
2022-04-07 00:00:00+00:00,5.670000076293945,5.670000076293945,5.670000076293945,5.670000076293945,0.0,0.0,
2022-04-08 00:00:00+00:00,5.670000076293945,5.670000076293945,5.670000076293945,5.670000076293945,0.0,0.0,
2022-04-11 00:00:00+00:00,5.670000076293945,5.670000076293945,5.670000076293945,5.670000076293945,0.0,0.0,
2022-04-12 00:00:00+00:00,5.670000076293945,5.670000076293945,5.670000076293945,5.670000076293945,0.0,0.0,
2022-04-13 00:00:00+00:00,5.670000076293945,5.670000076293945,5.670000076293945,5.670000076293945,0.0,0.0,
2022-04-14 00:00:00+00:00,5.670000076293945,5.670000076293945,5.670000076293945,5.670000076293945,0.0,0.0,
2022-04-18 00:00:00+00:00,5.670000076293945,5.670000076293945,5.670000076293945,5.670000076293945,0.0,0.0,
2022-04-19 00:00:00+00:00,5.670000076293945,5.670000076293945,5.670000076293945,5.670000076293945,0.0,0.0,
2022-04-20 00:00:00+00:00,5.670000076293945,5.670000076293945,5.670000076293945,5.670000076293945,0.0,0.0,
2022-04-21 00:00:00+00:00,5.670000076293945,5.670000076293945,5.670000076293945,5.670000076293945,0.0,0.0,
2022-04-22 00:00:00+00:00,5.670000076293945,5.670000076293945,5.670000076293945,5.670000076293945,0.0,0.0,
2022-04-25 00:00:00+00:00,5.670000076293945,5.670000076293945,5.670000076293945,5.670000076293945,0.0,0.0,
2022-04-26 00:00:00+00:00,5.670000076293945,5.670000076293945,5.670000076293945,5.670000076293945,0.0,0.0,
2022-04-27 00:00:00+00:00,5.670000076293945,5.670000076293945,5.670000076293945,5.670000076293945,0.0,0.0,
2022-04-28 00:00:00+00:00,5.670000076293945,5.670000076293945,5.670000076293945,5.670000076293945,0.0,0.0,
2022-04-29 00:00:00+00:00,5.670000076293945,5.670000076293945,5.670000076293945,5.670000076293945,0.0,0.0,
2022-05-02 00:00:00+00:00,5.670000076293945,5.670000076293945,5.670000076293945,5.670000076293945,0.0,0.0,
2022-05-03 00:00:00+00:00,5.670000076293945,5.670000076293945,5.670000076293945,5.670000076293945,0.0,0.0,
2022-05-04 00:00:00+00:00,5.670000076293945,5.670000076293945,5.670000076293945,5.670000076293945,0.0,0.0,
2022-05-05 00:00:00+00:00,5.670000076293945,5.670000076293945,5.670000076293945,5.670000076293945,0.0,0.0,
2022-05-06 00:00:00+00:00,5.670000076293945,5.670000076293945,5.670000076293945,5.670000076293945,0.0,0.0,
2022-05-09 00:00:00+00:00,5.670000076293945,5.670000076293945,5.670000076293945,5.670000076293945,0.0,0.0,
2022-05-10 00:00:00+00:00,5.670000076293945,5.670000076293945,5.670000076293945,5.670000076293945,0.0,0.0,
2022-05-11 00:00:00+00:00,5.670000076293945,5.670000076293945,5.670000076293945,5.670000076293945,0.0,0.0,
2022-05-12 00:00:00+00:00,5.670000076293945,5.670000076293945,5.670000076293945,5.670000076293945,0.0,0.0,
2022-05-13 00:00:00+00:00,5.670000076293945,5.670000076293945,5.670000076293945,5.670000076293945,0.0,0.0,
2022-05-16 00:00:00+00:00,5.670000076293945,5.670000076293945,5.670000076293945,5.670000076293945,0.0,0.0,
2022-05-17 00:00:00+00:00,5.670000076293945,5.670000076293945,5.670000076293945,5.670000076293945,0.0,0.0,
2022-05-18 00:00:00+00:00,5.670000076293945,5.670000076293945,5.670000076293945,5.670000076293945,0.0,0.0,
2022-05-19 00:00:00+00:00,5.670000076293945,5.670000076293945,5.670000076293945,5.670000076293945,0.0,0.0,
2022-05-20 00:00:00+00:00,5.670000076293945,5.670000076293945,5.670000076293945,5.670000076293945,0.0,0.0,
2022-05-23 00:00:00+00:00,5.670000076293945,5.670000076293945,5.670000076293945,5.670000076293945,0.0,0.0,
2022-05-24 00:00:00+00:00,5.670000076293945,5.670000076293945,5.670000076293945,5.670000076293945,0.0,0.0,
2022-05-25 00:00:00+00:00,5.670000076293945,5.670000076293945,5.670000076293945,5.670000076293945,0.0,0.0,
2022-05-26 00:00:00+00:00,5.670000076293945,5.670000076293945,5.670000076293945,5.670000076293945,0.0,0.0,
2022-05-27 00:00:00+00:00,5.670000076293945,5.670000076293945,5.670000076293945,5.670000076293945,0.0,0.0,
2022-05-31 00:00:00+00:00,5.670000076293945,5.670000076293945,5.670000076293945,5.670000076293945,0.0,0.0,
2022-06-01 00:00:00+00:00,5.670000076293945,5.670000076293945,5.670000076293945,5.670000076293945,0.0,0.0,
2022-06-02 00:00:00+00:00,5.670000076293945,5.670000076293945,5.670000076293945,5.670000076293945,0.0,0.0,
2022-06-03 00:00:00+00:00,5.670000076293945,5.670000076293945,5.670000076293945,5.670000076293945,0.0,0.0,
2022-06-06 00:00:00+00:00,5.670000076293945,5.670000076293945,5.670000076293945,5.670000076293945,0.0,0.0,
2022-06-07 00:00:00+00:00,5.670000076293945,5.670000076293945,5.670000076293945,5.670000076293945,0.0,0.0,
2022-06-08 00:00:00+00:00,5.670000076293945,5.670000076293945,5.670000076293945,5.670000076293945,0.0,0.0,
2022-06-09 00:00:00+00:00,5.670000076293945,5.670000076293945,5.670000076293945,5.670000076293945,0.0,0.0,
2022-06-10 00:00:00+00:00,5.670000076293945,5.670000076293945,5.670000076293945,5.670000076293945,0.0,0.0,
2022-06-13 00:00:00+00:00,5.670000076293945,5.670000076293945,5.670000076293945,5.670000076293945,0.0,0.0,
2022-06-14 00:00:00+00:00,5.670000076293945,5.670000076293945,5.670000076293945,5.670000076293945,0.0,0.0,
2022-06-15 00:00:00+00:00,5.670000076293945,5.670000076293945,5.670000076293945,5.670000076293945,0.0,0.0,
2022-06-16 00:00:00+00:00,5.670000076293945,5.670000076293945,5.670000076293945,5.670000076293945,0.0,0.0,
2022-06-17 00:00:00+00:00,5.670000076293945,5.670000076293945,5.670000076293945,5.670000076293945,0.0,0.0,
2022-06-21 00:00:00+00:00,5.670000076293945,5.670000076293945,5.670000076293945,5.670000076293945,0.0,0.0,
2022-06-22 00:00:00+00:00,5.670000076293945,5.670000076293945,5.670000076293945,5.670000076293945,0.0,0.0,
2022-06-23 00:00:00+00:00,5.670000076293945,5.670000076293945,5.670000076293945,5.670000076293945,0.0,0.0,
2022-06-24 00:00:00+00:00,5.670000076293945,5.670000076293945,5.670000076293945,5.670000076293945,0.0,0.0,
2022-06-27 00:00:00+00:00,5.670000076293945,5.670000076293945,5.670000076293945,5.670000076293945,0.0,0.0,
2022-06-28 00:00:00+00:00,5.670000076293945,5.670000076293945,5.670000076293945,5.670000076293945,0.0,0.0,
2022-06-29 00:00:00+00:00,5.670000076293945,5.670000076293945,5.670000076293945,5.670000076293945,0.0,0.0,
2022-06-30 00:00:00+00:00,5.670000076293945,5.670000076293945,5.670000076293945,5.670000076293945,0.0,0.0,
2022-07-01 00:00:00+00:00,5.670000076293945,5.670000076293945,5.670000076293945,5.670000076293945,0.0,0.0,
2022-07-05 00:00:00+00:00,5.670000076293945,5.670000076293945,5.670000076293945,5.670000076293945,0.0,0.0,
2022-07-06 00:00:00+00:00,5.670000076293945,5.670000076293945,5.670000076293945,5.670000076293945,0.0,0.0,
2022-07-07 00:00:00+00:00,5.670000076293945,5.670000076293945,5.670000076293945,5.670000076293945,0.0,0.0,
2022-07-08 00:00:00+00:00,5.670000076293945,5.670000076293945,5.670000076293945,5.670000076293945,0.0,0.0,
2022-07-11 00:00:00+00:00,5.670000076293945,5.670000076293945,5.670000076293945,5.670000076293945,0.0,0.0,
2022-07-12 00:00:00+00:00,5.670000076293945,5.670000076293945,5.670000076293945,5.670000076293945,0.0,0.0,
2022-07-13 00:00:00+00:00,5.670000076293945,5.670000076293945,5.670000076293945,5.670000076293945,0.0,0.0,
2022-07-14 00:00:00+00:00,5.670000076293945,5.670000076293945,5.670000076293945,5.670000076293945,0.0,0.0,
2022-07-15 00:00:00+00:00,5.670000076293945,5.670000076293945,5.670000076293945,5.670000076293945,0.0,0.0,
2022-07-18 00:00:00+00:00,5.670000076293945,5.670000076293945,5.670000076293945,5.670000076293945,0.0,0.0,
2022-07-19 00:00:00+00:00,5.670000076293945,5.670000076293945,5.670000076293945,5.670000076293945,0.0,0.0,
2022-07-20 00:00:00+00:00,5.670000076293945,5.670000076293945,5.670000076293945,5.670000076293945,0.0,0.0,
2022-07-21 00:00:00+00:00,5.670000076293945,5.670000076293945,5.670000076293945,5.670000076293945,0.0,0.0,
2022-07-22 00:00:00+00:00,5.670000076293945,5.670000076293945,5.670000076293945,5.670000076293945,0.0,0.0,
2022-07-25 00:00:00+00:00,5.670000076293945,5.670000076293945,5.670000076293945,5.670000076293945,0.0,0.0,
2022-07-26 00:00:00+00:00,5.670000076293945,5.670000076293945,5.670000076293945,5.670000076293945,0.0,0.0,
2022-07-27 00:00:00+00:00,5.670000076293945,5.670000076293945,5.670000076293945,5.670000076293945,0.0,0.0,
2022-07-28 00:00:00+00:00,5.670000076293945,5.670000076293945,5.670000076293945,5.670000076293945,0.0,0.0,
2022-07-29 00:00:00+00:00,5.670000076293945,5.670000076293945,5.670000076293945,5.670000076293945,0.0,0.0,
2022-08-01 00:00:00+00:00,5.670000076293945,5.670000076293945,5.670000076293945,5.670000076293945,0.0,0.0,
2022-08-02 00:00:00+00:00,5.670000076293945,5.670000076293945,5.670000076293945,5.670000076293945,0.0,0.0,
2022-08-03 00:00:00+00:00,5.670000076293945,5.670000076293945,5.670000076293945,5.670000076293945,0.0,0.0,
2022-08-04 00:00:00+00:00,5.670000076293945,5.670000076293945,5.670000076293945,5.670000076293945,0.0,0.0,
2022-08-05 00:00:00+00:00,5.670000076293945,5.670000076293945,5.670000076293945,5.670000076293945,0.0,0.0,
2022-08-08 00:00:00+00:00,5.670000076293945,5.670000076293945,5.670000076293945,5.670000076293945,0.0,0.0,
2022-08-09 00:00:00+00:00,5.670000076293945,5.670000076293945,5.670000076293945,5.670000076293945,0.0,0.0,
2022-08-10 00:00:00+00:00,5.670000076293945,5.670000076293945,5.670000076293945,5.670000076293945,0.0,0.0,
2022-08-11 00:00:00+00:00,5.670000076293945,5.670000076293945,5.670000076293945,5.670000076293945,0.0,0.0,
2022-08-12 00:00:00+00:00,5.670000076293945,5.670000076293945,5.670000076293945,5.670000076293945,0.0,0.0,
2022-08-15 00:00:00+00:00,5.670000076293945,5.670000076293945,5.670000076293945,5.670000076293945,0.0,0.0,
2022-08-16 00:00:00+00:00,5.670000076293945,5.670000076293945,5.670000076293945,5.670000076293945,0.0,0.0,
2022-08-17 00:00:00+00:00,5.670000076293945,5.670000076293945,5.670000076293945,5.670000076293945,0.0,0.0,
2022-08-18 00:00:00+00:00,5.670000076293945,5.670000076293945,5.670000076293945,5.670000076293945,0.0,0.0,
2022-08-19 00:00:00+00:00,5.670000076293945,5.670000076293945,5.670000076293945,5.670000076293945,0.0,0.0,
2022-08-22 00:00:00+00:00,5.670000076293945,5.670000076293945,5.670000076293945,5.670000076293945,0.0,0.0,
2022-08-23 00:00:00+00:00,5.670000076293945,5.670000076293945,5.670000076293945,5.670000076293945,0.0,0.0,
2022-08-24 00:00:00+00:00,5.670000076293945,5.670000076293945,5.670000076293945,5.670000076293945,0.0,0.0,
2022-08-25 00:00:00+00:00,5.670000076293945,5.670000076293945,5.670000076293945,5.670000076293945,0.0,0.0,
2022-08-26 00:00:00+00:00,5.670000076293945,5.670000076293945,5.670000076293945,5.670000076293945,0.0,0.0,
2022-08-29 00:00:00+00:00,5.670000076293945,5.670000076293945,5.670000076293945,5.670000076293945,0.0,0.0,
2022-08-30 00:00:00+00:00,5.670000076293945,5.670000076293945,5.670000076293945,5.670000076293945,0.0,0.0,
2022-08-31 00:00:00+00:00,5.670000076293945,5.670000076293945,5.670000076293945,5.670000076293945,0.0,0.0,
2022-09-01 00:00:00+00:00,5.670000076293945,5.670000076293945,5.670000076293945,5.670000076293945,0.0,0.0,
2022-09-02 00:00:00+00:00,5.670000076293945,5.670000076293945,5.670000076293945,5.670000076293945,0.0,0.0,
2022-09-06 00:00:00+00:00,5.670000076293945,5.670000076293945,5.670000076293945,5.670000076293945,0.0,0.0,
2022-09-07 00:00:00+00:00,5.670000076293945,5.670000076293945,5.670000076293945,5.670000076293945,0.0,0.0,
2022-09-08 00:00:00+00:00,5.670000076293945,5.670000076293945,5.670000076293945,5.670000076293945,0.0,0.0,
2022-09-09 00:00:00+00:00,5.670000076293945,5.670000076293945,5.670000076293945,5.670000076293945,0.0,0.0,
2022-09-12 00:00:00+00:00,5.670000076293945,5.670000076293945,5.670000076293945,5.670000076293945,0.0,0.0,
2022-09-13 00:00:00+00:00,5.670000076293945,5.670000076293945,5.670000076293945,5.670000076293945,0.0,0.0,
2022-09-14 00:00:00+00:00,5.670000076293945,5.670000076293945,5.670000076293945,5.670000076293945,0.0,0.0,
2022-09-15 00:00:00+00:00,5.670000076293945,5.670000076293945,5.670000076293945,5.670000076293945,0.0,0.0,
2022-09-16 00:00:00+00:00,5.670000076293945,5.670000076293945,5.670000076293945,5.670000076293945,0.0,0.0,
2022-09-19 00:00:00+00:00,5.670000076293945,5.670000076293945,5.670000076293945,5.670000076293945,0.0,0.0,
2022-09-20 00:00:00+00:00,5.670000076293945,5.670000076293945,5.670000076293945,5.670000076293945,0.0,0.0,
2022-09-21 00:00:00+00:00,5.670000076293945,5.670000076293945,5.670000076293945,5.670000076293945,0.0,0.0,
2022-09-22 00:00:00+00:00,5.670000076293945,5.670000076293945,5.670000076293945,5.670000076293945,0.0,0.0,
2022-09-23 00:00:00+00:00,5.670000076293945,5.670000076293945,5.670000076293945,5.670000076293945,0.0,0.0,
2022-09-26 00:00:00+00:00,5.670000076293945,5.670000076293945,5.670000076293945,5.670000076293945,0.0,0.0,
2022-09-27 00:00:00+00:00,5.670000076293945,5.670000076293945,5.670000076293945,5.670000076293945,0.0,0.0,
2022-09-28 00:00:00+00:00,5.670000076293945,5.670000076293945,5.670000076293945,5.670000076293945,0.0,0.0,
2022-09-29 00:00:00+00:00,5.670000076293945,5.670000076293945,5.670000076293945,5.670000076293945,0.0,0.0,
2022-09-30 00:00:00+00:00,5.670000076293945,5.670000076293945,5.670000076293945,5.670000076293945,0.0,0.0,
2022-10-03 00:00:00+00:00,5.670000076293945,5.670000076293945,5.670000076293945,5.670000076293945,0.0,0.0,
2022-10-04 00:00:00+00:00,5.670000076293945,5.670000076293945,5.670000076293945,5.670000076293945,0.0,0.0,
2022-10-05 00:00:00+00:00,5.670000076293945,5.670000076293945,5.670000076293945,5.670000076293945,0.0,0.0,
2022-10-06 00:00:00+00:00,5.670000076293945,5.670000076293945,5.670000076293945,5.670000076293945,0.0,0.0,
2022-10-07 00:00:00+00:00,5.670000076293945,5.670000076293945,5.670000076293945,5.670000076293945,0.0,0.0,
2022-10-10 00:00:00+00:00,5.670000076293945,5.670000076293945,5.670000076293945,5.670000076293945,0.0,0.0,
2022-10-11 00:00:00+00:00,5.670000076293945,5.670000076293945,5.670000076293945,5.670000076293945,0.0,0.0,
2022-10-12 00:00:00+00:00,5.670000076293945,5.670000076293945,5.670000076293945,5.670000076293945,0.0,0.0,
2022-10-13 00:00:00+00:00,5.670000076293945,5.670000076293945,5.670000076293945,5.670000076293945,0.0,0.0,
2022-10-14 00:00:00+00:00,5.670000076293945,5.670000076293945,5.670000076293945,5.670000076293945,0.0,0.0,
2022-10-17 00:00:00+00:00,5.670000076293945,5.670000076293945,5.670000076293945,5.670000076293945,0.0,0.0,
2022-10-18 00:00:00+00:00,5.670000076293945,5.670000076293945,5.670000076293945,5.670000076293945,0.0,0.0,
2022-10-19 00:00:00+00:00,5.670000076293945,5.670000076293945,5.670000076293945,5.670000076293945,0.0,0.0,
2022-10-20 00:00:00+00:00,5.670000076293945,5.670000076293945,5.670000076293945,5.670000076293945,0.0,0.0,
2022-10-21 00:00:00+00:00,5.670000076293945,5.670000076293945,5.670000076293945,5.670000076293945,0.0,0.0,
2022-10-24 00:00:00+00:00,5.670000076293945,5.670000076293945,5.670000076293945,5.670000076293945,0.0,0.0,
2022-10-25 00:00:00+00:00,5.670000076293945,5.670000076293945,5.670000076293945,5.670000076293945,0.0,0.0,
2022-10-26 00:00:00+00:00,5.670000076293945,5.670000076293945,5.670000076293945,5.670000076293945,0.0,0.0,
2022-10-27 00:00:00+00:00,5.670000076293945,5.670000076293945,5.670000076293945,5.670000076293945,0.0,0.0,
2022-10-28 00:00:00+00:00,5.670000076293945,5.670000076293945,5.670000076293945,5.670000076293945,0.0,0.0,
2022-10-31 00:00:00+00:00,5.670000076293945,5.670000076293945,5.670000076293945,5.670000076293945,0.0,0.0,
2022-11-01 00:00:00+00:00,5.670000076293945,5.670000076293945,5.670000076293945,5.670000076293945,0.0,0.0,
2022-11-02 00:00:00+00:00,5.670000076293945,5.670000076293945,5.670000076293945,5.670000076293945,0.0,0.0,
2022-11-03 00:00:00+00:00,5.670000076293945,5.670000076293945,5.670000076293945,5.670000076293945,0.0,0.0,
2022-11-04 00:00:00+00:00,5.670000076293945,5.670000076293945,5.670000076293945,5.670000076293945,0.0,0.0,
2022-11-07 00:00:00+00:00,5.670000076293945,5.670000076293945,5.670000076293945,5.670000076293945,0.0,0.0,
2022-11-08 00:00:00+00:00,5.670000076293945,5.670000076293945,5.670000076293945,5.670000076293945,0.0,0.0,
2022-11-09 00:00:00+00:00,5.670000076293945,5.670000076293945,5.670000076293945,5.670000076293945,0.0,0.0,
2022-11-10 00:00:00+00:00,5.670000076293945,5.670000076293945,5.670000076293945,5.670000076293945,0.0,0.0,
2022-11-11 00:00:00+00:00,5.670000076293945,5.670000076293945,5.670000076293945,5.670000076293945,0.0,0.0,
2022-11-14 00:00:00+00:00,5.670000076293945,5.670000076293945,5.670000076293945,5.670000076293945,0.0,0.0,
2022-11-15 00:00:00+00:00,5.670000076293945,5.670000076293945,5.670000076293945,5.670000076293945,0.0,0.0,
2022-11-16 00:00:00+00:00,5.670000076293945,5.670000076293945,5.670000076293945,5.670000076293945,0.0,0.0,
2022-11-17 00:00:00+00:00,5.670000076293945,5.670000076293945,5.670000076293945,5.670000076293945,0.0,0.0,
2022-11-18 00:00:00+00:00,5.670000076293945,5.670000076293945,5.670000076293945,5.670000076293945,0.0,0.0,
2022-11-21 00:00:00+00:00,5.670000076293945,5.670000076293945,5.670000076293945,5.670000076293945,0.0,0.0,
2022-11-22 00:00:00+00:00,5.670000076293945,5.670000076293945,5.670000076293945,5.670000076293945,0.0,0.0,
2022-11-23 00:00:00+00:00,5.670000076293945,5.670000076293945,5.670000076293945,5.670000076293945,0.0,0.0,
2022-11-25 00:00:00+00:00,5.670000076293945,5.670000076293945,5.670000076293945,5.670000076293945,0.0,0.0,
2022-11-28 00:00:00+00:00,5.670000076293945,5.670000076293945,5.670000076293945,5.670000076293945,0.0,0.0,
2022-11-29 00:00:00+00:00,5.670000076293945,5.670000076293945,5.670000076293945,5.670000076293945,0.0,0.0,
2022-11-30 00:00:00+00:00,5.670000076293945,5.670000076293945,5.670000076293945,5.670000076293945,0.0,0.0,
2022-12-01 00:00:00+00:00,5.670000076293945,5.670000076293945,5.670000076293945,5.670000076293945,0.0,0.0,
2022-12-02 00:00:00+00:00,5.670000076293945,5.670000076293945,5.670000076293945,5.670000076293945,0.0,0.0,
2022-12-05 00:00:00+00:00,5.670000076293945,5.670000076293945,5.670000076293945,5.670000076293945,0.0,0.0,
2022-12-06 00:00:00+00:00,5.670000076293945,5.670000076293945,5.670000076293945,5.670000076293945,0.0,0.0,
2022-12-07 00:00:00+00:00,5.670000076293945,5.670000076293945,5.670000076293945,5.670000076293945,0.0,0.0,
2022-12-08 00:00:00+00:00,5.670000076293945,5.670000076293945,5.670000076293945,5.670000076293945,0.0,0.0,
2022-12-09 00:00:00+00:00,5.670000076293945,5.670000076293945,5.670000076293945,5.670000076293945,0.0,0.0,
2022-12-12 00:00:00+00:00,5.670000076293945,5.670000076293945,5.670000076293945,5.670000076293945,0.0,0.0,
2022-12-13 00:00:00+00:00,5.670000076293945,5.670000076293945,5.670000076293945,5.670000076293945,0.0,0.0,
2022-12-14 00:00:00+00:00,5.670000076293945,5.670000076293945,5.670000076293945,5.670000076293945,0.0,0.0,
2022-12-15 00:00:00+00:00,5.670000076293945,5.670000076293945,5.670000076293945,5.670000076293945,0.0,0.0,
2022-12-16 00:00:00+00:00,5.670000076293945,5.670000076293945,5.670000076293945,5.670000076293945,0.0,0.0,
2022-12-19 00:00:00+00:00,5.670000076293945,5.670000076293945,5.670000076293945,5.670000076293945,0.0,0.0,
2022-12-20 00:00:00+00:00,5.670000076293945,5.670000076293945,5.670000076293945,5.670000076293945,0.0,0.0,
2022-12-21 00:00:00+00:00,5.670000076293945,5.670000076293945,5.670000076293945,5.670000076293945,0.0,0.0,
2022-12-22 00:00:00+00:00,5.670000076293945,5.670000076293945,5.670000076293945,5.670000076293945,0.0,0.0,
2022-12-23 00:00:00+00:00,5.670000076293945,5.670000076293945,5.670000076293945,5.670000076293945,0.0,0.0,
2022-12-27 00:00:00+00:00,5.670000076293945,5.670000076293945,5.670000076293945,5.670000076293945,0.0,0.0,
2022-12-28 00:00:00+00:00,5.670000076293945,5.670000076293945,5.670000076293945,5.670000076293945,0.0,0.0,
2022-12-29 00:00:00+00:00,5.670000076293945,5.670000076293945,5.670000076293945,5.670000076293945,0.0,0.0,
2022-12-30 00:00:00+00:00,5.670000076293945,5.670000076293945,5.670000076293945,5.670000076293945,0.0,0.0,
2023-01-03 00:00:00+00:00,5.670000076293945,5.670000076293945,5.670000076293945,5.670000076293945,0.0,0.0,
2023-01-04 00:00:00+00:00,5.670000076293945,5.670000076293945,5.670000076293945,5.670000076293945,0.0,0.0,
2023-01-05 00:00:00+00:00,5.670000076293945,5.670000076293945,5.670000076293945,5.670000076293945,0.0,0.0,
2023-01-06 00:00:00+00:00,5.670000076293945,5.670000076293945,5.670000076293945,5.670000076293945,0.0,0.0,
2023-01-09 00:00:00+00:00,5.670000076293945,5.670000076293945,5.670000076293945,5.670000076293945,0.0,0.0,
2023-01-10 00:00:00+00:00,5.670000076293945,5.670000076293945,5.670000076293945,5.670000076293945,0.0,0.0,
2023-01-11 00:00:00+00:00,5.670000076293945,5.670000076293945,5.670000076293945,5.670000076293945,0.0,0.0,
2023-01-12 00:00:00+00:00,5.670000076293945,5.670000076293945,5.670000076293945,5.670000076293945,0.0,0.0,
2023-01-13 00:00:00+00:00,5.670000076293945,5.670000076293945,5.670000076293945,5.670000076293945,0.0,0.0,
2023-01-17 00:00:00+00:00,5.670000076293945,5.670000076293945,5.670000076293945,5.670000076293945,0.0,0.0,
2023-01-18 00:00:00+00:00,5.670000076293945,5.670000076293945,5.670000076293945,5.670000076293945,0.0,0.0,
2023-01-19 00:00:00+00:00,5.670000076293945,5.670000076293945,5.670000076293945,5.670000076293945,0.0,0.0,
2023-01-20 00:00:00+00:00,5.670000076293945,5.670000076293945,5.670000076293945,5.670000076293945,0.0,0.0,
2023-01-23 00:00:00+00:00,5.670000076293945,5.670000076293945,5.670000076293945,5.670000076293945,0.0,0.0,
2023-01-24 00:00:00+00:00,5.670000076293945,5.670000076293945,5.670000076293945,5.670000076293945,0.0,0.0,
2023-01-25 00:00:00+00:00,5.670000076293945,5.670000076293945,5.670000076293945,5.670000076293945,0.0,0.0,
2023-01-26 00:00:00+00:00,5.670000076293945,5.670000076293945,5.670000076293945,5.670000076293945,0.0,0.0,
2023-01-27 00:00:00+00:00,5.670000076293945,5.670000076293945,5.670000076293945,5.670000076293945,0.0,0.0,
2023-01-30 00:00:00+00:00,5.670000076293945,5.670000076293945,5.670000076293945,5.670000076293945,0.0,0.0,
2023-01-31 00:00:00+00:00,5.670000076293945,5.670000076293945,5.670000076293945,5.670000076293945,0.0,0.0,
2023-02-01 00:00:00+00:00,5.670000076293945,5.670000076293945,5.670000076293945,5.670000076293945,0.0,0.0,
2023-02-02 00:00:00+00:00,5.670000076293945,5.670000076293945,5.670000076293945,5.670000076293945,0.0,0.0,
2023-02-03 00:00:00+00:00,5.670000076293945,5.670000076293945,5.670000076293945,5.670000076293945,0.0,0.0,
2023-02-06 00:00:00+00:00,5.670000076293945,5.670000076293945,5.670000076293945,5.670000076293945,0.0,0.0,
2023-02-07 00:00:00+00:00,5.670000076293945,5.670000076293945,5.670000076293945,5.670000076293945,0.0,0.0,
2023-02-08 00:00:00+00:00,5.670000076293945,5.670000076293945,5.670000076293945,5.670000076293945,0.0,0.0,
2023-02-09 00:00:00+00:00,5.670000076293945,5.670000076293945,5.670000076293945,5.670000076293945,0.0,0.0,
2023-02-10 00:00:00+00:00,5.670000076293945,5.670000076293945,5.670000076293945,5.670000076293945,0.0,0.0,
2023-02-13 00:00:00+00:00,5.670000076293945,5.670000076293945,5.670000076293945,5.670000076293945,0.0,0.0,
2023-02-14 00:00:00+00:00,5.670000076293945,5.670000076293945,5.670000076293945,5.670000076293945,0.0,0.0,
2023-02-15 00:00:00+00:00,5.670000076293945,5.670000076293945,5.670000076293945,5.670000076293945,0.0,0.0,
2023-02-16 00:00:00+00:00,5.670000076293945,5.670000076293945,5.670000076293945,5.670000076293945,0.0,0.0,
2023-02-17 00:00:00+00:00,5.670000076293945,5.670000076293945,5.670000076293945,5.670000076293945,0.0,0.0,
2023-02-21 00:00:00+00:00,5.670000076293945,5.670000076293945,5.670000076293945,5.670000076293945,0.0,0.0,
2023-02-22 00:00:00+00:00,5.670000076293945,5.670000076293945,5.670000076293945,5.670000076293945,0.0,0.0,
2023-02-23 00:00:00+00:00,5.670000076293945,5.670000076293945,5.670000076293945,5.670000076293945,0.0,0.0,
2023-02-24 00:00:00+00:00,5.670000076293945,5.670000076293945,5.670000076293945,5.670000076293945,0.0,0.0,
2023-02-27 00:00:00+00:00,5.670000076293945,5.670000076293945,5.670000076293945,5.670000076293945,0.0,0.0,
2023-02-28 00:00:00+00:00,5.670000076293945,5.670000076293945,5.670000076293945,5.670000076293945,0.0,0.0,
2023-03-01 00:00:00+00:00,5.670000076293945,5.670000076293945,5.670000076293945,5.670000076293945,0.0,0.0,
2023-03-02 00:00:00+00:00,5.670000076293945,5.670000076293945,5.670000076293945,5.670000076293945,0.0,0.0,
2023-03-03 00:00:00+00:00,5.670000076293945,5.670000076293945,5.670000076293945,5.670000076293945,0.0,0.0,
2023-03-06 00:00:00+00:00,5.670000076293945,5.670000076293945,5.670000076293945,5.670000076293945,0.0,0.0,
2023-03-07 00:00:00+00:00,5.670000076293945,5.670000076293945,5.670000076293945,5.670000076293945,0.0,0.0,
2023-03-08 00:00:00+00:00,5.670000076293945,5.670000076293945,5.670000076293945,5.670000076293945,0.0,0.0,
2023-03-09 00:00:00+00:00,5.670000076293945,5.670000076293945,5.670000076293945,5.670000076293945,0.0,0.0,
2023-03-10 00:00:00+00:00,5.670000076293945,5.670000076293945,5.670000076293945,5.670000076293945,0.0,0.0,
2023-03-13 00:00:00+00:00,5.670000076293945,5.670000076293945,5.670000076293945,5.670000076293945,0.0,0.0,
2023-03-14 00:00:00+00:00,5.670000076293945,5.670000076293945,5.670000076293945,5.670000076293945,0.0,0.0,
2023-03-15 00:00:00+00:00,5.670000076293945,5.670000076293945,5.670000076293945,5.670000076293945,0.0,0.0,
2023-03-16 00:00:00+00:00,5.670000076293945,5.670000076293945,5.670000076293945,5.670000076293945,0.0,0.0,
2023-03-17 00:00:00+00:00,5.670000076293945,5.670000076293945,5.670000076293945,5.670000076293945,0.0,0.0,
2023-03-20 00:00:00+00:00,5.670000076293945,5.670000076293945,5.670000076293945,5.670000076293945,0.0,0.0,
2023-03-21 00:00:00+00:00,5.670000076293945,5.670000076293945,5.670000076293945,5.670000076293945,0.0,0.0,
2023-03-22 00:00:00+00:00,5.670000076293945,5.670000076293945,5.670000076293945,5.670000076293945,0.0,0.0,
2023-03-23 00:00:00+00:00,5.670000076293945,5.670000076293945,5.670000076293945,5.670000076293945,0.0,0.0,
2023-03-24 00:00:00+00:00,5.670000076293945,5.670000076293945,5.670000076293945,5.670000076293945,0.0,0.0,
2023-03-27 00:00:00+00:00,5.670000076293945,5.670000076293945,5.670000076293945,5.670000076293945,0.0,0.0,
2023-03-28 00:00:00+00:00,5.670000076293945,5.670000076293945,5.670000076293945,5.670000076293945,0.0,0.0,
2023-03-29 00:00:00+00:00,5.670000076293945,5.670000076293945,5.670000076293945,5.670000076293945,0.0,0.0,
2023-03-30 00:00:00+00:00,5.670000076293945,5.670000076293945,5.670000076293945,5.670000076293945,0.0,0.0,
2023-03-31 00:00:00+00:00,5.670000076293945,5.670000076293945,5.670000076293945,5.670000076293945,0.0,0.0,
2023-04-03 00:00:00+00:00,5.670000076293945,5.670000076293945,5.670000076293945,5.670000076293945,0.0,0.0,
2023-04-04 00:00:00+00:00,5.670000076293945,5.670000076293945,5.670000076293945,5.670000076293945,0.0,0.0,
2023-04-05 00:00:00+00:00,5.670000076293945,5.670000076293945,5.670000076293945,5.670000076293945,0.0,0.0,
2023-04-06 00:00:00+00:00,5.670000076293945,5.670000076293945,5.670000076293945,5.670000076293945,0.0,0.0,
2023-04-10 00:00:00+00:00,5.670000076293945,5.670000076293945,5.670000076293945,5.670000076293945,0.0,0.0,
2023-04-11 00:00:00+00:00,5.670000076293945,5.670000076293945,5.670000076293945,5.670000076293945,0.0,0.0,
2023-04-12 00:00:00+00:00,5.670000076293945,5.670000076293945,5.670000076293945,5.670000076293945,0.0,0.0,
2023-04-13 00:00:00+00:00,5.670000076293945,5.670000076293945,5.670000076293945,5.670000076293945,0.0,0.0,
2023-04-14 00:00:00+00:00,5.670000076293945,5.670000076293945,5.670000076293945,5.670000076293945,0.0,0.0,
2023-04-17 00:00:00+00:00,5.670000076293945,5.670000076293945,5.670000076293945,5.670000076293945,0.0,0.0,
2023-04-18 00:00:00+00:00,5.670000076293945,5.670000076293945,5.670000076293945,5.670000076293945,0.0,0.0,
2023-04-19 00:00:00+00:00,5.670000076293945,5.670000076293945,5.670000076293945,5.670000076293945,0.0,0.0,
2023-04-20 00:00:00+00:00,5.670000076293945,5.670000076293945,5.670000076293945,5.670000076293945,0.0,0.0,
2023-04-21 00:00:00+00:00,5.670000076293945,5.670000076293945,5.670000076293945,5.670000076293945,0.0,0.0,
2023-04-24 00:00:00+00:00,5.670000076293945,5.670000076293945,5.670000076293945,5.670000076293945,0.0,0.0,
2023-04-25 00:00:00+00:00,5.670000076293945,5.670000076293945,5.670000076293945,5.670000076293945,0.0,0.0,
2023-04-26 00:00:00+00:00,5.670000076293945,5.670000076293945,5.670000076293945,5.670000076293945,0.0,0.0,
2023-04-27 00:00:00+00:00,5.670000076293945,5.670000076293945,5.670000076293945,5.670000076293945,0.0,0.0,
2023-04-28 00:00:00+00:00,5.670000076293945,5.670000076293945,5.670000076293945,5.670000076293945,0.0,0.0,
2023-05-01 00:00:00+00:00,5.670000076293945,5.670000076293945,5.670000076293945,5.670000076293945,0.0,0.0,
2023-05-02 00:00:00+00:00,5.670000076293945,5.670000076293945,5.670000076293945,5.670000076293945,0.0,0.0,
2023-05-03 00:00:00+00:00,5.670000076293945,5.670000076293945,5.670000076293945,5.670000076293945,0.0,0.0,
2023-05-04 00:00:00+00:00,5.670000076293945,5.670000076293945,5.670000076293945,5.670000076293945,0.0,0.0,
2023-05-05 00:00:00+00:00,5.670000076293945,5.670000076293945,5.670000076293945,5.670000076293945,0.0,0.0,
2023-05-08 00:00:00+00:00,5.670000076293945,5.670000076293945,5.670000076293945,5.670000076293945,0.0,0.0,
2023-05-09 00:00:00+00:00,5.670000076293945,5.670000076293945,5.670000076293945,5.670000076293945,0.0,0.0,
2023-05-10 00:00:00+00:00,5.670000076293945,5.670000076293945,5.670000076293945,5.670000076293945,0.0,0.0,
2023-05-11 00:00:00+00:00,5.670000076293945,5.670000076293945,5.670000076293945,5.670000076293945,0.0,0.0,
2023-05-12 00:00:00+00:00,5.670000076293945,5.670000076293945,5.670000076293945,5.670000076293945,0.0,0.0,
2023-05-15 00:00:00+00:00,5.670000076293945,5.670000076293945,5.670000076293945,5.670000076293945,0.0,0.0,
2023-05-16 00:00:00+00:00,5.670000076293945,5.670000076293945,5.670000076293945,5.670000076293945,0.0,0.0,
2023-05-17 00:00:00+00:00,5.670000076293945,5.670000076293945,5.670000076293945,5.670000076293945,0.0,0.0,
2023-05-18 00:00:00+00:00,5.670000076293945,5.670000076293945,5.670000076293945,5.670000076293945,0.0,0.0,
2023-05-19 00:00:00+00:00,5.670000076293945,5.670000076293945,5.670000076293945,5.670000076293945,0.0,0.0,
2023-05-22 00:00:00+00:00,5.670000076293945,5.670000076293945,5.670000076293945,5.670000076293945,0.0,0.0,
2023-05-23 00:00:00+00:00,5.670000076293945,5.670000076293945,5.670000076293945,5.670000076293945,0.0,0.0,
2023-05-24 00:00:00+00:00,5.670000076293945,5.670000076293945,5.670000076293945,5.670000076293945,0.0,0.0,
2023-05-25 00:00:00+00:00,5.670000076293945,5.670000076293945,5.670000076293945,5.670000076293945,0.0,0.0,
2023-05-26 00:00:00+00:00,5.670000076293945,5.670000076293945,5.670000076293945,5.670000076293945,0.0,0.0,
2023-05-30 00:00:00+00:00,5.670000076293945,5.670000076293945,5.670000076293945,5.670000076293945,0.0,0.0,
2023-05-31 00:00:00+00:00,5.670000076293945,5.670000076293945,5.670000076293945,5.670000076293945,0.0,0.0,
2023-06-01 00:00:00+00:00,5.670000076293945,5.670000076293945,5.670000076293945,5.670000076293945,0.0,0.0,
2023-06-02 00:00:00+00:00,5.670000076293945,5.670000076293945,5.670000076293945,5.670000076293945,0.0,0.0,
2023-06-05 00:00:00+00:00,5.670000076293945,5.670000076293945,5.670000076293945,5.670000076293945,0.0,0.0,
2023-06-06 00:00:00+00:00,5.670000076293945,5.670000076293945,5.670000076293945,5.670000076293945,0.0,0.0,
2023-06-07 00:00:00+00:00,5.670000076293945,5.670000076293945,5.670000076293945,5.670000076293945,0.0,0.0,
2023-06-08 00:00:00+00:00,5.670000076293945,5.670000076293945,5.670000076293945,5.670000076293945,0.0,0.0,
2023-06-09 00:00:00+00:00,5.670000076293945,5.670000076293945,5.670000076293945,5.670000076293945,0.0,0.0,
2023-06-12 00:00:00+00:00,5.670000076293945,5.670000076293945,5.670000076293945,5.670000076293945,0.0,0.0,
2023-06-13 00:00:00+00:00,5.670000076293945,5.670000076293945,5.670000076293945,5.670000076293945,0.0,0.0,
2023-06-14 00:00:00+00:00,5.670000076293945,5.670000076293945,5.670000076293945,5.670000076293945,0.0,0.0,
2023-06-15 00:00:00+00:00,5.670000076293945,5.670000076293945,5.670000076293945,5.670000076293945,0.0,0.0,
2023-06-16 00:00:00+00:00,5.670000076293945,5.670000076293945,5.670000076293945,5.670000076293945,0.0,0.0,
2023-06-20 00:00:00+00:00,5.670000076293945,5.670000076293945,5.670000076293945,5.670000076293945,0.0,0.0,
2023-06-21 00:00:00+00:00,5.670000076293945,5.670000076293945,5.670000076293945,5.670000076293945,0.0,0.0,
2023-06-22 00:00:00+00:00,5.670000076293945,5.670000076293945,5.670000076293945,5.670000076293945,0.0,0.0,
2023-06-23 00:00:00+00:00,5.670000076293945,5.670000076293945,5.670000076293945,5.670000076293945,0.0,0.0,
2023-06-26 00:00:00+00:00,5.670000076293945,5.670000076293945,5.670000076293945,5.670000076293945,0.0,0.0,
2023-06-27 00:00:00+00:00,5.670000076293945,5.670000076293945,5.670000076293945,5.670000076293945,0.0,0.0,
2023-06-28 00:00:00+00:00,5.670000076293945,5.670000076293945,5.670000076293945,5.670000076293945,0.0,0.0,
2023-06-29 00:00:00+00:00,5.670000076293945,5.670000076293945,5.670000076293945,5.670000076293945,0.0,0.0,
2023-06-30 00:00:00+00:00,5.670000076293945,5.670000076293945,5.670000076293945,5.670000076293945,0.0,0.0,
2023-07-03 00:00:00+00:00,5.670000076293945,5.670000076293945,5.670000076293945,5.670000076293945,0.0,0.0,
2023-07-05 00:00:00+00:00,5.670000076293945,5.670000076293945,5.670000076293945,5.670000076293945,0.0,0.0,
2023-07-06 00:00:00+00:00,5.670000076293945,5.670000076293945,5.670000076293945,5.670000076293945,0.0,0.0,
2023-07-07 00:00:00+00:00,5.670000076293945,5.670000076293945,5.670000076293945,5.670000076293945,0.0,0.0,
2023-07-10 00:00:00+00:00,5.670000076293945,5.670000076293945,5.670000076293945,5.670000076293945,0.0,0.0,
2023-07-11 00:00:00+00:00,5.670000076293945,5.670000076293945,5.670000076293945,5.670000076293945,0.0,0.0,
2023-07-12 00:00:00+00:00,5.670000076293945,5.670000076293945,5.670000076293945,5.670000076293945,0.0,0.0,
2023-07-13 00:00:00+00:00,5.670000076293945,5.670000076293945,5.670000076293945,5.670000076293945,0.0,0.0,
2023-07-14 00:00:00+00:00,5.670000076293945,5.670000076293945,5.670000076293945,5.670000076293945,0.0,0.0,
2023-07-17 00:00:00+00:00,5.670000076293945,5.670000076293945,5.670000076293945,5.670000076293945,0.0,0.0,
2023-07-18 00:00:00+00:00,5.670000076293945,5.670000076293945,5.670000076293945,5.670000076293945,0.0,0.0,
2023-07-19 00:00:00+00:00,5.670000076293945,5.670000076293945,5.670000076293945,5.670000076293945,0.0,0.0,
2023-07-20 00:00:00+00:00,5.670000076293945,5.670000076293945,5.670000076293945,5.670000076293945,0.0,0.0,
2023-07-21 00:00:00+00:00,5.670000076293945,5.670000076293945,5.670000076293945,5.670000076293945,0.0,0.0,
2023-07-24 00:00:00+00:00,5.670000076293945,5.670000076293945,5.670000076293945,5.670000076293945,0.0,0.0,
2023-07-25 00:00:00+00:00,5.670000076293945,5.670000076293945,5.670000076293945,5.670000076293945,0.0,0.0,
2023-07-26 00:00:00+00:00,5.670000076293945,5.670000076293945,5.670000076293945,5.670000076293945,0.0,0.0,
2023-07-27 00:00:00+00:00,5.670000076293945,5.670000076293945,5.670000076293945,5.670000076293945,0.0,0.0,
2023-07-28 00:00:00+00:00,5.670000076293945,5.670000076293945,5.670000076293945,5.670000076293945,0.0,0.0,
2023-07-31 00:00:00+00:00,5.670000076293945,5.670000076293945,5.670000076293945,5.670000076293945,0.0,0.0,
2023-08-01 00:00:00+00:00,5.670000076293945,5.670000076293945,5.670000076293945,5.670000076293945,0.0,0.0,
2023-08-02 00:00:00+00:00,5.670000076293945,5.670000076293945,5.670000076293945,5.670000076293945,0.0,0.0,
2023-08-03 00:00:00+00:00,5.670000076293945,5.670000076293945,5.670000076293945,5.670000076293945,0.0,0.0,
2023-08-04 00:00:00+00:00,5.670000076293945,5.670000076293945,5.670000076293945,5.670000076293945,0.0,0.0,
2023-08-07 00:00:00+00:00,5.670000076293945,5.670000076293945,5.670000076293945,5.670000076293945,0.0,0.0,
2023-08-08 00:00:00+00:00,5.670000076293945,5.670000076293945,5.670000076293945,5.670000076293945,0.0,0.0,
2023-08-09 00:00:00+00:00,5.670000076293945,5.670000076293945,5.670000076293945,5.670000076293945,0.0,0.0,
2023-08-10 00:00:00+00:00,5.670000076293945,5.670000076293945,5.670000076293945,5.670000076293945,0.0,0.0,
2023-08-11 00:00:00+00:00,5.670000076293945,5.670000076293945,5.670000076293945,5.670000076293945,0.0,0.0,
2023-08-14 00:00:00+00:00,5.670000076293945,5.670000076293945,5.670000076293945,5.670000076293945,0.0,0.0,
2023-08-15 00:00:00+00:00,5.670000076293945,5.670000076293945,5.670000076293945,5.670000076293945,0.0,0.0,
2023-08-16 00:00:00+00:00,5.670000076293945,5.670000076293945,5.670000076293945,5.670000076293945,0.0,0.0,
2023-08-17 00:00:00+00:00,5.670000076293945,5.670000076293945,5.670000076293945,5.670000076293945,0.0,0.0,
2023-08-18 00:00:00+00:00,5.670000076293945,5.670000076293945,5.670000076293945,5.670000076293945,0.0,0.0,
2023-08-21 00:00:00+00:00,5.670000076293945,5.670000076293945,5.670000076293945,5.670000076293945,0.0,0.0,
2023-08-22 00:00:00+00:00,5.670000076293945,5.670000076293945,5.670000076293945,5.670000076293945,0.0,0.0,
2023-08-23 00:00:00+00:00,5.670000076293945,5.670000076293945,5.670000076293945,5.670000076293945,0.0,0.0,
2023-08-24 00:00:00+00:00,5.670000076293945,5.670000076293945,5.670000076293945,5.670000076293945,0.0,0.0,
2023-08-25 00:00:00+00:00,5.670000076293945,5.670000076293945,5.670000076293945,5.670000076293945,0.0,0.0,
2023-08-28 00:00:00+00:00,5.670000076293945,5.670000076293945,5.670000076293945,5.670000076293945,0.0,0.0,
2023-08-29 00:00:00+00:00,5.670000076293945,5.670000076293945,5.670000076293945,5.670000076293945,0.0,0.0,
2023-08-30 00:00:00+00:00,5.670000076293945,5.670000076293945,5.670000076293945,5.670000076293945,0.0,0.0,
2023-08-31 00:00:00+00:00,5.670000076293945,5.670000076293945,5.670000076293945,5.670000076293945,0.0,0.0,
2023-09-01 00:00:00+00:00,5.670000076293945,5.670000076293945,5.670000076293945,5.670000076293945,0.0,0.0,
2023-09-05 00:00:00+00:00,5.670000076293945,5.670000076293945,5.670000076293945,5.670000076293945,0.0,0.0,
2023-09-06 00:00:00+00:00,5.670000076293945,5.670000076293945,5.670000076293945,5.670000076293945,0.0,0.0,
2023-09-07 00:00:00+00:00,5.670000076293945,5.670000076293945,5.670000076293945,5.670000076293945,0.0,0.0,
2023-09-08 00:00:00+00:00,5.670000076293945,5.670000076293945,5.670000076293945,5.670000076293945,0.0,0.0,
2023-09-11 00:00:00+00:00,5.670000076293945,5.670000076293945,5.670000076293945,5.670000076293945,0.0,0.0,
2023-09-12 00:00:00+00:00,5.670000076293945,5.670000076293945,5.670000076293945,5.670000076293945,0.0,0.0,
2023-09-13 00:00:00+00:00,5.670000076293945,5.670000076293945,5.670000076293945,5.670000076293945,0.0,0.0,
2023-09-14 00:00:00+00:00,5.670000076293945,5.670000076293945,5.670000076293945,5.670000076293945,0.0,0.0,
2023-09-15 00:00:00+00:00,5.670000076293945,5.670000076293945,5.670000076293945,5.670000076293945,0.0,0.0,
2023-09-18 00:00:00+00:00,5.670000076293945,5.670000076293945,5.670000076293945,5.670000076293945,0.0,0.0,
2023-09-19 00:00:00+00:00,5.670000076293945,5.670000076293945,5.670000076293945,5.670000076293945,0.0,0.0,
2023-09-20 00:00:00+00:00,5.670000076293945,5.670000076293945,5.670000076293945,5.670000076293945,0.0,0.0,
2023-09-21 00:00:00+00:00,5.670000076293945,5.670000076293945,5.670000076293945,5.670000076293945,0.0,0.0,
2023-09-22 00:00:00+00:00,5.670000076293945,5.670000076293945,5.670000076293945,5.670000076293945,0.0,0.0,
2023-09-25 00:00:00+00:00,5.670000076293945,5.670000076293945,5.670000076293945,5.670000076293945,0.0,0.0,
2023-09-26 00:00:00+00:00,5.670000076293945,5.670000076293945,5.670000076293945,5.670000076293945,0.0,0.0,
2023-09-27 00:00:00+00:00,5.670000076293945,5.670000076293945,5.670000076293945,5.670000076293945,0.0,0.0,
2023-09-28 00:00:00+00:00,5.670000076293945,5.670000076293945,5.670000076293945,5.670000076293945,0.0,0.0,
2023-09-29 00:00:00+00:00,5.670000076293945,5.670000076293945,5.670000076293945,5.670000076293945,0.0,0.0,
2023-10-02 00:00:00+00:00,5.670000076293945,5.670000076293945,5.670000076293945,5.670000076293945,0.0,0.0,
2023-10-03 00:00:00+00:00,5.670000076293945,5.670000076293945,5.670000076293945,5.670000076293945,0.0,0.0,
2023-10-04 00:00:00+00:00,5.670000076293945,5.670000076293945,5.670000076293945,5.670000076293945,0.0,0.0,
2023-10-05 00:00:00+00:00,5.670000076293945,5.670000076293945,5.670000076293945,5.670000076293945,0.0,0.0,
2023-10-06 00:00:00+00:00,5.670000076293945,5.670000076293945,5.670000076293945,5.670000076293945,0.0,0.0,
2023-10-09 00:00:00+00:00,5.670000076293945,5.670000076293945,5.670000076293945,5.670000076293945,0.0,0.0,
2023-10-10 00:00:00+00:00,5.670000076293945,5.670000076293945,5.670000076293945,5.670000076293945,0.0,0.0,
2023-10-11 00:00:00+00:00,5.670000076293945,5.670000076293945,5.670000076293945,5.670000076293945,0.0,0.0,
2023-10-12 00:00:00+00:00,5.670000076293945,5.670000076293945,5.670000076293945,5.670000076293945,0.0,0.0,
2023-10-13 00:00:00+00:00,5.670000076293945,5.670000076293945,5.670000076293945,5.670000076293945,0.0,0.0,
2023-10-16 00:00:00+00:00,5.670000076293945,5.670000076293945,5.670000076293945,5.670000076293945,0.0,0.0,
2023-10-17 00:00:00+00:00,5.670000076293945,5.670000076293945,5.670000076293945,5.670000076293945,0.0,0.0,
2023-10-18 00:00:00+00:00,5.670000076293945,5.670000076293945,5.670000076293945,5.670000076293945,0.0,0.0,
2023-10-19 00:00:00+00:00,5.670000076293945,5.670000076293945,5.670000076293945,5.670000076293945,0.0,0.0,
2023-10-20 00:00:00+00:00,5.670000076293945,5.670000076293945,5.670000076293945,5.670000076293945,0.0,0.0,
2023-10-23 00:00:00+00:00,5.670000076293945,5.670000076293945,5.670000076293945,5.670000076293945,0.0,0.0,
2023-10-24 00:00:00+00:00,5.670000076293945,5.670000076293945,5.670000076293945,5.670000076293945,0.0,0.0,
2023-10-25 00:00:00+00:00,5.670000076293945,5.670000076293945,5.670000076293945,5.670000076293945,0.0,0.0,
2023-10-26 00:00:00+00:00,5.670000076293945,5.670000076293945,5.670000076293945,5.670000076293945,0.0,0.0,
2023-10-27 00:00:00+00:00,5.670000076293945,5.670000076293945,5.670000076293945,5.670000076293945,0.0,0.0,
2023-10-30 00:00:00+00:00,5.670000076293945,5.670000076293945,5.670000076293945,5.670000076293945,0.0,0.0,
2023-10-31 00:00:00+00:00,5.670000076293945,5.670000076293945,5.670000076293945,5.670000076293945,0.0,0.0,
2023-11-01 00:00:00+00:00,5.670000076293945,5.670000076293945,5.670000076293945,5.670000076293945,0.0,0.0,
2023-11-02 00:00:00+00:00,5.670000076293945,5.670000076293945,5.670000076293945,5.670000076293945,0.0,0.0,
2023-11-03 00:00:00+00:00,5.670000076293945,5.670000076293945,5.670000076293945,5.670000076293945,0.0,0.0,
2023-11-06 00:00:00+00:00,5.670000076293945,5.670000076293945,5.670000076293945,5.670000076293945,0.0,0.0,
2023-11-07 00:00:00+00:00,5.670000076293945,5.670000076293945,5.670000076293945,5.670000076293945,0.0,0.0,
2023-11-08 00:00:00+00:00,5.670000076293945,5.670000076293945,5.670000076293945,5.670000076293945,0.0,0.0,
2023-11-09 00:00:00+00:00,5.670000076293945,5.670000076293945,5.670000076293945,5.670000076293945,0.0,0.0,
2023-11-10 00:00:00+00:00,5.670000076293945,5.670000076293945,5.670000076293945,5.670000076293945,0.0,0.0,
2023-11-13 00:00:00+00:00,5.670000076293945,5.670000076293945,5.670000076293945,5.670000076293945,0.0,0.0,
2023-11-14 00:00:00+00:00,5.670000076293945,5.670000076293945,5.670000076293945,5.670000076293945,0.0,0.0,
2023-11-15 00:00:00+00:00,5.670000076293945,5.670000076293945,5.670000076293945,5.670000076293945,0.0,0.0,
2023-11-16 00:00:00+00:00,5.670000076293945,5.670000076293945,5.670000076293945,5.670000076293945,0.0,0.0,
2023-11-17 00:00:00+00:00,5.670000076293945,5.670000076293945,5.670000076293945,5.670000076293945,0.0,0.0,
2023-11-20 00:00:00+00:00,5.670000076293945,5.670000076293945,5.670000076293945,5.670000076293945,0.0,0.0,
2023-11-21 00:00:00+00:00,5.670000076293945,5.670000076293945,5.670000076293945,5.670000076293945,0.0,0.0,
2023-11-22 00:00:00+00:00,5.670000076293945,5.670000076293945,5.670000076293945,5.670000076293945,0.0,0.0,
2023-11-24 00:00:00+00:00,5.670000076293945,5.670000076293945,5.670000076293945,5.670000076293945,0.0,0.0,
2023-11-27 00:00:00+00:00,5.670000076293945,5.670000076293945,5.670000076293945,5.670000076293945,0.0,0.0,
2023-11-28 00:00:00+00:00,5.670000076293945,5.670000076293945,5.670000076293945,5.670000076293945,0.0,0.0,
2023-11-29 00:00:00+00:00,5.670000076293945,5.670000076293945,5.670000076293945,5.670000076293945,0.0,0.0,
2023-11-30 00:00:00+00:00,5.670000076293945,5.670000076293945,5.670000076293945,5.670000076293945,0.0,0.0,
2023-12-01 00:00:00+00:00,5.670000076293945,5.670000076293945,5.670000076293945,5.670000076293945,0.0,0.0,
2023-12-04 00:00:00+00:00,5.670000076293945,5.670000076293945,5.670000076293945,5.670000076293945,0.0,0.0,
2023-12-05 00:00:00+00:00,5.670000076293945,5.670000076293945,5.670000076293945,5.670000076293945,0.0,0.0,
2023-12-06 00:00:00+00:00,5.670000076293945,5.670000076293945,5.670000076293945,5.670000076293945,0.0,0.0,
2023-12-07 00:00:00+00:00,5.670000076293945,5.670000076293945,5.670000076293945,5.670000076293945,0.0,0.0,
2023-12-08 00:00:00+00:00,5.670000076293945,5.670000076293945,5.670000076293945,5.670000076293945,0.0,0.0,
2023-12-11 00:00:00+00:00,5.670000076293945,5.670000076293945,5.670000076293945,5.670000076293945,0.0,0.0,
2023-12-12 00:00:00+00:00,5.670000076293945,5.670000076293945,5.670000076293945,5.670000076293945,0.0,0.0,
2023-12-13 00:00:00+00:00,5.670000076293945,5.670000076293945,5.670000076293945,5.670000076293945,0.0,0.0,
2023-12-14 00:00:00+00:00,5.670000076293945,5.670000076293945,5.670000076293945,5.670000076293945,0.0,0.0,
2023-12-15 00:00:00+00:00,5.670000076293945,5.670000076293945,5.670000076293945,5.670000076293945,0.0,0.0,
2023-12-18 00:00:00+00:00,5.670000076293945,5.670000076293945,5.670000076293945,5.670000076293945,0.0,0.0,
2023-12-19 00:00:00+00:00,5.670000076293945,5.670000076293945,5.670000076293945,5.670000076293945,0.0,0.0,
2023-12-20 00:00:00+00:00,5.670000076293945,5.670000076293945,5.670000076293945,5.670000076293945,0.0,0.0,
2023-12-21 00:00:00+00:00,5.670000076293945,5.670000076293945,5.670000076293945,5.670000076293945,0.0,0.0,
2023-12-22 00:00:00+00:00,5.670000076293945,5.670000076293945,5.670000076293945,5.670000076293945,0.0,0.0,
2023-12-26 00:00:00+00:00,5.670000076293945,5.670000076293945,5.670000076293945,5.670000076293945,0.0,0.0,
2023-12-27 00:00:00+00:00,5.670000076293945,5.670000076293945,5.670000076293945,5.670000076293945,0.0,0.0,
2023-12-28 00:00:00+00:00,5.670000076293945,5.670000076293945,5.670000076293945,5.670000076293945,0.0,0.0,
2023-12-29 00:00:00+00:00,5.670000076293945,5.670000076293945,5.670000076293945,5.670000076293945,0.0,0.0,
2024-01-02 00:00:00+00:00,5.670000076293945,5.670000076293945,5.670000076293945,5.670000076293945,0.0,0.0,
2024-01-03 00:00:00+00:00,5.670000076293945,5.670000076293945,5.670000076293945,5.670000076293945,0.0,0.0,
2024-01-04 00:00:00+00:00,5.670000076293945,5.670000076293945,5.670000076293945,5.670000076293945,0.0,0.0,
2024-01-05 00:00:00+00:00,5.670000076293945,5.670000076293945,5.670000076293945,5.670000076293945,0.0,0.0,
2024-01-08 00:00:00+00:00,5.670000076293945,5.670000076293945,5.670000076293945,5.670000076293945,0.0,0.0,
2024-01-09 00:00:00+00:00,5.670000076293945,5.670000076293945,5.670000076293945,5.670000076293945,0.0,0.0,
2024-01-10 00:00:00+00:00,5.670000076293945,5.670000076293945,5.670000076293945,5.670000076293945,0.0,0.0,
2024-01-11 00:00:00+00:00,5.670000076293945,5.670000076293945,5.670000076293945,5.670000076293945,0.0,0.0,
2024-01-12 00:00:00+00:00,5.670000076293945,5.670000076293945,5.670000076293945,5.670000076293945,0.0,0.0,
2024-01-16 00:00:00+00:00,5.670000076293945,5.670000076293945,5.670000076293945,5.670000076293945,0.0,0.0,
2024-01-17 00:00:00+00:00,5.670000076293945,5.670000076293945,5.670000076293945,5.670000076293945,0.0,0.0,
2024-01-18 00:00:00+00:00,5.670000076293945,5.670000076293945,5.670000076293945,5.670000076293945,0.0,0.0,
2024-01-19 00:00:00+00:00,5.670000076293945,5.670000076293945,5.670000076293945,5.670000076293945,0.0,0.0,
2024-01-22 00:00:00+00:00,5.670000076293945,5.670000076293945,5.670000076293945,5.670000076293945,0.0,0.0,
2024-01-23 00:00:00+00:00,5.670000076293945,5.670000076293945,5.670000076293945,5.670000076293945,0.0,0.0,
2024-01-24 00:00:00+00:00,5.670000076293945,5.670000076293945,5.670000076293945,5.670000076293945,0.0,0.0,
2024-01-25 00:00:00+00:00,5.670000076293945,5.670000076293945,5.670000076293945,5.670000076293945,0.0,0.0,
2024-01-26 00:00:00+00:00,5.670000076293945,5.670000076293945,5.670000076293945,5.670000076293945,0.0,0.0,
2024-01-29 00:00:00+00:00,5.670000076293945,5.670000076293945,5.670000076293945,5.670000076293945,0.0,0.0,
2024-01-30 00:00:00+00:00,5.670000076293945,5.670000076293945,5.670000076293945,5.670000076293945,0.0,0.0,
2024-01-31 00:00:00+00:00,5.670000076293945,5.670000076293945,5.670000076293945,5.670000076293945,0.0,0.0,
2024-02-01 00:00:00+00:00,5.670000076293945,5.670000076293945,5.670000076293945,5.670000076293945,0.0,0.0,
2024-02-02 00:00:00+00:00,5.670000076293945,5.670000076293945,5.670000076293945,5.670000076293945,0.0,0.0,
2024-02-05 00:00:00+00:00,5.670000076293945,5.670000076293945,5.670000076293945,5.670000076293945,0.0,0.0,
2024-02-06 00:00:00+00:00,5.670000076293945,5.670000076293945,5.670000076293945,5.670000076293945,0.0,0.0,
2024-02-07 00:00:00+00:00,5.670000076293945,5.670000076293945,5.670000076293945,5.670000076293945,0.0,0.0,
2024-02-08 00:00:00+00:00,5.670000076293945,5.670000076293945,5.670000076293945,5.670000076293945,0.0,0.0,
2024-02-09 00:00:00+00:00,5.670000076293945,5.670000076293945,5.670000076293945,5.670000076293945,0.0,0.0,
2024-02-12 00:00:00+00:00,5.670000076293945,5.670000076293945,5.670000076293945,5.670000076293945,0.0,0.0,
2024-02-13 00:00:00+00:00,5.670000076293945,5.670000076293945,5.670000076293945,5.670000076293945,0.0,0.0,
2024-02-14 00:00:00+00:00,5.670000076293945,5.670000076293945,5.670000076293945,5.670000076293945,0.0,0.0,
2024-02-15 00:00:00+00:00,5.670000076293945,5.670000076293945,5.670000076293945,5.670000076293945,0.0,0.0,
2024-02-16 00:00:00+00:00,5.670000076293945,5.670000076293945,5.670000076293945,5.670000076293945,0.0,0.0,
2024-02-20 00:00:00+00:00,5.670000076293945,5.670000076293945,5.670000076293945,5.670000076293945,0.0,0.0,
2024-02-21 00:00:00+00:00,5.670000076293945,5.670000076293945,5.670000076293945,5.670000076293945,0.0,0.0,
2024-02-22 00:00:00+00:00,5.670000076293945,5.670000076293945,5.670000076293945,5.670000076293945,0.0,0.0,
2024-02-23 00:00:00+00:00,5.670000076293945,5.670000076293945,5.670000076293945,5.670000076293945,0.0,0.0,
2024-02-26 00:00:00+00:00,5.670000076293945,5.670000076293945,5.670000076293945,5.670000076293945,0.0,0.0,
2024-02-27 00:00:00+00:00,5.670000076293945,5.670000076293945,5.670000076293945,5.670000076293945,0.0,0.0,
2024-02-28 00:00:00+00:00,5.670000076293945,5.670000076293945,5.670000076293945,5.670000076293945,0.0,0.0,
2024-02-29 00:00:00+00:00,5.670000076293945,5.670000076293945,5.670000076293945,5.670000076293945,0.0,0.0,
2024-03-01 00:00:00+00:00,5.670000076293945,5.670000076293945,5.670000076293945,5.670000076293945,0.0,0.0,
2024-03-04 00:00:00+00:00,5.670000076293945,5.670000076293945,5.670000076293945,5.670000076293945,0.0,0.0,
2024-03-05 00:00:00+00:00,5.670000076293945,5.670000076293945,5.670000076293945,5.670000076293945,0.0,0.0,
2024-03-06 00:00:00+00:00,5.670000076293945,5.670000076293945,5.670000076293945,5.670000076293945,0.0,0.0,
2024-03-07 00:00:00+00:00,5.670000076293945,5.670000076293945,5.670000076293945,5.670000076293945,0.0,0.0,
2024-03-08 00:00:00+00:00,5.670000076293945,5.670000076293945,5.670000076293945,5.670000076293945,0.0,0.0,
2024-03-11 00:00:00+00:00,5.670000076293945,5.670000076293945,5.670000076293945,5.670000076293945,0.0,0.0,
2024-03-12 00:00:00+00:00,5.670000076293945,5.670000076293945,5.670000076293945,5.670000076293945,0.0,0.0,
2024-03-13 00:00:00+00:00,5.670000076293945,5.670000076293945,5.670000076293945,5.670000076293945,0.0,0.0,
2024-03-14 00:00:00+00:00,5.670000076293945,5.670000076293945,5.670000076293945,5.670000076293945,0.0,0.0,
2024-03-15 00:00:00+00:00,5.670000076293945,5.670000076293945,5.670000076293945,5.670000076293945,0.0,0.0,
2024-03-18 00:00:00+00:00,5.670000076293945,5.670000076293945,5.670000076293945,5.670000076293945,0.0,0.0,
2024-03-19 00:00:00+00:00,5.670000076293945,5.670000076293945,5.670000076293945,5.670000076293945,0.0,0.0,
2024-03-20 00:00:00+00:00,5.670000076293945,5.670000076293945,5.670000076293945,5.670000076293945,0.0,0.0,
2024-03-21 00:00:00+00:00,5.670000076293945,5.670000076293945,5.670000076293945,5.670000076293945,0.0,0.0,
2024-03-22 00:00:00+00:00,5.670000076293945,5.670000076293945,5.670000076293945,5.670000076293945,0.0,0.0,
2024-03-25 00:00:00+00:00,5.670000076293945,5.670000076293945,5.670000076293945,5.670000076293945,0.0,0.0,
2024-03-26 00:00:00+00:00,5.670000076293945,5.670000076293945,5.670000076293945,5.670000076293945,0.0,0.0,
2024-03-27 00:00:00+00:00,5.670000076293945,5.670000076293945,5.670000076293945,5.670000076293945,0.0,0.0,
2024-03-28 00:00:00+00:00,5.670000076293945,5.670000076293945,5.670000076293945,5.670000076293945,0.0,0.0,
2024-04-01 00:00:00+00:00,5.670000076293945,5.670000076293945,5.670000076293945,5.670000076293945,0.0,0.0,
2024-04-02 00:00:00+00:00,5.670000076293945,5.670000076293945,5.670000076293945,5.670000076293945,0.0,0.0,
2024-04-03 00:00:00+00:00,5.670000076293945,5.670000076293945,5.670000076293945,5.670000076293945,0.0,0.0,
2024-04-04 00:00:00+00:00,5.670000076293945,5.670000076293945,5.670000076293945,5.670000076293945,0.0,0.0,
2024-04-05 00:00:00+00:00,5.670000076293945,5.670000076293945,5.670000076293945,5.670000076293945,0.0,0.0,
2024-04-08 00:00:00+00:00,5.670000076293945,5.670000076293945,5.670000076293945,5.670000076293945,0.0,0.0,
2024-04-09 00:00:00+00:00,5.670000076293945,5.670000076293945,5.670000076293945,5.670000076293945,0.0,0.0,
2024-04-10 00:00:00+00:00,5.670000076293945,5.670000076293945,5.670000076293945,5.670000076293945,0.0,0.0,
2024-04-11 00:00:00+00:00,5.670000076293945,5.670000076293945,5.670000076293945,5.670000076293945,0.0,0.0,
2024-04-12 00:00:00+00:00,5.670000076293945,5.670000076293945,5.670000076293945,5.670000076293945,0.0,0.0,
2024-04-15 00:00:00+00:00,5.670000076293945,5.670000076293945,5.670000076293945,5.670000076293945,0.0,0.0,
2024-04-16 00:00:00+00:00,5.670000076293945,5.670000076293945,5.670000076293945,5.670000076293945,0.0,0.0,
2024-04-17 00:00:00+00:00,5.670000076293945,5.670000076293945,5.670000076293945,5.670000076293945,0.0,0.0,
2024-04-18 00:00:00+00:00,5.670000076293945,5.670000076293945,5.670000076293945,5.670000076293945,0.0,0.0,
2024-04-19 00:00:00+00:00,5.670000076293945,5.670000076293945,5.670000076293945,5.670000076293945,0.0,0.0,
2024-04-22 00:00:00+00:00,5.670000076293945,5.670000076293945,5.670000076293945,5.670000076293945,0.0,0.0,
2024-04-23 00:00:00+00:00,5.670000076293945,5.670000076293945,5.670000076293945,5.670000076293945,0.0,0.0,
2024-04-24 00:00:00+00:00,5.670000076293945,5.670000076293945,5.670000076293945,5.670000076293945,0.0,0.0,
2024-04-25 00:00:00+00:00,5.670000076293945,5.670000076293945,5.670000076293945,5.670000076293945,0.0,0.0,
2024-04-26 00:00:00+00:00,5.670000076293945,5.670000076293945,5.670000076293945,5.670000076293945,0.0,0.0,
2024-04-29 00:00:00+00:00,5.670000076293945,5.670000076293945,5.670000076293945,5.670000076293945,0.0,0.0,
2024-04-30 00:00:00+00:00,5.670000076293945,5.670000076293945,5.670000076293945,5.670000076293945,0.0,0.0,
2024-05-01 00:00:00+00:00,5.670000076293945,5.670000076293945,5.670000076293945,5.670000076293945,0.0,0.0,
2024-05-02 00:00:00+00:00,5.670000076293945,5.670000076293945,5.670000076293945,5.670000076293945,0.0,0.0,
2024-05-03 00:00:00+00:00,5.670000076293945,5.670000076293945,5.670000076293945,5.670000076293945,0.0,0.0,
2024-05-06 00:00:00+00:00,5.670000076293945,5.670000076293945,5.670000076293945,5.670000076293945,0.0,0.0,
2024-05-07 00:00:00+00:00,5.670000076293945,5.670000076293945,5.670000076293945,5.670000076293945,0.0,0.0,
2024-05-08 00:00:00+00:00,5.670000076293945,5.670000076293945,5.670000076293945,5.670000076293945,0.0,0.0,
2024-05-09 00:00:00+00:00,5.670000076293945,5.670000076293945,5.670000076293945,5.670000076293945,0.0,0.0,
2024-05-10 00:00:00+00:00,5.670000076293945,5.670000076293945,5.670000076293945,5.670000076293945,0.0,0.0,
2024-05-13 00:00:00+00:00,5.670000076293945,5.670000076293945,5.670000076293945,5.670000076293945,0.0,0.0,
2024-05-14 00:00:00+00:00,5.670000076293945,5.670000076293945,5.670000076293945,5.670000076293945,0.0,0.0,
2024-05-15 00:00:00+00:00,5.670000076293945,5.670000076293945,5.670000076293945,5.670000076293945,0.0,0.0,
2024-05-16 00:00:00+00:00,5.670000076293945,5.670000076293945,5.670000076293945,5.670000076293945,0.0,0.0,
2024-05-17 00:00:00+00:00,5.670000076293945,5.670000076293945,5.670000076293945,5.670000076293945,0.0,0.0,
2024-05-20 00:00:00+00:00,5.670000076293945,5.670000076293945,5.670000076293945,5.670000076293945,0.0,0.0,
2024-05-21 00:00:00+00:00,5.670000076293945,5.670000076293945,5.670000076293945,5.670000076293945,0.0,0.0,
2024-05-22 00:00:00+00:00,5.670000076293945,5.670000076293945,5.670000076293945,5.670000076293945,0.0,0.0,
2024-05-23 00:00:00+00:00,5.670000076293945,5.670000076293945,5.670000076293945,5.670000076293945,0.0,0.0,
2024-05-24 00:00:00+00:00,5.670000076293945,5.670000076293945,5.670000076293945,5.670000076293945,0.0,0.0,
2024-05-28 00:00:00+00:00,5.670000076293945,5.670000076293945,5.670000076293945,5.670000076293945,0.0,0.0,
2024-05-29 00:00:00+00:00,5.670000076293945,5.670000076293945,5.670000076293945,5.670000076293945,0.0,0.0,
2024-05-30 00:00:00+00:00,5.670000076293945,5.670000076293945,5.670000076293945,5.670000076293945,0.0,0.0,
2024-05-31 00:00:00+00:00,5.670000076293945,5.670000076293945,5.670000076293945,5.670000076293945,0.0,0.0,
2024-06-03 00:00:00+00:00,5.670000076293945,5.670000076293945,5.670000076293945,5.670000076293945,0.0,0.0,
2024-06-04 00:00:00+00:00,5.670000076293945,5.670000076293945,5.670000076293945,5.670000076293945,0.0,0.0,
2024-06-05 00:00:00+00:00,5.670000076293945,5.670000076293945,5.670000076293945,5.670000076293945,0.0,0.0,
2024-06-06 00:00:00+00:00,5.670000076293945,5.670000076293945,5.670000076293945,5.670000076293945,0.0,0.0,
2024-06-07 00:00:00+00:00,5.670000076293945,5.670000076293945,5.670000076293945,5.670000076293945,0.0,0.0,
2024-06-10 00:00:00+00:00,5.670000076293945,5.670000076293945,5.670000076293945,5.670000076293945,0.0,0.0,
2024-06-11 00:00:00+00:00,5.670000076293945,5.670000076293945,5.670000076293945,5.670000076293945,0.0,0.0,
2024-06-12 00:00:00+00:00,5.670000076293945,5.670000076293945,5.670000076293945,5.670000076293945,0.0,0.0,
2024-06-13 00:00:00+00:00,5.670000076293945,5.670000076293945,5.670000076293945,5.670000076293945,0.0,0.0,
2024-06-14 00:00:00+00:00,5.670000076293945,5.670000076293945,5.670000076293945,5.670000076293945,0.0,0.0,
2024-06-17 00:00:00+00:00,5.670000076293945,5.670000076293945,5.670000076293945,5.670000076293945,0.0,0.0,
2024-06-18 00:00:00+00:00,5.670000076293945,5.670000076293945,5.670000076293945,5.670000076293945,0.0,0.0,
2024-06-20 00:00:00+00:00,5.670000076293945,5.670000076293945,5.670000076293945,5.670000076293945,0.0,0.0,
2024-06-21 00:00:00+00:00,5.670000076293945,5.670000076293945,5.670000076293945,5.670000076293945,0.0,0.0,
2024-06-24 00:00:00+00:00,5.670000076293945,5.670000076293945,5.670000076293945,5.670000076293945,0.0,0.0,
2024-06-25 00:00:00+00:00,5.670000076293945,5.670000076293945,5.670000076293945,5.670000076293945,0.0,0.0,
2024-06-26 00:00:00+00:00,5.670000076293945,5.670000076293945,5.670000076293945,5.670000076293945,0.0,0.0,
2024-06-27 00:00:00+00:00,5.670000076293945,5.670000076293945,5.670000076293945,5.670000076293945,0.0,0.0,
2024-06-28 00:00:00+00:00,5.670000076293945,5.670000076293945,5.670000076293945,5.670000076293945,0.0,0.0,
2024-07-01 00:00:00+00:00,5.670000076293945,5.670000076293945,5.670000076293945,5.670000076293945,0.0,0.0,
2024-07-02 00:00:00+00:00,5.670000076293945,5.670000076293945,5.670000076293945,5.670000076293945,0.0,0.0,
2024-07-03 00:00:00+00:00,5.670000076293945,5.670000076293945,5.670000076293945,5.670000076293945,0.0,0.0,
2024-07-05 00:00:00+00:00,5.670000076293945,5.670000076293945,5.670000076293945,5.670000076293945,0.0,0.0,
2024-07-08 00:00:00+00:00,5.670000076293945,5.670000076293945,5.670000076293945,5.670000076293945,0.0,0.0,
2024-07-09 00:00:00+00:00,5.670000076293945,5.670000076293945,5.670000076293945,5.670000076293945,0.0,0.0,
2024-07-10 00:00:00+00:00,5.670000076293945,5.670000076293945,5.670000076293945,5.670000076293945,0.0,0.0,
2024-07-11 00:00:00+00:00,5.670000076293945,5.670000076293945,5.670000076293945,5.670000076293945,0.0,0.0,
2024-07-12 00:00:00+00:00,5.670000076293945,5.670000076293945,5.670000076293945,5.670000076293945,0.0,0.0,
2024-07-15 00:00:00+00:00,5.670000076293945,5.670000076293945,5.670000076293945,5.670000076293945,0.0,0.0,
2024-07-16 00:00:00+00:00,5.670000076293945,5.670000076293945,5.670000076293945,5.670000076293945,0.0,0.0,
2024-07-17 00:00:00+00:00,5.670000076293945,5.670000076293945,5.670000076293945,5.670000076293945,0.0,0.0,
2024-07-18 00:00:00+00:00,5.670000076293945,5.670000076293945,5.670000076293945,5.670000076293945,0.0,0.0,
2024-07-19 00:00:00+00:00,5.670000076293945,5.670000076293945,5.670000076293945,5.670000076293945,0.0,0.0,
2024-07-22 00:00:00+00:00,5.670000076293945,5.670000076293945,5.670000076293945,5.670000076293945,0.0,0.0,
