symbol,date,open,high,low,close,volume,adjclose,splits
KALV,2015-04-08 20:00:00-04:00,91.0,92.12000274658203,73.5,77.83999633789062,110679,77.83999633789062,0.0
KALV,2015-04-09 20:00:00-04:00,78.68000030517578,81.76000213623047,70.41999816894531,74.05999755859375,16393,74.05999755859375,0.0
KALV,2015-04-12 20:00:00-04:00,72.66000366210938,74.19999694824219,70.13999938964844,70.55999755859375,8807,70.55999755859375,0.0
KALV,2015-04-13 20:00:00-04:00,70.27999877929688,77.0,70.13999938964844,74.62000274658203,3829,74.62000274658203,0.0
KALV,2015-04-14 20:00:00-04:00,75.45999908447266,83.16000366210938,75.45999908447266,78.54000091552734,16171,78.54000091552734,0.0
KALV,2015-04-15 20:00:00-04:00,80.36000061035156,82.31999969482422,75.31999969482422,75.45999908447266,24650,75.45999908447266,0.0
KALV,2015-04-16 20:00:00-04:00,79.80000305175781,90.58000183105469,73.63999938964844,85.26000213623047,13179,85.26000213623047,0.0
KALV,2015-04-19 20:00:00-04:00,90.16000366210938,110.31999969482422,82.5999984741211,102.62000274658203,24621,102.62000274658203,0.0
KALV,2015-04-20 20:00:00-04:00,104.72000122070312,122.77999877929688,96.04000091552734,103.5999984741211,43471,103.5999984741211,0.0
KALV,2015-04-21 20:00:00-04:00,96.5999984741211,103.87999725341797,91.0,98.27999877929688,10200,98.27999877929688,0.0
KALV,2015-04-22 20:00:00-04:00,99.4000015258789,111.0199966430664,99.4000015258789,105.83999633789062,13529,105.83999633789062,0.0
KALV,2015-04-23 20:00:00-04:00,110.5999984741211,110.5999984741211,99.4000015258789,104.30000305175781,4629,104.30000305175781,0.0
KALV,2015-04-26 20:00:00-04:00,107.37999725341797,107.37999725341797,91.69999694824219,95.9000015258789,10329,95.9000015258789,0.0
KALV,2015-04-27 20:00:00-04:00,94.5,95.19999694824219,80.5,81.76000213623047,9893,81.76000213623047,0.0
KALV,2015-04-28 20:00:00-04:00,82.31999969482422,84.0,70.41999816894531,72.80000305175781,10264,72.80000305175781,0.0
KALV,2015-04-29 20:00:00-04:00,70.0,75.73999786376953,65.5199966430664,70.55999755859375,8671,70.55999755859375,0.0
KALV,2015-04-30 20:00:00-04:00,70.83999633789062,76.86000061035156,70.83999633789062,75.87999725341797,2336,75.87999725341797,0.0
KALV,2015-05-03 20:00:00-04:00,84.27999877929688,89.18000030517578,80.63999938964844,83.86000061035156,13564,83.86000061035156,0.0
KALV,2015-05-04 20:00:00-04:00,84.27999877929688,91.13999938964844,77.83999633789062,82.18000030517578,21236,82.18000030517578,0.0
KALV,2015-05-05 20:00:00-04:00,82.04000091552734,86.8280029296875,74.9000015258789,77.69999694824219,5300,77.69999694824219,0.0
KALV,2015-05-06 20:00:00-04:00,78.26000213623047,83.86000061035156,73.91999816894531,79.80000305175781,7129,79.80000305175781,0.0
KALV,2015-05-07 20:00:00-04:00,77.13999938964844,84.0,76.74800109863281,83.44000244140625,6936,83.44000244140625,0.0
KALV,2015-05-10 20:00:00-04:00,84.0,84.0,78.26000213623047,82.18000030517578,5071,82.18000030517578,0.0
KALV,2015-05-11 20:00:00-04:00,79.80000305175781,93.94000244140625,79.80000305175781,91.83999633789062,16179,91.83999633789062,0.0
KALV,2015-05-12 20:00:00-04:00,92.54000091552734,97.72000122070312,90.44000244140625,97.58000183105469,7236,97.58000183105469,0.0
KALV,2015-05-13 20:00:00-04:00,98.9800033569336,101.91999816894531,94.36000061035156,101.36000061035156,6829,101.36000061035156,0.0
KALV,2015-05-14 20:00:00-04:00,101.5,109.76000213623047,101.5,107.80000305175781,14986,107.80000305175781,0.0
KALV,2015-05-17 20:00:00-04:00,109.33999633789062,112.69999694824219,102.76000213623047,106.54000091552734,17729,106.54000091552734,0.0
KALV,2015-05-18 20:00:00-04:00,107.0999984741211,109.31199645996094,98.13999938964844,100.23999786376953,10543,100.23999786376953,0.0
KALV,2015-05-19 20:00:00-04:00,98.9800033569336,104.72000122070312,91.41999816894531,103.04000091552734,3207,103.04000091552734,0.0
KALV,2015-05-20 20:00:00-04:00,103.18000030517578,106.68000030517578,100.23999786376953,105.13999938964844,3421,105.13999938964844,0.0
KALV,2015-05-21 20:00:00-04:00,104.58000183105469,107.80000305175781,103.04000091552734,105.55999755859375,2836,105.55999755859375,0.0
KALV,2015-05-25 20:00:00-04:00,105.27999877929688,106.4000015258789,100.18399810791016,105.0,7829,105.0,0.0
KALV,2015-05-26 20:00:00-04:00,104.72000122070312,106.4000015258789,98.85399627685547,100.80000305175781,2079,100.80000305175781,0.0
KALV,2015-05-27 20:00:00-04:00,98.9800033569336,106.4000015258789,98.9800033569336,104.44000244140625,1171,104.44000244140625,0.0
KALV,2015-05-28 20:00:00-04:00,103.31999969482422,106.37200164794922,98.69999694824219,104.86000061035156,4871,104.86000061035156,0.0
KALV,2015-05-31 20:00:00-04:00,113.4000015258789,113.95999908447266,103.73999786376953,105.0,22343,105.0,0.0
KALV,2015-06-01 20:00:00-04:00,104.30000305175781,112.0,104.30000305175781,107.80000305175781,3600,107.80000305175781,0.0
KALV,2015-06-02 20:00:00-04:00,106.81999969482422,113.81999969482422,105.83999633789062,111.58000183105469,11521,111.58000183105469,0.0
KALV,2015-06-03 20:00:00-04:00,111.30000305175781,120.12000274658203,108.5,118.44000244140625,7779,118.44000244140625,0.0
KALV,2015-06-04 20:00:00-04:00,118.72000122070312,125.58000183105469,115.5,123.19999694824219,6421,123.19999694824219,0.0
KALV,2015-06-07 20:00:00-04:00,121.0999984741211,129.10800170898438,119.91000366210938,126.55999755859375,10043,126.55999755859375,0.0
KALV,2015-06-08 20:00:00-04:00,126.0,126.55999755859375,119.9800033569336,124.5999984741211,9350,124.5999984741211,0.0
KALV,2015-06-09 20:00:00-04:00,124.45999908447266,127.4000015258789,119.41999816894531,124.45999908447266,19143,124.45999908447266,0.0
KALV,2015-06-10 20:00:00-04:00,123.76000213623047,126.27999877929688,122.36000061035156,123.19999694824219,5914,123.19999694824219,0.0
KALV,2015-06-11 20:00:00-04:00,122.22000122070312,124.54399871826172,121.37999725341797,123.05999755859375,3564,123.05999755859375,0.0
KALV,2015-06-14 20:00:00-04:00,121.80000305175781,124.25,121.0999984741211,121.94000244140625,6250,121.94000244140625,0.0
KALV,2015-06-15 20:00:00-04:00,121.23999786376953,122.91999816894531,120.4000015258789,121.5199966430664,5393,121.5199966430664,0.0
KALV,2015-06-16 20:00:00-04:00,121.37999725341797,124.31999969482422,112.41999816894531,116.9000015258789,7036,116.9000015258789,0.0
KALV,2015-06-17 20:00:00-04:00,116.62000274658203,123.33999633789062,112.69999694824219,119.69999694824219,12964,119.69999694824219,0.0
KALV,2015-06-18 20:00:00-04:00,118.72000122070312,123.9000015258789,107.80000305175781,107.94000244140625,21357,107.94000244140625,0.0
KALV,2015-06-21 20:00:00-04:00,110.45999908447266,114.5199966430664,110.45999908447266,113.95999908447266,6457,113.95999908447266,0.0
KALV,2015-06-22 20:00:00-04:00,116.9000015258789,116.9000015258789,99.68000030517578,101.77999877929688,11093,101.77999877929688,0.0
KALV,2015-06-23 20:00:00-04:00,100.23999786376953,102.76000213623047,94.56999969482422,99.81999969482422,6314,99.81999969482422,0.0
KALV,2015-06-24 20:00:00-04:00,104.86000061035156,104.86000061035156,89.5999984741211,94.77999877929688,11757,94.77999877929688,0.0
KALV,2015-06-25 20:00:00-04:00,94.22000122070312,98.0,90.30000305175781,97.58000183105469,108993,97.58000183105469,0.0
KALV,2015-06-28 20:00:00-04:00,96.45999908447266,101.22000122070312,93.37999725341797,99.4000015258789,7314,99.4000015258789,0.0
KALV,2015-06-29 20:00:00-04:00,98.69999694824219,101.77999877929688,96.18000030517578,100.0999984741211,3143,100.0999984741211,0.0
KALV,2015-06-30 20:00:00-04:00,103.18000030517578,103.18000030517578,94.08000183105469,99.12000274658203,6271,99.12000274658203,0.0
KALV,2015-07-01 20:00:00-04:00,98.55999755859375,98.55999755859375,88.19999694824219,92.54000091552734,6186,92.54000091552734,0.0
KALV,2015-07-05 20:00:00-04:00,91.0,102.05999755859375,91.0,100.23999786376953,5907,100.23999786376953,0.0
KALV,2015-07-06 20:00:00-04:00,99.81999969482422,103.5999984741211,97.86000061035156,100.80000305175781,2300,100.80000305175781,0.0
KALV,2015-07-07 20:00:00-04:00,91.81199645996094,103.31999969482422,88.9000015258789,99.12000274658203,2486,99.12000274658203,0.0
KALV,2015-07-08 20:00:00-04:00,100.5199966430664,101.91999816894531,92.4000015258789,97.30000305175781,3421,97.30000305175781,0.0
KALV,2015-07-09 20:00:00-04:00,98.27999877929688,102.76000213623047,93.37999725341797,101.63999938964844,3557,101.63999938964844,0.0
KALV,2015-07-12 20:00:00-04:00,101.77999877929688,102.76000213623047,96.5999984741211,99.54000091552734,4379,99.54000091552734,0.0
KALV,2015-07-13 20:00:00-04:00,98.83999633789062,102.33999633789062,95.4800033569336,102.19999694824219,3493,102.19999694824219,0.0
KALV,2015-07-14 20:00:00-04:00,101.5,101.77999877929688,96.87999725341797,99.26000213623047,2493,99.26000213623047,0.0
KALV,2015-07-15 20:00:00-04:00,98.55999755859375,100.23999786376953,94.5,99.81999969482422,5129,99.81999969482422,0.0
KALV,2015-07-16 20:00:00-04:00,99.54000091552734,110.45999908447266,95.08799743652344,109.9000015258789,6679,109.9000015258789,0.0
KALV,2015-07-19 20:00:00-04:00,109.62000274658203,109.9000015258789,100.0999984741211,101.22000122070312,8007,101.22000122070312,0.0
KALV,2015-07-20 20:00:00-04:00,101.22000122070312,105.27999877929688,97.86000061035156,104.30000305175781,1264,104.30000305175781,0.0
KALV,2015-07-21 20:00:00-04:00,103.5999984741211,108.08000183105469,102.19999694824219,106.81999969482422,1386,106.81999969482422,0.0
KALV,2015-07-22 20:00:00-04:00,106.26000213623047,112.41999816894531,96.87999725341797,104.58000183105469,3700,104.58000183105469,0.0
KALV,2015-07-23 20:00:00-04:00,105.27999877929688,105.83999633789062,96.18000030517578,96.45999908447266,5393,96.45999908447266,0.0
KALV,2015-07-26 20:00:00-04:00,96.31999969482422,100.23999786376953,91.13999938964844,96.31999969482422,7414,96.31999969482422,0.0
KALV,2015-07-27 20:00:00-04:00,96.31999969482422,105.83999633789062,89.04000091552734,102.05999755859375,4536,102.05999755859375,0.0
KALV,2015-07-28 20:00:00-04:00,101.36000061035156,105.0,95.4800033569336,100.5199966430664,3693,100.5199966430664,0.0
KALV,2015-07-29 20:00:00-04:00,99.68000030517578,105.13999938964844,93.23999786376953,98.27999877929688,6371,98.27999877929688,0.0
KALV,2015-07-30 20:00:00-04:00,99.12000274658203,104.86000061035156,93.66000366210938,96.73999786376953,4836,96.73999786376953,0.0
KALV,2015-08-02 20:00:00-04:00,96.45999908447266,98.0,93.23999786376953,96.73999786376953,1864,96.73999786376953,0.0
KALV,2015-08-03 20:00:00-04:00,96.31999969482422,98.13999938964844,94.08000183105469,95.76000213623047,4950,95.76000213623047,0.0
KALV,2015-08-04 20:00:00-04:00,96.5999984741211,98.41999816894531,93.23999786376953,95.33999633789062,4879,95.33999633789062,0.0
KALV,2015-08-05 20:00:00-04:00,94.63999938964844,96.5999984741211,90.58000183105469,91.9800033569336,3807,91.9800033569336,0.0
KALV,2015-08-06 20:00:00-04:00,91.55999755859375,93.0999984741211,89.87999725341797,91.69999694824219,2114,91.69999694824219,0.0
KALV,2015-08-09 20:00:00-04:00,91.41999816894531,94.91999816894531,87.63999938964844,92.26000213623047,2293,92.26000213623047,0.0
KALV,2015-08-10 20:00:00-04:00,92.4000015258789,93.7300033569336,89.87999725341797,90.72000122070312,2479,90.72000122070312,0.0
KALV,2015-08-11 20:00:00-04:00,88.76000213623047,91.83999633789062,86.80000305175781,86.80000305175781,3593,86.80000305175781,0.0
KALV,2015-08-12 20:00:00-04:00,89.31999969482422,94.08000183105469,87.08000183105469,87.5,2000,87.5,0.0
KALV,2015-08-13 20:00:00-04:00,87.91999816894531,93.0999984741211,87.22000122070312,87.91999816894531,6071,87.91999816894531,0.0
KALV,2015-08-16 20:00:00-04:00,87.36000061035156,93.94000244140625,87.22000122070312,90.44000244140625,2543,90.44000244140625,0.0
KALV,2015-08-17 20:00:00-04:00,89.73999786376953,94.5,89.73999786376953,91.41999816894531,2486,91.41999816894531,0.0
KALV,2015-08-18 20:00:00-04:00,90.58000183105469,94.91999816894531,87.22000122070312,93.80000305175781,6557,93.80000305175781,0.0
KALV,2015-08-19 20:00:00-04:00,92.81999969482422,99.12000274658203,92.47000122070312,93.37999725341797,4243,93.37999725341797,0.0
KALV,2015-08-20 20:00:00-04:00,90.30000305175781,94.36000061035156,87.91999816894531,88.05999755859375,3679,88.05999755859375,0.0
KALV,2015-08-23 20:00:00-04:00,85.26000213623047,86.66000366210938,77.0,77.0,9179,77.0,0.0
KALV,2015-08-24 20:00:00-04:00,79.37999725341797,80.77999877929688,70.0,70.27999877929688,3879,70.27999877929688,0.0
KALV,2015-08-25 20:00:00-04:00,71.95999908447266,79.0999984741211,71.68000030517578,75.04000091552734,2293,75.04000091552734,0.0
KALV,2015-08-26 20:00:00-04:00,75.5999984741211,77.27999877929688,70.13999938964844,71.26000213623047,7314,71.26000213623047,0.0
KALV,2015-08-27 20:00:00-04:00,70.13999938964844,76.58000183105469,70.13999938964844,75.31999969482422,4843,75.31999969482422,0.0
KALV,2015-08-30 20:00:00-04:00,79.5199966430664,79.64600372314453,72.80000305175781,76.0199966430664,1229,76.0199966430664,0.0
KALV,2015-08-31 20:00:00-04:00,73.63999938964844,77.05599975585938,70.41999816894531,71.12000274658203,2086,71.12000274658203,0.0
KALV,2015-09-01 20:00:00-04:00,71.95999908447266,71.95999908447266,65.37999725341797,66.91999816894531,4286,66.91999816894531,0.0
KALV,2015-09-02 20:00:00-04:00,66.63999938964844,77.0,57.400001525878906,69.86000061035156,17964,69.86000061035156,0.0
KALV,2015-09-03 20:00:00-04:00,68.73999786376953,75.87999725341797,68.5999984741211,74.76000213623047,4943,74.76000213623047,0.0
KALV,2015-09-07 20:00:00-04:00,75.87999725341797,80.36000061035156,74.19999694824219,79.80000305175781,2807,79.80000305175781,0.0
KALV,2015-09-08 20:00:00-04:00,80.22000122070312,80.22000122070312,71.68000030517578,73.5,2829,73.5,0.0
KALV,2015-09-09 20:00:00-04:00,73.36000061035156,74.4800033569336,70.41999816894531,71.95999908447266,2257,71.95999908447266,0.0
KALV,2015-09-10 20:00:00-04:00,71.26000213623047,74.9000015258789,71.26000213623047,73.77999877929688,3114,73.77999877929688,0.0
KALV,2015-09-13 20:00:00-04:00,73.5,75.5999984741211,73.36000061035156,74.19999694824219,771,74.19999694824219,0.0
KALV,2015-09-14 20:00:00-04:00,74.33999633789062,75.31999969482422,70.13999938964844,70.83999633789062,7507,70.83999633789062,0.0
KALV,2015-09-15 20:00:00-04:00,70.13999938964844,71.54000091552734,68.5999984741211,70.0,1779,70.0,0.0
KALV,2015-09-16 20:00:00-04:00,70.0,73.5,70.0,70.83999633789062,2529,70.83999633789062,0.0
KALV,2015-09-17 20:00:00-04:00,69.58000183105469,72.94000244140625,67.19999694824219,70.83999633789062,3950,70.83999633789062,0.0
KALV,2015-09-20 20:00:00-04:00,71.95999908447266,72.66000366210938,68.04000091552734,68.5999984741211,5214,68.5999984741211,0.0
KALV,2015-09-21 20:00:00-04:00,68.5999984741211,71.81999969482422,65.0999984741211,69.44000244140625,4407,69.44000244140625,0.0
KALV,2015-09-22 20:00:00-04:00,69.58000183105469,69.58000183105469,66.77999877929688,68.04000091552734,1250,68.04000091552734,0.0
KALV,2015-09-23 20:00:00-04:00,68.04000091552734,68.04000091552734,61.880001068115234,65.5199966430664,8507,65.5199966430664,0.0
KALV,2015-09-24 20:00:00-04:00,66.22000122070312,67.62000274658203,60.619998931884766,60.619998931884766,7129,60.619998931884766,0.0
KALV,2015-09-27 20:00:00-04:00,60.34000015258789,61.040000915527344,52.08000183105469,55.15999984741211,9114,55.15999984741211,0.0
KALV,2015-09-28 20:00:00-04:00,55.02000045776367,57.540000915527344,50.540000915527344,52.08000183105469,12114,52.08000183105469,0.0
KALV,2015-09-29 20:00:00-04:00,51.380001068115234,56.0,47.880001068115234,49.97999954223633,5107,49.97999954223633,0.0
KALV,2015-09-30 20:00:00-04:00,49.70000076293945,50.119998931884766,45.91999816894531,48.58000183105469,4479,48.58000183105469,0.0
KALV,2015-10-01 20:00:00-04:00,49.279998779296875,57.400001525878906,49.279998779296875,57.2599983215332,9250,57.2599983215332,0.0
KALV,2015-10-04 20:00:00-04:00,58.380001068115234,66.34600067138672,57.2599983215332,60.060001373291016,6629,60.060001373291016,0.0
KALV,2015-10-05 20:00:00-04:00,60.47999954223633,60.7599983215332,54.040000915527344,57.400001525878906,3893,57.400001525878906,0.0
KALV,2015-10-06 20:00:00-04:00,57.400001525878906,60.7599983215332,56.0,59.91999816894531,5164,59.91999816894531,0.0
KALV,2015-10-07 20:00:00-04:00,59.91999816894531,61.18000030517578,57.400001525878906,60.47999954223633,3300,60.47999954223633,0.0
KALV,2015-10-08 20:00:00-04:00,63.13999938964844,63.13999938964844,57.400001525878906,57.68000030517578,1657,57.68000030517578,0.0
KALV,2015-10-11 20:00:00-04:00,58.380001068115234,59.5,54.599998474121094,57.540000915527344,4486,57.540000915527344,0.0
KALV,2015-10-12 20:00:00-04:00,57.540000915527344,58.099998474121094,54.040000915527344,54.040000915527344,2050,54.040000915527344,0.0
KALV,2015-10-13 20:00:00-04:00,54.459999084472656,56.84000015258789,50.959999084472656,53.060001373291016,1714,53.060001373291016,0.0
KALV,2015-10-14 20:00:00-04:00,52.220001220703125,55.439998626708984,51.52000045776367,55.29999923706055,2871,55.29999923706055,0.0
KALV,2015-10-15 20:00:00-04:00,55.58000183105469,56.13999938964844,53.34000015258789,55.15999984741211,1664,55.15999984741211,0.0
KALV,2015-10-18 20:00:00-04:00,53.060001373291016,57.119998931884766,52.5,53.060001373291016,993,53.060001373291016,0.0
KALV,2015-10-19 20:00:00-04:00,53.47999954223633,54.040000915527344,49.0,50.540000915527344,2179,50.540000915527344,0.0
KALV,2015-10-20 20:00:00-04:00,51.099998474121094,51.099998474121094,48.29999923706055,48.439998626708984,1086,48.439998626708984,0.0
KALV,2015-10-21 20:00:00-04:00,49.279998779296875,49.279998779296875,46.20000076293945,47.880001068115234,829,47.880001068115234,0.0
KALV,2015-10-22 20:00:00-04:00,48.720001220703125,52.220001220703125,46.20000076293945,46.34000015258789,2850,46.34000015258789,0.0
KALV,2015-10-25 20:00:00-04:00,46.34000015258789,49.70000076293945,44.79999923706055,46.7599983215332,3129,46.7599983215332,0.0
KALV,2015-10-26 20:00:00-04:00,45.779998779296875,47.599998474121094,44.939998626708984,46.20000076293945,7293,46.20000076293945,0.0
KALV,2015-10-27 20:00:00-04:00,46.060001373291016,48.02000045776367,45.220001220703125,47.880001068115234,2429,47.880001068115234,0.0
KALV,2015-10-28 20:00:00-04:00,48.15999984741211,51.099998474121094,46.20000076293945,50.119998931884766,7543,50.119998931884766,0.0
KALV,2015-10-29 20:00:00-04:00,50.119998931884766,51.099998474121094,47.7400016784668,50.400001525878906,1607,50.400001525878906,0.0
KALV,2015-11-01 19:00:00-05:00,50.400001525878906,57.119998931884766,50.400001525878906,56.13999938964844,2136,56.13999938964844,0.0
KALV,2015-11-02 19:00:00-05:00,56.0,59.36000061035156,49.279998779296875,56.97999954223633,1529,56.97999954223633,0.0
KALV,2015-11-03 19:00:00-05:00,57.400001525878906,65.0999984741211,57.400001525878906,63.97999954223633,6629,63.97999954223633,0.0
KALV,2015-11-04 19:00:00-05:00,64.4000015258789,67.4800033569336,63.60200119018555,65.94000244140625,2086,65.94000244140625,0.0
KALV,2015-11-05 19:00:00-05:00,65.23999786376953,66.5,63.0,64.68000030517578,1771,64.68000030517578,0.0
KALV,2015-11-08 19:00:00-05:00,63.84000015258789,67.19999694824219,63.70000076293945,64.95999908447266,1179,64.95999908447266,0.0
KALV,2015-11-09 19:00:00-05:00,65.37999725341797,65.37999725341797,58.380001068115234,59.08000183105469,1936,59.08000183105469,0.0
KALV,2015-11-10 19:00:00-05:00,59.5,61.18000030517578,51.2400016784668,57.540000915527344,3764,57.540000915527344,0.0
KALV,2015-11-11 19:00:00-05:00,57.400001525878906,63.70000076293945,55.58000183105469,55.86000061035156,4550,55.86000061035156,0.0
KALV,2015-11-12 19:00:00-05:00,55.439998626708984,60.060001373291016,55.439998626708984,55.720001220703125,1643,55.720001220703125,0.0
KALV,2015-11-15 19:00:00-05:00,56.0,56.0,52.91999816894531,53.900001525878906,2371,53.900001525878906,0.0
KALV,2015-11-16 19:00:00-05:00,54.040000915527344,54.459999084472656,51.2400016784668,52.08000183105469,1543,52.08000183105469,0.0
KALV,2015-11-17 19:00:00-05:00,52.63999938964844,53.7599983215332,50.68000030517578,51.65999984741211,1693,51.65999984741211,0.0
KALV,2015-11-18 19:00:00-05:00,51.380001068115234,52.5,48.720001220703125,50.81999969482422,807,50.81999969482422,0.0
KALV,2015-11-19 19:00:00-05:00,51.2400016784668,53.20000076293945,49.279998779296875,49.70000076293945,3564,49.70000076293945,0.0
KALV,2015-11-22 19:00:00-05:00,49.13999938964844,51.79999923706055,48.439998626708984,49.41999816894531,3400,49.41999816894531,0.0
KALV,2015-11-23 19:00:00-05:00,48.86000061035156,52.5,47.880001068115234,48.86000061035156,3479,48.86000061035156,0.0
KALV,2015-11-24 19:00:00-05:00,49.13999938964844,53.060001373291016,49.0,51.939998626708984,4093,51.939998626708984,0.0
KALV,2015-11-26 19:00:00-05:00,52.220001220703125,53.900001525878906,51.939998626708984,53.34000015258789,907,53.34000015258789,0.0
KALV,2015-11-29 19:00:00-05:00,53.619998931884766,57.81999969482422,53.619998931884766,55.86000061035156,4186,55.86000061035156,0.0
KALV,2015-11-30 19:00:00-05:00,56.41999816894531,56.97999954223633,54.599998474121094,56.97999954223633,2071,56.97999954223633,0.0
KALV,2015-12-01 19:00:00-05:00,56.70000076293945,57.959999084472656,52.63999938964844,54.599998474121094,2929,54.599998474121094,0.0
KALV,2015-12-02 19:00:00-05:00,55.720001220703125,55.720001220703125,50.81999969482422,50.81999969482422,2886,50.81999969482422,0.0
KALV,2015-12-03 19:00:00-05:00,50.81999969482422,51.099998474121094,49.47600173950195,50.2599983215332,1157,50.2599983215332,0.0
KALV,2015-12-06 19:00:00-05:00,50.81999969482422,53.619998931884766,48.720001220703125,49.279998779296875,3079,49.279998779296875,0.0
KALV,2015-12-07 19:00:00-05:00,52.91999816894531,54.31999969482422,45.5,45.63999938964844,1321,45.63999938964844,0.0
KALV,2015-12-08 19:00:00-05:00,45.220001220703125,46.900001525878906,45.220001220703125,45.779998779296875,700,45.779998779296875,0.0
KALV,2015-12-09 19:00:00-05:00,47.599998474121094,47.8380012512207,46.20000076293945,46.619998931884766,2050,46.619998931884766,0.0
KALV,2015-12-10 19:00:00-05:00,45.5,47.18000030517578,43.540000915527344,43.81999969482422,2650,43.81999969482422,0.0
KALV,2015-12-13 19:00:00-05:00,44.79999923706055,45.36000061035156,39.20000076293945,39.47999954223633,2536,39.47999954223633,0.0
KALV,2015-12-14 19:00:00-05:00,40.599998474121094,46.060001373291016,39.20000076293945,45.36000061035156,4221,45.36000061035156,0.0
KALV,2015-12-15 19:00:00-05:00,45.08000183105469,47.880001068115234,41.46799850463867,46.900001525878906,2329,46.900001525878906,0.0
KALV,2015-12-16 19:00:00-05:00,44.52000045776367,46.5359992980957,42.70000076293945,45.91999816894531,2464,45.91999816894531,0.0
KALV,2015-12-17 19:00:00-05:00,45.63999938964844,49.560001373291016,45.63999938964844,47.31999969482422,3214,47.31999969482422,0.0
KALV,2015-12-20 19:00:00-05:00,47.459999084472656,49.13999938964844,46.060001373291016,47.459999084472656,1479,47.459999084472656,0.0
KALV,2015-12-21 19:00:00-05:00,46.900001525878906,48.02000045776367,45.56999969482422,46.7599983215332,3193,46.7599983215332,0.0
KALV,2015-12-22 19:00:00-05:00,47.880001068115234,50.119998931884766,46.7599983215332,48.439998626708984,5993,48.439998626708984,0.0
KALV,2015-12-23 19:00:00-05:00,48.58000183105469,50.959999084472656,47.459999084472656,50.2599983215332,1386,50.2599983215332,0.0
KALV,2015-12-27 19:00:00-05:00,50.81999969482422,54.459999084472656,50.400001525878906,50.400001525878906,3600,50.400001525878906,0.0
KALV,2015-12-28 19:00:00-05:00,50.959999084472656,52.08000183105469,48.86000061035156,51.2400016784668,2207,51.2400016784668,0.0
KALV,2015-12-29 19:00:00-05:00,51.380001068115234,53.7599983215332,50.119998931884766,52.779998779296875,2207,52.779998779296875,0.0
KALV,2015-12-30 19:00:00-05:00,52.779998779296875,53.060001373291016,50.68000030517578,50.68000030517578,3714,50.68000030517578,0.0
KALV,2016-01-03 19:00:00-05:00,50.2599983215332,51.099998474121094,45.220001220703125,46.619998931884766,4293,46.619998931884766,0.0
KALV,2016-01-04 19:00:00-05:00,46.47999954223633,47.18000030517578,45.849998474121094,46.7599983215332,3464,46.7599983215332,0.0
KALV,2016-01-05 19:00:00-05:00,45.91999816894531,46.619998931884766,45.220001220703125,45.63999938964844,2293,45.63999938964844,0.0
KALV,2016-01-06 19:00:00-05:00,43.68000030517578,45.08000183105469,42.70000076293945,43.2599983215332,2521,43.2599983215332,0.0
KALV,2016-01-07 19:00:00-05:00,43.68000030517578,44.099998474121094,40.599998474121094,41.15999984741211,6114,41.15999984741211,0.0
KALV,2016-01-10 19:00:00-05:00,41.29999923706055,41.29999923706055,30.239999771118164,33.7400016784668,5171,33.7400016784668,0.0
KALV,2016-01-11 19:00:00-05:00,33.7400016784668,33.7400016784668,29.68000030517578,30.100000381469727,4507,30.100000381469727,0.0
KALV,2016-01-12 19:00:00-05:00,30.100000381469727,31.360000610351562,28.0,29.1200008392334,2671,29.1200008392334,0.0
KALV,2016-01-13 19:00:00-05:00,29.1200008392334,34.720001220703125,28.139999389648438,34.439998626708984,4879,34.439998626708984,0.0
KALV,2016-01-14 19:00:00-05:00,33.7400016784668,35.560001373291016,28.280000686645508,35.560001373291016,4614,35.560001373291016,0.0
KALV,2016-01-18 19:00:00-05:00,35.97999954223633,39.27000045776367,33.18000030517578,35.41999816894531,10271,35.41999816894531,0.0
KALV,2016-01-19 19:00:00-05:00,34.720001220703125,35.560001373291016,31.360000610351562,35.13999938964844,3371,35.13999938964844,0.0
KALV,2016-01-20 19:00:00-05:00,35.97999954223633,38.220001220703125,35.41999816894531,35.70000076293945,3879,35.70000076293945,0.0
KALV,2016-01-21 19:00:00-05:00,36.2599983215332,37.52000045776367,34.02000045776367,36.119998931884766,14207,36.119998931884766,0.0
KALV,2016-01-24 19:00:00-05:00,35.70000076293945,36.400001525878906,34.720001220703125,35.560001373291016,4071,35.560001373291016,0.0
KALV,2016-01-25 19:00:00-05:00,35.84000015258789,36.2599983215332,34.720001220703125,34.86000061035156,2043,34.86000061035156,0.0
KALV,2016-01-26 19:00:00-05:00,34.720001220703125,37.2400016784668,34.29999923706055,34.720001220703125,1543,34.720001220703125,0.0
KALV,2016-01-27 19:00:00-05:00,35.0,35.41999816894531,30.799999237060547,31.079999923706055,2029,31.079999923706055,0.0
KALV,2016-01-28 19:00:00-05:00,31.639999389648438,34.02000045776367,31.639999389648438,34.02000045776367,2350,34.02000045776367,0.0
KALV,2016-01-31 19:00:00-05:00,33.880001068115234,34.720001220703125,33.040000915527344,34.58000183105469,1121,34.58000183105469,0.0
KALV,2016-02-01 19:00:00-05:00,16.3799991607666,17.920000076293945,9.11400032043457,9.239999771118164,193686,9.239999771118164,0.0
KALV,2016-02-02 19:00:00-05:00,10.079999923706055,10.5,9.253999710083008,9.65999984741211,65979,9.65999984741211,0.0
KALV,2016-02-03 19:00:00-05:00,9.65999984741211,9.9399995803833,8.694000244140625,8.960000038146973,36671,8.960000038146973,0.0
KALV,2016-02-04 19:00:00-05:00,8.960000038146973,9.65999984741211,8.399999618530273,8.399999618530273,39000,8.399999618530273,0.0
KALV,2016-02-07 19:00:00-05:00,8.399999618530273,8.819999694824219,7.840000152587891,8.119999885559082,23686,8.119999885559082,0.0
KALV,2016-02-08 19:00:00-05:00,7.980000019073486,8.399999618530273,7.420000076293945,7.559999942779541,13157,7.559999942779541,0.0
KALV,2016-02-09 19:00:00-05:00,7.420000076293945,7.980000019073486,7.420000076293945,7.699999809265137,12243,7.699999809265137,0.0
KALV,2016-02-10 19:00:00-05:00,7.699999809265137,7.938000202178955,7.349999904632568,7.420000076293945,9557,7.420000076293945,0.0
KALV,2016-02-11 19:00:00-05:00,7.559999942779541,7.559999942779541,7.28000020980835,7.51800012588501,10750,7.51800012588501,0.0
KALV,2016-02-15 19:00:00-05:00,7.51800012588501,8.064000129699707,7.28000020980835,7.980000019073486,9379,7.980000019073486,0.0
KALV,2016-02-16 19:00:00-05:00,8.092000007629395,8.960000038146973,7.811999797821045,8.51200008392334,19250,8.51200008392334,0.0
KALV,2016-02-17 19:00:00-05:00,8.51200008392334,9.380000114440918,8.399999618530273,8.75,10471,8.75,0.0
KALV,2016-02-18 19:00:00-05:00,8.918000221252441,8.918000221252441,7.980000019073486,8.07800006866455,15550,8.07800006866455,0.0
KALV,2016-02-21 19:00:00-05:00,8.07800006866455,8.736000061035156,7.895999908447266,8.119999885559082,7836,8.119999885559082,0.0
KALV,2016-02-22 19:00:00-05:00,8.119999885559082,8.399999618530273,7.909999847412109,8.022000312805176,9964,8.022000312805176,0.0
KALV,2016-02-23 19:00:00-05:00,7.980000019073486,8.399999618530273,7.840000152587891,8.315999984741211,3371,8.315999984741211,0.0
KALV,2016-02-24 19:00:00-05:00,8.371999740600586,8.38599967956543,7.980000019073486,8.357999801635742,6357,8.357999801635742,0.0
KALV,2016-02-25 19:00:00-05:00,8.357999801635742,8.38599967956543,7.980000019073486,8.38599967956543,3493,8.38599967956543,0.0
KALV,2016-02-28 19:00:00-05:00,8.38599967956543,8.763999938964844,8.008000373840332,8.680000305175781,10979,8.680000305175781,0.0
KALV,2016-02-29 19:00:00-05:00,8.791999816894531,8.890000343322754,8.008000373840332,8.399999618530273,11879,8.399999618530273,0.0
KALV,2016-03-01 19:00:00-05:00,8.232000350952148,8.539999961853027,8.050000190734863,8.539999961853027,10386,8.539999961853027,0.0
KALV,2016-03-02 19:00:00-05:00,8.539999961853027,8.847999572753906,8.343999862670898,8.680000305175781,30129,8.680000305175781,0.0
KALV,2016-03-03 19:00:00-05:00,8.75,9.338000297546387,8.75,9.100000381469727,31879,9.100000381469727,0.0
KALV,2016-03-06 19:00:00-05:00,9.239999771118164,10.093999862670898,9.156000137329102,10.02400016784668,45121,10.02400016784668,0.0
KALV,2016-03-07 19:00:00-05:00,10.079999923706055,10.079999923706055,9.520000457763672,9.520000457763672,16736,9.520000457763672,0.0
KALV,2016-03-08 19:00:00-05:00,9.65999984741211,9.65999984741211,9.380000114440918,9.394000053405762,24279,9.394000053405762,0.0
KALV,2016-03-09 19:00:00-05:00,9.156000137329102,9.645999908447266,9.156000137329102,9.449999809265137,30529,9.449999809265137,0.0
KALV,2016-03-10 19:00:00-05:00,9.520000457763672,9.65999984741211,9.100000381469727,9.520000457763672,18779,9.520000457763672,0.0
KALV,2016-03-13 20:00:00-04:00,9.65999984741211,10.402000427246094,9.520000457763672,10.331999778747559,53993,10.331999778747559,0.0
KALV,2016-03-14 20:00:00-04:00,10.220000267028809,10.472000122070312,9.59000015258789,9.9399995803833,45514,9.9399995803833,0.0
KALV,2016-03-15 20:00:00-04:00,9.968000411987305,10.569999694824219,9.156000137329102,9.911999702453613,73779,9.911999702453613,0.0
KALV,2016-03-16 20:00:00-04:00,9.78600025177002,9.800000190734863,8.680000305175781,9.239999771118164,20393,9.239999771118164,0.0
KALV,2016-03-17 20:00:00-04:00,9.520000457763672,9.911999702453613,9.239999771118164,9.78600025177002,23664,9.78600025177002,0.0
KALV,2016-03-20 20:00:00-04:00,9.855999946594238,9.855999946594238,9.239999771118164,9.295999526977539,30229,9.295999526977539,0.0
KALV,2016-03-21 20:00:00-04:00,9.043999671936035,9.449999809265137,8.680000305175781,9.239999771118164,33386,9.239999771118164,0.0
KALV,2016-03-22 20:00:00-04:00,8.918000221252441,9.520000457763672,8.680000305175781,8.680000305175781,12893,8.680000305175781,0.0
KALV,2016-03-23 20:00:00-04:00,8.680000305175781,8.680000305175781,7.699999809265137,8.399999618530273,36114,8.399999618530273,0.0
KALV,2016-03-27 20:00:00-04:00,8.399999618530273,8.680000305175781,8.260000228881836,8.666000366210938,8321,8.666000366210938,0.0
KALV,2016-03-28 20:00:00-04:00,8.413999557495117,8.413999557495117,7.783999919891357,8.399999618530273,9100,8.399999618530273,0.0
KALV,2016-03-29 20:00:00-04:00,8.399999618530273,8.399999618530273,7.980000019073486,8.399999618530273,3443,8.399999618530273,0.0
KALV,2016-03-30 20:00:00-04:00,8.399999618530273,9.015999794006348,8.260000228881836,9.001999855041504,20700,9.001999855041504,0.0
KALV,2016-03-31 20:00:00-04:00,8.960000038146973,9.043999671936035,8.708000183105469,8.918000221252441,6929,8.918000221252441,0.0
KALV,2016-04-03 20:00:00-04:00,8.960000038146973,9.407999992370605,8.694000244140625,8.960000038146973,21693,8.960000038146973,0.0
KALV,2016-04-04 20:00:00-04:00,8.680000305175781,9.239999771118164,8.680000305175781,9.029999732971191,7886,9.029999732971191,0.0
KALV,2016-04-05 20:00:00-04:00,8.960000038146973,9.239999771118164,8.722000122070312,9.239999771118164,16643,9.239999771118164,0.0
KALV,2016-04-06 20:00:00-04:00,9.100000381469727,9.239999771118164,8.722000122070312,8.819999694824219,7386,8.819999694824219,0.0
KALV,2016-04-07 20:00:00-04:00,8.819999694824219,9.239999771118164,8.680000305175781,8.680000305175781,3071,8.680000305175781,0.0
KALV,2016-04-10 20:00:00-04:00,8.722000122070312,9.170000076293945,8.62399959564209,8.722000122070312,2650,8.722000122070312,0.0
KALV,2016-04-11 20:00:00-04:00,8.680000305175781,8.819999694824219,8.442000389099121,8.539999961853027,5236,8.539999961853027,0.0
KALV,2016-04-12 20:00:00-04:00,8.539999961853027,8.680000305175781,8.413999557495117,8.666000366210938,5493,8.666000366210938,0.0
KALV,2016-04-13 20:00:00-04:00,8.539999961853027,9.197999954223633,8.539999961853027,8.98799991607666,27114,8.98799991607666,0.0
KALV,2016-04-14 20:00:00-04:00,9.576000213623047,10.220000267028809,8.819999694824219,8.890000343322754,145214,8.890000343322754,0.0
KALV,2016-04-17 20:00:00-04:00,8.960000038146973,9.11400032043457,8.119999885559082,8.567999839782715,91914,8.567999839782715,0.0
KALV,2016-04-18 20:00:00-04:00,8.539999961853027,8.763999938964844,8.399999618530273,8.680000305175781,59043,8.680000305175781,0.0
KALV,2016-04-19 20:00:00-04:00,8.694000244140625,8.805999755859375,8.526000022888184,8.763999938964844,33557,8.763999938964844,0.0
KALV,2016-04-20 20:00:00-04:00,8.652000427246094,11.479999542236328,8.567999839782715,11.465999603271484,356329,11.465999603271484,0.0
KALV,2016-04-21 20:00:00-04:00,11.0600004196167,11.760000228881836,10.010000228881836,11.34000015258789,368614,11.34000015258789,0.0
KALV,2016-04-24 20:00:00-04:00,11.829999923706055,12.600000381469727,10.5,10.779999732971191,431343,10.779999732971191,0.0
KALV,2016-04-25 20:00:00-04:00,11.255999565124512,11.255999565124512,9.520000457763672,10.220000267028809,147057,10.220000267028809,0.0
KALV,2016-04-26 20:00:00-04:00,10.5,10.5,9.673999786376953,10.149999618530273,63336,10.149999618530273,0.0
KALV,2016-04-27 20:00:00-04:00,10.163999557495117,10.486000061035156,9.65999984741211,9.800000190734863,60636,9.800000190734863,0.0
KALV,2016-04-28 20:00:00-04:00,9.800000190734863,10.359999656677246,9.800000190734863,10.248000144958496,48514,10.248000144958496,0.0
KALV,2016-05-01 20:00:00-04:00,10.5,10.640000343322754,9.954000473022461,10.612000465393066,32250,10.612000465393066,0.0
KALV,2016-05-02 20:00:00-04:00,10.640000343322754,11.732000350952148,10.612000465393066,11.045999526977539,207471,11.045999526977539,0.0
KALV,2016-05-03 20:00:00-04:00,11.0600004196167,11.619999885559082,10.303999900817871,10.359999656677246,73293,10.359999656677246,0.0
KALV,2016-05-04 20:00:00-04:00,10.569999694824219,10.710000038146973,10.079999923706055,10.5,41836,10.5,0.0
KALV,2016-05-05 20:00:00-04:00,10.640000343322754,10.640000343322754,10.163999557495117,10.430000305175781,32564,10.430000305175781,0.0
KALV,2016-05-08 20:00:00-04:00,10.5,10.640000343322754,10.248000144958496,10.5,23450,10.5,0.0
KALV,2016-05-09 20:00:00-04:00,10.079999923706055,10.444000244140625,10.079999923706055,10.317999839782715,12600,10.317999839782715,0.0
KALV,2016-05-10 20:00:00-04:00,10.430000305175781,11.0600004196167,10.248000144958496,10.920000076293945,50364,10.920000076293945,0.0
KALV,2016-05-11 20:00:00-04:00,11.0600004196167,11.479999542236328,10.26200008392334,10.359999656677246,64786,10.359999656677246,0.0
KALV,2016-05-12 20:00:00-04:00,10.765999794006348,10.920000076293945,10.331999778747559,10.569999694824219,16479,10.569999694824219,0.0
KALV,2016-05-15 20:00:00-04:00,10.779999732971191,11.550000190734863,10.513999938964844,11.199999809265137,73850,11.199999809265137,0.0
KALV,2016-05-16 20:00:00-04:00,11.199999809265137,15.119999885559082,11.199999809265137,15.119999885559082,568871,15.119999885559082,0.0
KALV,2016-05-17 20:00:00-04:00,14.140000343322754,15.960000038146973,11.479999542236328,12.319999694824219,457193,12.319999694824219,0.0
KALV,2016-05-18 20:00:00-04:00,12.586000442504883,12.949999809265137,11.53600025177002,12.039999961853027,78100,12.039999961853027,0.0
KALV,2016-05-19 20:00:00-04:00,11.899999618530273,13.859999656677246,11.633999824523926,13.173999786376953,163286,13.173999786376953,0.0
KALV,2016-05-22 20:00:00-04:00,12.838000297546387,14.279999732971191,12.432000160217285,14.0,67629,14.0,0.0
KALV,2016-05-23 20:00:00-04:00,14.84000015258789,15.119999885559082,13.173999786376953,14.0,133171,14.0,0.0
KALV,2016-05-24 20:00:00-04:00,14.420000076293945,17.219999313354492,14.168000221252441,15.399999618530273,466950,15.399999618530273,0.0
KALV,2016-05-25 20:00:00-04:00,16.100000381469727,16.3799991607666,13.300000190734863,13.649999618530273,143143,13.649999618530273,0.0
KALV,2016-05-26 20:00:00-04:00,13.720000267028809,15.119999885559082,13.15999984741211,14.84000015258789,68871,14.84000015258789,0.0
KALV,2016-05-30 20:00:00-04:00,14.84000015258789,16.65999984741211,14.279999732971191,15.399999618530273,94757,15.399999618530273,0.0
KALV,2016-05-31 20:00:00-04:00,15.539999961853027,15.819999694824219,14.5600004196167,14.979999542236328,43986,14.979999542236328,0.0
KALV,2016-06-01 20:00:00-04:00,14.699999809265137,16.799999237060547,14.574000358581543,15.119999885559082,126043,15.119999885559082,0.0
KALV,2016-06-02 20:00:00-04:00,15.119999885559082,20.020000457763672,14.979999542236328,19.31999969482422,485829,19.31999969482422,0.0
KALV,2016-06-05 20:00:00-04:00,19.18000030517578,19.18000030517578,16.030000686645508,17.5,218329,17.5,0.0
KALV,2016-06-06 20:00:00-04:00,17.5,18.760000228881836,16.239999771118164,17.920000076293945,85250,17.920000076293945,0.0
KALV,2016-06-07 20:00:00-04:00,17.639999389648438,18.899999618530273,17.079999923706055,18.200000762939453,72479,18.200000762939453,0.0
KALV,2016-06-08 20:00:00-04:00,17.780000686645508,18.899999618530273,16.799999237060547,17.360000610351562,65764,17.360000610351562,0.0
KALV,2016-06-09 20:00:00-04:00,17.219999313354492,17.360000610351562,15.119999885559082,15.819999694824219,87779,15.819999694824219,0.0
KALV,2016-06-12 20:00:00-04:00,15.680000305175781,17.360000610351562,15.680000305175781,17.219999313354492,97129,17.219999313354492,0.0
KALV,2016-06-13 20:00:00-04:00,17.5,17.5,15.260000228881836,15.960000038146973,64879,15.960000038146973,0.0
KALV,2016-06-14 20:00:00-04:00,18.059999465942383,18.059999465942383,10.5,10.989999771118164,370093,10.989999771118164,0.0
KALV,2016-06-15 20:00:00-04:00,10.779999732971191,11.619999885559082,9.267999649047852,10.444000244140625,210643,10.444000244140625,0.0
KALV,2016-06-16 20:00:00-04:00,11.031999588012695,11.34000015258789,9.82800006866455,10.178000450134277,64707,10.178000450134277,0.0
KALV,2016-06-19 20:00:00-04:00,10.892000198364258,10.892000198364258,9.281999588012695,9.65999984741211,77936,9.65999984741211,0.0
KALV,2016-06-20 20:00:00-04:00,9.673999786376953,10.079999923706055,9.11400032043457,9.65999984741211,53264,9.65999984741211,0.0
KALV,2016-06-21 20:00:00-04:00,9.800000190734863,10.359999656677246,9.170000076293945,9.729999542236328,53200,9.729999542236328,0.0
KALV,2016-06-22 20:00:00-04:00,9.729999542236328,11.479999542236328,9.729999542236328,10.793999671936035,110471,10.793999671936035,0.0
KALV,2016-06-23 20:00:00-04:00,10.430000305175781,10.430000305175781,9.65999984741211,9.673999786376953,158386,9.673999786376953,0.0
KALV,2016-06-26 20:00:00-04:00,9.65999984741211,9.673999786376953,8.553999900817871,8.581999778747559,73729,8.581999778747559,0.0
KALV,2016-06-27 20:00:00-04:00,8.960000038146973,9.239999771118164,8.680000305175781,8.973999977111816,23379,8.973999977111816,0.0
KALV,2016-06-28 20:00:00-04:00,9.366000175476074,9.9399995803833,8.862000465393066,9.673999786376953,27064,9.673999786376953,0.0
KALV,2016-06-29 20:00:00-04:00,9.673999786376953,9.800000190734863,9.100000381469727,9.281999588012695,14050,9.281999588012695,0.0
KALV,2016-06-30 20:00:00-04:00,9.380000114440918,9.800000190734863,9.295999526977539,9.604000091552734,18936,9.604000091552734,0.0
KALV,2016-07-04 20:00:00-04:00,9.65999984741211,9.9399995803833,9.477999687194824,9.645999908447266,16579,9.645999908447266,0.0
KALV,2016-07-05 20:00:00-04:00,9.477999687194824,9.9399995803833,9.477999687194824,9.477999687194824,13957,9.477999687194824,0.0
KALV,2016-07-06 20:00:00-04:00,9.520000457763672,9.800000190734863,9.100000381469727,9.142000198364258,19843,9.142000198364258,0.0
KALV,2016-07-07 20:00:00-04:00,9.100000381469727,9.631999969482422,8.819999694824219,9.380000114440918,8221,9.380000114440918,0.0
KALV,2016-07-10 20:00:00-04:00,9.65999984741211,9.65999984741211,9.100000381469727,9.324000358581543,9714,9.324000358581543,0.0
KALV,2016-07-11 20:00:00-04:00,9.170000076293945,9.449999809265137,8.932000160217285,9.128000259399414,15964,9.128000259399414,0.0
KALV,2016-07-12 20:00:00-04:00,9.239999771118164,9.65999984741211,9.100000381469727,9.239999771118164,6864,9.239999771118164,0.0
KALV,2016-07-13 20:00:00-04:00,9.239999771118164,9.520000457763672,8.960000038146973,9.029999732971191,8421,9.029999732971191,0.0
KALV,2016-07-14 20:00:00-04:00,9.239999771118164,9.239999771118164,8.98799991607666,9.211999893188477,3036,9.211999893188477,0.0
KALV,2016-07-17 20:00:00-04:00,9.100000381469727,9.239999771118164,8.819999694824219,8.932000160217285,7000,8.932000160217285,0.0
KALV,2016-07-18 20:00:00-04:00,8.694000244140625,9.057999610900879,8.119999885559082,8.1899995803833,25143,8.1899995803833,0.0
KALV,2016-07-19 20:00:00-04:00,8.539999961853027,8.680000305175781,7.99399995803833,8.595999717712402,18593,8.595999717712402,0.0
KALV,2016-07-20 20:00:00-04:00,8.736000061035156,9.100000381469727,8.399999618530273,8.581999778747559,8564,8.581999778747559,0.0
KALV,2016-07-21 20:00:00-04:00,8.119999885559082,8.680000305175781,8.119999885559082,8.442000389099121,6043,8.442000389099121,0.0
KALV,2016-07-24 20:00:00-04:00,8.260000228881836,8.399999618530273,8.1899995803833,8.218000411987305,4993,8.218000411987305,0.0
KALV,2016-07-25 20:00:00-04:00,8.119999885559082,8.27400016784668,7.99399995803833,8.064000129699707,12286,8.064000129699707,0.0
KALV,2016-07-26 20:00:00-04:00,8.260000228881836,8.539999961853027,7.99399995803833,8.092000007629395,12779,8.092000007629395,0.0
KALV,2016-07-27 20:00:00-04:00,8.260000228881836,8.399999618530273,7.980000019073486,8.119999885559082,4707,8.119999885559082,0.0
KALV,2016-07-28 20:00:00-04:00,8.399999618530273,8.399999618530273,7.559999942779541,7.573999881744385,31914,7.573999881744385,0.0
KALV,2016-07-31 20:00:00-04:00,7.699999809265137,7.699999809265137,7.308000087738037,7.420000076293945,23079,7.420000076293945,0.0
KALV,2016-08-01 20:00:00-04:00,7.406000137329102,7.699999809265137,6.860000133514404,7.0,26093,7.0,0.0
KALV,2016-08-02 20:00:00-04:00,6.789999961853027,7.699999809265137,6.789999961853027,7.420000076293945,53136,7.420000076293945,0.0
KALV,2016-08-03 20:00:00-04:00,7.699999809265137,7.811999797821045,7.363999843597412,7.406000137329102,11750,7.406000137329102,0.0
KALV,2016-08-04 20:00:00-04:00,7.699999809265137,7.769999980926514,7.322000026702881,7.349999904632568,28250,7.349999904632568,0.0
KALV,2016-08-07 20:00:00-04:00,7.308000087738037,7.699999809265137,7.041999816894531,7.182000160217285,23000,7.182000160217285,0.0
KALV,2016-08-08 20:00:00-04:00,7.699999809265137,7.699999809265137,7.070000171661377,7.139999866485596,13193,7.139999866485596,0.0
KALV,2016-08-09 20:00:00-04:00,7.28000020980835,7.28000020980835,7.0,7.0279998779296875,13157,7.0279998779296875,0.0
KALV,2016-08-10 20:00:00-04:00,7.0,7.28000020980835,6.860000133514404,7.28000020980835,27071,7.28000020980835,0.0
KALV,2016-08-11 20:00:00-04:00,7.0,7.420000076293945,7.0,7.23799991607666,5400,7.23799991607666,0.0
KALV,2016-08-14 20:00:00-04:00,7.139999866485596,7.559999942779541,7.139999866485596,7.308000087738037,23093,7.308000087738037,0.0
KALV,2016-08-15 20:00:00-04:00,7.420000076293945,7.630000114440918,7.168000221252441,7.406000137329102,20900,7.406000137329102,0.0
KALV,2016-08-16 20:00:00-04:00,7.840000152587891,9.100000381469727,7.406000137329102,8.232000350952148,220871,8.232000350952148,0.0
KALV,2016-08-17 20:00:00-04:00,8.161999702453613,8.260000228881836,7.699999809265137,7.909999847412109,46771,7.909999847412109,0.0
KALV,2016-08-18 20:00:00-04:00,7.909999847412109,7.909999847412109,7.47599983215332,7.559999942779541,33400,7.559999942779541,0.0
KALV,2016-08-21 20:00:00-04:00,7.811999797821045,8.119999885559082,7.420000076293945,7.980000019073486,81586,7.980000019073486,0.0
KALV,2016-08-22 20:00:00-04:00,8.260000228881836,9.100000381469727,7.840000152587891,8.064000129699707,215050,8.064000129699707,0.0
KALV,2016-08-23 20:00:00-04:00,8.050000190734863,8.105999946594238,7.420000076293945,7.461999893188477,62050,7.461999893188477,0.0
KALV,2016-08-24 20:00:00-04:00,7.489999771118164,7.699999809265137,7.28000020980835,7.420000076293945,32336,7.420000076293945,0.0
KALV,2016-08-25 20:00:00-04:00,7.559999942779541,7.559999942779541,6.929999828338623,6.943999767303467,34186,6.943999767303467,0.0
KALV,2016-08-28 20:00:00-04:00,7.139999866485596,7.28000020980835,6.929999828338623,6.929999828338623,23293,6.929999828338623,0.0
KALV,2016-08-29 20:00:00-04:00,6.874000072479248,7.111999988555908,6.71999979019165,6.71999979019165,23993,6.71999979019165,0.0
KALV,2016-08-30 20:00:00-04:00,6.860000133514404,6.860000133514404,6.510000228881836,6.565999984741211,16664,6.565999984741211,0.0
KALV,2016-08-31 20:00:00-04:00,6.579999923706055,6.789999961853027,6.440000057220459,6.71999979019165,26457,6.71999979019165,0.0
KALV,2016-09-01 20:00:00-04:00,6.71999979019165,7.0,6.622000217437744,6.789999961853027,17436,6.789999961853027,0.0
KALV,2016-09-05 20:00:00-04:00,6.860000133514404,6.860000133514404,6.440000057220459,6.552000045776367,19493,6.552000045776367,0.0
KALV,2016-09-06 20:00:00-04:00,6.565999984741211,6.607999801635742,6.300000190734863,6.300000190734863,23614,6.300000190734863,0.0
KALV,2016-09-07 20:00:00-04:00,6.369999885559082,6.579999923706055,6.159999847412109,6.202000141143799,29593,6.202000141143799,0.0
KALV,2016-09-08 20:00:00-04:00,6.173999786376953,6.383999824523926,6.159999847412109,6.314000129699707,17800,6.314000129699707,0.0
KALV,2016-09-11 20:00:00-04:00,6.285999774932861,6.579999923706055,6.159999847412109,6.48199987411499,5100,6.48199987411499,0.0
KALV,2016-09-12 20:00:00-04:00,6.48199987411499,6.48199987411499,6.173999786376953,6.300000190734863,10171,6.300000190734863,0.0
KALV,2016-09-13 20:00:00-04:00,6.188000202178955,6.48199987411499,6.188000202178955,6.369999885559082,5150,6.369999885559082,0.0
KALV,2016-09-14 20:00:00-04:00,6.300000190734863,6.860000133514404,6.300000190734863,6.4679999351501465,8557,6.4679999351501465,0.0
KALV,2016-09-15 20:00:00-04:00,6.300000190734863,6.8460001945495605,6.300000190734863,6.817999839782715,11043,6.817999839782715,0.0
KALV,2016-09-18 20:00:00-04:00,6.817999839782715,7.111999988555908,6.453999996185303,6.76200008392334,15664,6.76200008392334,0.0
KALV,2016-09-19 20:00:00-04:00,6.71999979019165,7.0,6.71999979019165,6.860000133514404,9357,6.860000133514404,0.0
KALV,2016-09-20 20:00:00-04:00,6.776000022888184,6.817999839782715,6.579999923706055,6.593999862670898,7850,6.593999862670898,0.0
KALV,2016-09-21 20:00:00-04:00,6.593999862670898,6.9019999504089355,6.593999862670898,6.789999961853027,10493,6.789999961853027,0.0
KALV,2016-09-22 20:00:00-04:00,7.0,7.139999866485596,6.734000205993652,6.9720001220703125,36036,6.9720001220703125,0.0
KALV,2016-09-25 20:00:00-04:00,7.125999927520752,7.125999927520752,6.664000034332275,6.691999912261963,12693,6.691999912261963,0.0
KALV,2016-09-26 20:00:00-04:00,6.860000133514404,6.860000133514404,6.300000190734863,6.3420000076293945,15793,6.3420000076293945,0.0
KALV,2016-09-27 20:00:00-04:00,6.440000057220459,6.734000205993652,6.300000190734863,6.314000129699707,9164,6.314000129699707,0.0
KALV,2016-09-28 20:00:00-04:00,6.328000068664551,6.705999851226807,6.300000190734863,6.300000190734863,4607,6.300000190734863,0.0
KALV,2016-09-29 20:00:00-04:00,6.271999835968018,6.565999984741211,6.271999835968018,6.453999996185303,7743,6.453999996185303,0.0
KALV,2016-10-02 20:00:00-04:00,6.579999923706055,6.579999923706055,6.188000202178955,6.271999835968018,11950,6.271999835968018,0.0
KALV,2016-10-03 20:00:00-04:00,6.230000019073486,6.705999851226807,6.159999847412109,6.510000228881836,16493,6.510000228881836,0.0
KALV,2016-10-04 20:00:00-04:00,6.71999979019165,7.0,6.71999979019165,6.9720001220703125,43457,6.9720001220703125,0.0
KALV,2016-10-05 20:00:00-04:00,7.0,7.980000019073486,6.677999973297119,7.559999942779541,76571,7.559999942779541,0.0
KALV,2016-10-06 20:00:00-04:00,7.980000019073486,7.980000019073486,6.71999979019165,7.28000020980835,38886,7.28000020980835,0.0
KALV,2016-10-09 20:00:00-04:00,7.139999866485596,7.644000053405762,6.860000133514404,7.013999938964844,30636,7.013999938964844,0.0
KALV,2016-10-10 20:00:00-04:00,7.041999816894531,7.210000038146973,6.860000133514404,6.9720001220703125,9743,6.9720001220703125,0.0
KALV,2016-10-11 20:00:00-04:00,6.929999828338623,7.070000171661377,6.453999996185303,6.453999996185303,16500,6.453999996185303,0.0
KALV,2016-10-12 20:00:00-04:00,6.622000217437744,7.041999816894531,6.579999923706055,6.71999979019165,15221,6.71999979019165,0.0
KALV,2016-10-13 20:00:00-04:00,6.71999979019165,6.860000133514404,6.440000057220459,6.495999813079834,14300,6.495999813079834,0.0
KALV,2016-10-16 20:00:00-04:00,6.440000057220459,7.0,6.314000129699707,6.860000133514404,20157,6.860000133514404,0.0
KALV,2016-10-17 20:00:00-04:00,7.0,7.0,6.71999979019165,6.748000144958496,4743,6.748000144958496,0.0
KALV,2016-10-18 20:00:00-04:00,6.734000205993652,7.084000110626221,6.650000095367432,7.056000232696533,18643,7.056000232696533,0.0
KALV,2016-10-19 20:00:00-04:00,7.28000020980835,7.616000175476074,7.013999938964844,7.139999866485596,37143,7.139999866485596,0.0
KALV,2016-10-20 20:00:00-04:00,7.546000003814697,7.559999942779541,6.9720001220703125,7.0,8793,7.0,0.0
KALV,2016-10-23 20:00:00-04:00,7.041999816894531,7.559999942779541,6.860000133514404,7.28000020980835,32221,7.28000020980835,0.0
KALV,2016-10-24 20:00:00-04:00,7.559999942779541,7.559999942779541,6.860000133514404,7.0,21757,7.0,0.0
KALV,2016-10-25 20:00:00-04:00,6.789999961853027,7.406000137329102,6.789999961853027,6.789999961853027,7593,6.789999961853027,0.0
KALV,2016-10-26 20:00:00-04:00,7.28000020980835,7.28000020980835,6.789999961853027,6.958000183105469,6193,6.958000183105469,0.0
KALV,2016-10-27 20:00:00-04:00,7.139999866485596,7.139999866485596,6.789999961853027,7.125999927520752,15471,7.125999927520752,0.0
KALV,2016-10-30 20:00:00-04:00,7.349999904632568,7.559999942779541,7.0,7.335999965667725,40821,7.335999965667725,0.0
KALV,2016-10-31 20:00:00-04:00,7.265999794006348,7.28000020980835,7.0,7.125999927520752,13007,7.125999927520752,0.0
KALV,2016-11-01 20:00:00-04:00,7.125999927520752,7.23799991607666,6.8460001945495605,7.23799991607666,17729,7.23799991607666,0.0
KALV,2016-11-02 20:00:00-04:00,7.559999942779541,7.840000152587891,6.958000183105469,7.013999938964844,33864,7.013999938964844,0.0
KALV,2016-11-03 20:00:00-04:00,7.013999938964844,7.28000020980835,7.0,7.013999938964844,11229,7.013999938964844,0.0
KALV,2016-11-06 19:00:00-05:00,7.28000020980835,7.699999809265137,7.28000020980835,7.28000020980835,28550,7.28000020980835,0.0
KALV,2016-11-07 19:00:00-05:00,7.559999942779541,7.573999881744385,7.0279998779296875,7.139999866485596,9286,7.139999866485596,0.0
KALV,2016-11-08 19:00:00-05:00,7.0,7.559999942779541,7.0,7.139999866485596,9150,7.139999866485596,0.0
KALV,2016-11-09 19:00:00-05:00,7.139999866485596,7.546000003814697,7.0,7.28000020980835,19829,7.28000020980835,0.0
KALV,2016-11-10 19:00:00-05:00,7.28000020980835,7.420000076293945,7.070000171661377,7.070000171661377,9579,7.070000171661377,0.0
KALV,2016-11-13 19:00:00-05:00,7.139999866485596,8.539999961853027,7.139999866485596,8.260000228881836,78814,8.260000228881836,0.0
KALV,2016-11-14 19:00:00-05:00,8.133999824523926,9.100000381469727,7.881999969482422,8.246000289916992,72821,8.246000289916992,0.0
KALV,2016-11-15 19:00:00-05:00,8.38599967956543,8.680000305175781,7.546000003814697,7.909999847412109,32514,7.909999847412109,0.0
KALV,2016-11-16 19:00:00-05:00,7.811999797821045,8.371999740600586,7.559999942779541,7.854000091552734,15779,7.854000091552734,0.0
KALV,2016-11-17 19:00:00-05:00,8.14799976348877,10.065999984741211,7.980000019073486,9.631999969482422,234743,9.631999969482422,0.0
KALV,2016-11-20 19:00:00-05:00,9.800000190734863,10.079999923706055,9.100000381469727,9.505999565124512,86964,9.505999565124512,0.0
KALV,2016-11-21 19:00:00-05:00,7.78000020980835,8.779999732971191,6.539999961853027,8.390000343322754,288500,8.390000343322754,0.07142857142857142
KALV,2016-11-22 19:00:00-05:00,8.307999610900879,10.050000190734863,8.069999694824219,8.380000114440918,85000,8.380000114440918,0.0
KALV,2016-11-24 19:00:00-05:00,8.899999618530273,10.649999618530273,8.800000190734863,10.100000381469727,281900,10.100000381469727,0.0
KALV,2016-11-27 19:00:00-05:00,10.100000381469727,10.569999694824219,9.699999809265137,10.210000038146973,114400,10.210000038146973,0.0
KALV,2016-11-28 19:00:00-05:00,9.850000381469727,10.210000038146973,9.050000190734863,9.3100004196167,34600,9.3100004196167,0.0
KALV,2016-11-29 19:00:00-05:00,8.399999618530273,8.600000381469727,8.0,8.1899995803833,56100,8.1899995803833,0.0
KALV,2016-11-30 19:00:00-05:00,8.0,8.329999923706055,7.659999847412109,7.980000019073486,28800,7.980000019073486,0.0
KALV,2016-12-01 19:00:00-05:00,7.769999980926514,8.112000465393066,7.400000095367432,7.599999904632568,31000,7.599999904632568,0.0
KALV,2016-12-04 19:00:00-05:00,7.5,7.550000190734863,7.059999942779541,7.460999965667725,20200,7.460999965667725,0.0
KALV,2016-12-05 19:00:00-05:00,7.760000228881836,9.079999923706055,7.414000034332275,8.0,21000,8.0,0.0
KALV,2016-12-06 19:00:00-05:00,7.670000076293945,7.881999969482422,7.510000228881836,7.610000133514404,13100,7.610000133514404,0.0
KALV,2016-12-07 19:00:00-05:00,7.599999904632568,7.710999965667725,7.110000133514404,7.159999847412109,25100,7.159999847412109,0.0
KALV,2016-12-08 19:00:00-05:00,7.070000171661377,7.309999942779541,7.0,7.300000190734863,18500,7.300000190734863,0.0
KALV,2016-12-11 19:00:00-05:00,7.119999885559082,7.119999885559082,6.690000057220459,6.980000019073486,20300,6.980000019073486,0.0
KALV,2016-12-12 19:00:00-05:00,6.800000190734863,7.03000020980835,6.400000095367432,6.710000038146973,25400,6.710000038146973,0.0
KALV,2016-12-13 19:00:00-05:00,6.714000225067139,6.96999979019165,6.127999782562256,6.320000171661377,22200,6.320000171661377,0.0
KALV,2016-12-14 19:00:00-05:00,6.400000095367432,7.690000057220459,6.185999870300293,7.550000190734863,132000,7.550000190734863,0.0
KALV,2016-12-15 19:00:00-05:00,8.069999694824219,8.14799976348877,7.0,7.380000114440918,57100,7.380000114440918,0.0
KALV,2016-12-18 19:00:00-05:00,7.28000020980835,7.28000020980835,6.789999961853027,6.909999847412109,18500,6.909999847412109,0.0
KALV,2016-12-19 19:00:00-05:00,6.869999885559082,6.980000019073486,6.409999847412109,6.53000020980835,24700,6.53000020980835,0.0
KALV,2016-12-20 19:00:00-05:00,6.510000228881836,6.590000152587891,6.090000152587891,6.150000095367432,24800,6.150000095367432,0.0
KALV,2016-12-21 19:00:00-05:00,6.150000095367432,6.449999809265137,6.130000114440918,6.349999904632568,17000,6.349999904632568,0.0
KALV,2016-12-22 19:00:00-05:00,6.260000228881836,6.400000095367432,6.199999809265137,6.379000186920166,5100,6.379000186920166,0.0
KALV,2016-12-26 19:00:00-05:00,6.5,7.539999961853027,6.309999942779541,7.179999828338623,98900,7.179999828338623,0.0
KALV,2016-12-27 19:00:00-05:00,7.099999904632568,7.28000020980835,6.690000057220459,7.199999809265137,14800,7.199999809265137,0.0
KALV,2016-12-28 19:00:00-05:00,7.380000114440918,7.579999923706055,6.510000228881836,6.739999771118164,13800,6.739999771118164,0.0
KALV,2016-12-29 19:00:00-05:00,6.559999942779541,7.070000171661377,6.559999942779541,7.070000171661377,13800,7.070000171661377,0.0
KALV,2017-01-02 19:00:00-05:00,7.070000171661377,7.070000171661377,6.559999942779541,6.800000190734863,40800,6.800000190734863,0.0
KALV,2017-01-03 19:00:00-05:00,6.760000228881836,6.8460001945495605,6.579999923706055,6.639999866485596,79200,6.639999866485596,0.0
KALV,2017-01-04 19:00:00-05:00,6.645999908447266,6.840000152587891,6.619999885559082,6.71999979019165,33900,6.71999979019165,0.0
KALV,2017-01-05 19:00:00-05:00,6.947000026702881,7.538000106811523,6.5,7.449999809265137,94000,7.449999809265137,0.0
KALV,2017-01-08 19:00:00-05:00,7.539999961853027,8.270000457763672,7.019999980926514,7.710000038146973,114200,7.710000038146973,0.0
KALV,2017-01-09 19:00:00-05:00,7.71999979019165,9.392999649047852,7.0,8.460000038146973,183000,8.460000038146973,0.0
KALV,2017-01-10 19:00:00-05:00,8.770000457763672,8.949999809265137,7.510000228881836,7.78000020980835,97500,7.78000020980835,0.0
KALV,2017-01-11 19:00:00-05:00,7.730000019073486,8.289999961853027,7.35099983215332,7.699999809265137,93700,7.699999809265137,0.0
KALV,2017-01-12 19:00:00-05:00,7.695000171661377,8.069999694824219,7.540999889373779,7.610000133514404,35200,7.610000133514404,0.0
KALV,2017-01-16 19:00:00-05:00,7.760000228881836,8.151000022888184,7.171000003814697,7.599999904632568,110500,7.599999904632568,0.0
KALV,2017-01-17 19:00:00-05:00,7.699999809265137,7.760000228881836,7.186999797821045,7.369999885559082,28000,7.369999885559082,0.0
KALV,2017-01-18 19:00:00-05:00,7.429999828338623,7.429999828338623,7.110000133514404,7.190000057220459,29900,7.190000057220459,0.0
KALV,2017-01-19 19:00:00-05:00,7.300000190734863,7.989999771118164,6.822999954223633,7.300000190734863,99500,7.300000190734863,0.0
KALV,2017-01-22 19:00:00-05:00,7.210000038146973,7.714000225067139,6.927999973297119,7.340000152587891,125800,7.340000152587891,0.0
KALV,2017-01-23 19:00:00-05:00,7.258999824523926,7.5,7.230000019073486,7.360000133514404,45300,7.360000133514404,0.0
KALV,2017-01-24 19:00:00-05:00,7.480000019073486,7.480000019073486,6.927000045776367,7.349999904632568,22600,7.349999904632568,0.0
KALV,2017-01-25 19:00:00-05:00,7.400000095367432,7.570000171661377,6.989999771118164,7.159999847412109,66600,7.159999847412109,0.0
KALV,2017-01-26 19:00:00-05:00,7.130000114440918,7.139999866485596,6.900000095367432,7.110000133514404,29100,7.110000133514404,0.0
KALV,2017-01-29 19:00:00-05:00,7.059999942779541,7.059999942779541,6.75,6.829999923706055,43600,6.829999923706055,0.0
KALV,2017-01-30 19:00:00-05:00,6.800000190734863,7.25,6.590000152587891,7.03000020980835,39300,7.03000020980835,0.0
KALV,2017-01-31 19:00:00-05:00,7.03000020980835,7.190000057220459,6.860000133514404,6.940000057220459,43500,6.940000057220459,0.0
KALV,2017-02-01 19:00:00-05:00,6.980000019073486,7.440000057220459,6.760000228881836,7.349999904632568,56800,7.349999904632568,0.0
KALV,2017-02-02 19:00:00-05:00,7.03000020980835,7.638999938964844,7.0,7.309999942779541,73900,7.309999942779541,0.0
KALV,2017-02-05 19:00:00-05:00,7.309999942779541,7.495999813079834,7.119999885559082,7.170000076293945,26700,7.170000076293945,0.0
KALV,2017-02-06 19:00:00-05:00,7.159999847412109,7.489999771118164,6.900000095367432,7.039999961853027,45500,7.039999961853027,0.0
KALV,2017-02-07 19:00:00-05:00,6.940000057220459,7.110000133514404,6.883999824523926,6.960000038146973,21900,6.960000038146973,0.0
KALV,2017-02-08 19:00:00-05:00,7.050000190734863,7.360000133514404,6.880000114440918,7.130000114440918,62100,7.130000114440918,0.0
KALV,2017-02-09 19:00:00-05:00,7.099999904632568,7.230000019073486,6.909999847412109,7.039999961853027,8100,7.039999961853027,0.0
KALV,2017-02-12 19:00:00-05:00,6.989999771118164,7.190000057220459,6.989999771118164,7.039999961853027,10100,7.039999961853027,0.0
KALV,2017-02-13 19:00:00-05:00,7.0,7.860000133514404,7.0,7.460000038146973,148200,7.460000038146973,0.0
KALV,2017-02-14 19:00:00-05:00,7.460000038146973,7.980000019073486,7.460000038146973,7.809999942779541,73700,7.809999942779541,0.0
KALV,2017-02-15 19:00:00-05:00,7.960999965667725,7.960999965667725,7.438000202178955,7.630000114440918,38500,7.630000114440918,0.0
KALV,2017-02-16 19:00:00-05:00,7.550000190734863,7.679999828338623,7.260000228881836,7.510000228881836,15100,7.510000228881836,0.0
KALV,2017-02-20 19:00:00-05:00,7.429999828338623,7.650000095367432,6.909999847412109,7.170000076293945,23200,7.170000076293945,0.0
KALV,2017-02-21 19:00:00-05:00,7.0,7.260000228881836,6.909999847412109,7.079999923706055,24900,7.079999923706055,0.0
KALV,2017-02-22 19:00:00-05:00,6.920000076293945,6.999000072479248,6.550000190734863,6.739999771118164,46400,6.739999771118164,0.0
KALV,2017-02-23 19:00:00-05:00,6.53000020980835,7.0,6.199999809265137,6.949999809265137,59000,6.949999809265137,0.0
KALV,2017-02-26 19:00:00-05:00,6.559999942779541,7.559999942779541,6.559999942779541,7.400000095367432,60500,7.400000095367432,0.0
KALV,2017-02-27 19:00:00-05:00,7.340000152587891,7.340000152587891,7.059999942779541,7.329999923706055,17100,7.329999923706055,0.0
KALV,2017-02-28 19:00:00-05:00,7.539999961853027,7.789999961853027,7.169000148773193,7.320000171661377,87000,7.320000171661377,0.0
KALV,2017-03-01 19:00:00-05:00,7.230000019073486,7.760000228881836,7.081999778747559,7.480000019073486,44600,7.480000019073486,0.0
KALV,2017-03-02 19:00:00-05:00,7.400000095367432,7.630000114440918,7.289999961853027,7.360000133514404,8900,7.360000133514404,0.0
KALV,2017-03-05 19:00:00-05:00,7.440000057220459,7.800000190734863,7.230000019073486,7.769999980926514,49900,7.769999980926514,0.0
KALV,2017-03-06 19:00:00-05:00,7.820000171661377,8.550000190734863,7.699999809265137,8.300000190734863,121400,8.300000190734863,0.0
KALV,2017-03-07 19:00:00-05:00,8.210000038146973,8.4399995803833,7.909999847412109,7.909999847412109,28300,7.909999847412109,0.0
KALV,2017-03-08 19:00:00-05:00,8.192999839782715,8.25,7.949999809265137,8.130000114440918,34900,8.130000114440918,0.0
KALV,2017-03-09 19:00:00-05:00,8.09000015258789,8.239999771118164,7.949999809265137,8.050000190734863,22100,8.050000190734863,0.0
KALV,2017-03-12 20:00:00-04:00,7.949999809265137,8.739999771118164,7.949999809265137,8.510000228881836,33000,8.510000228881836,0.0
KALV,2017-03-13 20:00:00-04:00,8.350000381469727,8.680000305175781,7.98799991607666,8.350000381469727,17300,8.350000381469727,0.0
KALV,2017-03-14 20:00:00-04:00,8.350000381469727,8.53499984741211,8.130000114440918,8.34000015258789,15200,8.34000015258789,0.0
KALV,2017-03-15 20:00:00-04:00,8.119999885559082,8.479999542236328,8.119999885559082,8.260000228881836,14400,8.260000228881836,0.0
KALV,2017-03-16 20:00:00-04:00,8.199999809265137,8.529999732971191,8.027999877929688,8.5,165900,8.5,0.0
KALV,2017-03-19 20:00:00-04:00,8.40999984741211,8.600000381469727,8.079999923706055,8.289999961853027,30700,8.289999961853027,0.0
KALV,2017-03-20 20:00:00-04:00,8.317000389099121,8.317000389099121,7.949999809265137,8.260000228881836,42500,8.260000228881836,0.0
KALV,2017-03-21 20:00:00-04:00,8.100000381469727,8.260000228881836,7.989999771118164,8.010000228881836,11800,8.010000228881836,0.0
KALV,2017-03-22 20:00:00-04:00,7.900000095367432,7.960000038146973,7.230000019073486,7.880000114440918,14000,7.880000114440918,0.0
KALV,2017-03-23 20:00:00-04:00,7.880000114440918,7.880000114440918,7.480999946594238,7.5320000648498535,11800,7.5320000648498535,0.0
KALV,2017-03-26 20:00:00-04:00,7.559999942779541,7.78000020980835,7.190000057220459,7.650000095367432,15800,7.650000095367432,0.0
KALV,2017-03-27 20:00:00-04:00,7.429999828338623,7.599999904632568,7.269999980926514,7.46999979019165,7000,7.46999979019165,0.0
KALV,2017-03-28 20:00:00-04:00,7.340000152587891,7.619999885559082,7.340000152587891,7.599999904632568,6800,7.599999904632568,0.0
KALV,2017-03-29 20:00:00-04:00,7.699999809265137,7.699999809265137,7.320000171661377,7.340000152587891,6800,7.340000152587891,0.0
KALV,2017-03-30 20:00:00-04:00,7.800000190734863,8.140000343322754,7.710000038146973,7.809999942779541,26300,7.809999942779541,0.0
KALV,2017-04-02 20:00:00-04:00,8.0,8.0,7.400000095367432,7.659999847412109,10700,7.659999847412109,0.0
KALV,2017-04-03 20:00:00-04:00,7.679999828338623,7.679999828338623,7.478000164031982,7.670000076293945,8100,7.670000076293945,0.0
KALV,2017-04-04 20:00:00-04:00,7.650000095367432,7.739999771118164,7.454999923706055,7.619999885559082,5500,7.619999885559082,0.0
KALV,2017-04-05 20:00:00-04:00,7.559999942779541,7.619999885559082,7.234000205993652,7.619999885559082,5300,7.619999885559082,0.0
KALV,2017-04-06 20:00:00-04:00,7.5,7.5,7.5,7.5,600,7.5,0.0
KALV,2017-04-09 20:00:00-04:00,7.400000095367432,7.550000190734863,7.340000152587891,7.550000190734863,3000,7.550000190734863,0.0
KALV,2017-04-10 20:00:00-04:00,7.510000228881836,7.510000228881836,7.326000213623047,7.400000095367432,2300,7.400000095367432,0.0
KALV,2017-04-11 20:00:00-04:00,7.300000190734863,7.369999885559082,7.150000095367432,7.369999885559082,7000,7.369999885559082,0.0
KALV,2017-04-12 20:00:00-04:00,7.110000133514404,7.376999855041504,7.110000133514404,7.320000171661377,4400,7.320000171661377,0.0
KALV,2017-04-16 20:00:00-04:00,7.190000057220459,7.216000080108643,7.130000114440918,7.130000114440918,3500,7.130000114440918,0.0
KALV,2017-04-17 20:00:00-04:00,7.150000095367432,7.150000095367432,6.620999813079834,6.829999923706055,13400,6.829999923706055,0.0
KALV,2017-04-18 20:00:00-04:00,6.699999809265137,6.90500020980835,6.552999973297119,6.900000095367432,5800,6.900000095367432,0.0
KALV,2017-04-19 20:00:00-04:00,6.929999828338623,6.949999809265137,6.889999866485596,6.949999809265137,2800,6.949999809265137,0.0
KALV,2017-04-20 20:00:00-04:00,6.949999809265137,7.079999923706055,6.880000114440918,7.079999923706055,10100,7.079999923706055,0.0
KALV,2017-04-23 20:00:00-04:00,7.070000171661377,7.070000171661377,6.8979997634887695,7.0,700,7.0,0.0
KALV,2017-04-24 20:00:00-04:00,6.929999828338623,7.059999942779541,6.659999847412109,7.059999942779541,25500,7.059999942779541,0.0
KALV,2017-04-25 20:00:00-04:00,6.920000076293945,7.6620001792907715,6.920000076293945,7.5,46500,7.5,0.0
KALV,2017-04-26 20:00:00-04:00,7.559999942779541,8.369000434875488,7.289999961853027,7.730000019073486,75600,7.730000019073486,0.0
KALV,2017-04-27 20:00:00-04:00,7.690000057220459,8.170000076293945,7.440000057220459,7.488999843597412,32400,7.488999843597412,0.0
KALV,2017-04-30 20:00:00-04:00,7.46999979019165,7.46999979019165,7.239999771118164,7.25,9800,7.25,0.0
KALV,2017-05-01 20:00:00-04:00,7.159999847412109,7.275000095367432,7.159999847412109,7.25,6400,7.25,0.0
KALV,2017-05-02 20:00:00-04:00,7.260000228881836,7.260000228881836,6.920000076293945,7.0,12600,7.0,0.0
KALV,2017-05-03 20:00:00-04:00,7.170000076293945,7.335000038146973,7.019999980926514,7.21999979019165,14400,7.21999979019165,0.0
KALV,2017-05-04 20:00:00-04:00,7.139999866485596,7.315000057220459,7.110000133514404,7.139999866485596,14600,7.139999866485596,0.0
KALV,2017-05-07 20:00:00-04:00,7.480000019073486,7.480000019073486,7.070000171661377,7.070000171661377,13300,7.070000171661377,0.0
KALV,2017-05-08 20:00:00-04:00,7.400000095367432,7.400000095367432,7.119999885559082,7.25,17200,7.25,0.0
KALV,2017-05-09 20:00:00-04:00,7.25,7.349999904632568,7.090000152587891,7.340000152587891,9200,7.340000152587891,0.0
KALV,2017-05-10 20:00:00-04:00,7.21999979019165,7.260000228881836,7.059999942779541,7.260000228881836,3000,7.260000228881836,0.0
KALV,2017-05-11 20:00:00-04:00,7.159999847412109,7.349999904632568,7.110000133514404,7.28000020980835,12000,7.28000020980835,0.0
KALV,2017-05-14 20:00:00-04:00,7.28000020980835,7.28000020980835,7.28000020980835,7.28000020980835,0,7.28000020980835,0.0
KALV,2017-05-15 20:00:00-04:00,7.420000076293945,7.429999828338623,7.230000019073486,7.340000152587891,1500,7.340000152587891,0.0
KALV,2017-05-16 20:00:00-04:00,7.133999824523926,7.133999824523926,6.909999847412109,6.949999809265137,7000,6.949999809265137,0.0
KALV,2017-05-17 20:00:00-04:00,6.841000080108643,7.135000228881836,6.841000080108643,7.0,9400,7.0,0.0
KALV,2017-05-18 20:00:00-04:00,6.96999979019165,7.284999847412109,6.96999979019165,7.0,3000,7.0,0.0
KALV,2017-05-21 20:00:00-04:00,7.25,7.25,6.820000171661377,7.090000152587891,6100,7.090000152587891,0.0
KALV,2017-05-22 20:00:00-04:00,7.039999961853027,7.059999942779541,6.920000076293945,6.920000076293945,2800,6.920000076293945,0.0
KALV,2017-05-23 20:00:00-04:00,6.949999809265137,7.03000020980835,6.949999809265137,6.980000019073486,3500,6.980000019073486,0.0
KALV,2017-05-24 20:00:00-04:00,7.059999942779541,7.190000057220459,6.974999904632568,7.074999809265137,5400,7.074999809265137,0.0
KALV,2017-05-25 20:00:00-04:00,7.269999980926514,7.269999980926514,7.25,7.25,700,7.25,0.0
KALV,2017-05-29 20:00:00-04:00,6.980000019073486,7.139999866485596,6.880000114440918,7.119999885559082,7800,7.119999885559082,0.0
KALV,2017-05-30 20:00:00-04:00,7.190000057220459,7.28000020980835,7.190000057220459,7.28000020980835,1200,7.28000020980835,0.0
KALV,2017-05-31 20:00:00-04:00,7.340000152587891,7.739999771118164,7.309999942779541,7.510000228881836,3500,7.510000228881836,0.0
KALV,2017-06-01 20:00:00-04:00,7.5,7.510000228881836,7.5,7.5,5300,7.5,0.0
KALV,2017-06-04 20:00:00-04:00,7.210000038146973,7.75,7.210000038146973,7.699999809265137,2400,7.699999809265137,0.0
KALV,2017-06-05 20:00:00-04:00,7.590000152587891,7.590000152587891,7.130000114440918,7.5,3200,7.5,0.0
KALV,2017-06-06 20:00:00-04:00,7.699999809265137,7.909999847412109,7.420000076293945,7.909999847412109,3500,7.909999847412109,0.0
KALV,2017-06-07 20:00:00-04:00,7.920000076293945,7.920000076293945,7.639999866485596,7.800000190734863,4500,7.800000190734863,0.0
KALV,2017-06-08 20:00:00-04:00,7.75,7.84499979019165,7.709000110626221,7.829999923706055,2200,7.829999923706055,0.0
KALV,2017-06-11 20:00:00-04:00,7.699999809265137,8.0,7.699999809265137,7.860000133514404,3000,7.860000133514404,0.0
KALV,2017-06-12 20:00:00-04:00,7.940000057220459,7.940000057220459,7.824999809265137,7.824999809265137,1000,7.824999809265137,0.0
KALV,2017-06-13 20:00:00-04:00,7.46999979019165,7.677999973297119,7.389999866485596,7.677999973297119,2100,7.677999973297119,0.0
KALV,2017-06-14 20:00:00-04:00,7.590000152587891,7.748000144958496,7.550000190734863,7.550000190734863,1300,7.550000190734863,0.0
KALV,2017-06-15 20:00:00-04:00,7.548999786376953,7.559999942779541,7.409999847412109,7.559999942779541,3400,7.559999942779541,0.0
KALV,2017-06-18 20:00:00-04:00,7.317999839782715,7.420000076293945,7.269999980926514,7.420000076293945,900,7.420000076293945,0.0
KALV,2017-06-19 20:00:00-04:00,7.409999847412109,7.5,7.409999847412109,7.5,1900,7.5,0.0
KALV,2017-06-20 20:00:00-04:00,7.5,7.710000038146973,6.880000114440918,7.129000186920166,14800,7.129000186920166,0.0
KALV,2017-06-21 20:00:00-04:00,7.420000076293945,7.590000152587891,7.409999847412109,7.590000152587891,4000,7.590000152587891,0.0
KALV,2017-06-22 20:00:00-04:00,7.46999979019165,8.1899995803833,7.429999828338623,7.760000228881836,5500,7.760000228881836,0.0
KALV,2017-06-25 20:00:00-04:00,7.171000003814697,7.550000190734863,6.920000076293945,7.550000190734863,5100,7.550000190734863,0.0
KALV,2017-06-26 20:00:00-04:00,7.440000057220459,7.5,7.190000057220459,7.349999904632568,12000,7.349999904632568,0.0
KALV,2017-06-27 20:00:00-04:00,7.28000020980835,7.5,7.197000026702881,7.309999942779541,12100,7.309999942779541,0.0
KALV,2017-06-28 20:00:00-04:00,7.25,7.449999809265137,7.244999885559082,7.249000072479248,2800,7.249000072479248,0.0
KALV,2017-06-29 20:00:00-04:00,7.360000133514404,7.360000133514404,7.360000133514404,7.360000133514404,200,7.360000133514404,0.0
KALV,2017-07-02 20:00:00-04:00,7.300000190734863,7.300000190734863,7.090000152587891,7.090000152587891,400,7.090000152587891,0.0
KALV,2017-07-04 20:00:00-04:00,6.9710001945495605,7.184999942779541,6.9710001945495605,7.090000152587891,3100,7.090000152587891,0.0
KALV,2017-07-05 20:00:00-04:00,7.199999809265137,7.199999809265137,7.060999870300293,7.119999885559082,2700,7.119999885559082,0.0
KALV,2017-07-06 20:00:00-04:00,7.190000057220459,7.25,7.061999797821045,7.150000095367432,2500,7.150000095367432,0.0
KALV,2017-07-09 20:00:00-04:00,7.070000171661377,7.328999996185303,7.0,7.328999996185303,8100,7.328999996185303,0.0
KALV,2017-07-10 20:00:00-04:00,7.2769999504089355,7.400000095367432,7.199999809265137,7.360000133514404,3100,7.360000133514404,0.0
KALV,2017-07-11 20:00:00-04:00,7.329999923706055,7.949999809265137,7.329999923706055,7.791999816894531,16300,7.791999816894531,0.0
KALV,2017-07-12 20:00:00-04:00,7.639999866485596,7.699999809265137,7.460000038146973,7.46999979019165,3200,7.46999979019165,0.0
KALV,2017-07-13 20:00:00-04:00,7.400000095367432,7.690000057220459,7.25,7.670000076293945,4700,7.670000076293945,0.0
KALV,2017-07-16 20:00:00-04:00,7.690000057220459,7.889999866485596,7.46999979019165,7.46999979019165,14200,7.46999979019165,0.0
KALV,2017-07-17 20:00:00-04:00,7.269000053405762,7.579999923706055,7.269000053405762,7.579999923706055,2900,7.579999923706055,0.0
KALV,2017-07-18 20:00:00-04:00,7.372000217437744,7.372000217437744,7.1570000648498535,7.210000038146973,3200,7.210000038146973,0.0
KALV,2017-07-19 20:00:00-04:00,7.329999923706055,7.329999923706055,7.199999809265137,7.320000171661377,1200,7.320000171661377,0.0
KALV,2017-07-20 20:00:00-04:00,7.230000019073486,7.230000019073486,7.230000019073486,7.230000019073486,600,7.230000019073486,0.0
KALV,2017-07-23 20:00:00-04:00,7.263000011444092,7.420000076293945,7.263000011444092,7.359000205993652,7000,7.359000205993652,0.0
KALV,2017-07-24 20:00:00-04:00,7.340000152587891,7.539999961853027,7.230000019073486,7.230000019073486,3800,7.230000019073486,0.0
KALV,2017-07-25 20:00:00-04:00,7.239999771118164,7.380000114440918,7.239999771118164,7.349999904632568,6400,7.349999904632568,0.0
KALV,2017-07-26 20:00:00-04:00,7.400000095367432,7.692999839782715,7.300000190734863,7.369999885559082,11900,7.369999885559082,0.0
KALV,2017-07-27 20:00:00-04:00,7.46999979019165,7.584000110626221,7.289999961853027,7.289999961853027,5800,7.289999961853027,0.0
KALV,2017-07-30 20:00:00-04:00,7.210000038146973,7.28000020980835,7.010000228881836,7.239999771118164,12100,7.239999771118164,0.0
KALV,2017-07-31 20:00:00-04:00,7.050000190734863,7.243000030517578,7.050000190734863,7.1519999504089355,600,7.1519999504089355,0.0
KALV,2017-08-01 20:00:00-04:00,7.150000095367432,7.340000152587891,7.01800012588501,7.110000133514404,13800,7.110000133514404,0.0
KALV,2017-08-02 20:00:00-04:00,7.0,7.230999946594238,7.0,7.099999904632568,1300,7.099999904632568,0.0
KALV,2017-08-03 20:00:00-04:00,7.064000129699707,7.75,6.929999828338623,7.25,22500,7.25,0.0
KALV,2017-08-06 20:00:00-04:00,7.230000019073486,7.449999809265137,7.199999809265137,7.199999809265137,4100,7.199999809265137,0.0
KALV,2017-08-07 20:00:00-04:00,7.480000019073486,7.480000019073486,7.110000133514404,7.199999809265137,3700,7.199999809265137,0.0
KALV,2017-08-08 20:00:00-04:00,7.460000038146973,7.460000038146973,6.920000076293945,6.920000076293945,2200,6.920000076293945,0.0
KALV,2017-08-09 20:00:00-04:00,6.869999885559082,7.010000228881836,6.71999979019165,7.010000228881836,12300,7.010000228881836,0.0
KALV,2017-08-10 20:00:00-04:00,7.099999904632568,7.099999904632568,7.054999828338623,7.054999828338623,600,7.054999828338623,0.0
KALV,2017-08-13 20:00:00-04:00,7.5,7.5,7.179999828338623,7.269999980926514,1300,7.269999980926514,0.0
KALV,2017-08-14 20:00:00-04:00,7.289999961853027,7.394999980926514,6.78000020980835,6.794000148773193,3100,6.794000148773193,0.0
KALV,2017-08-15 20:00:00-04:00,6.949999809265137,6.949999809265137,6.789999961853027,6.789999961853027,2600,6.789999961853027,0.0
KALV,2017-08-16 20:00:00-04:00,6.789999961853027,6.789999961853027,6.789999961853027,6.789999961853027,0,6.789999961853027,0.0
KALV,2017-08-17 20:00:00-04:00,6.800000190734863,6.800000190734863,6.730000019073486,6.752999782562256,2500,6.752999782562256,0.0
KALV,2017-08-20 20:00:00-04:00,6.699999809265137,6.699999809265137,6.2170000076293945,6.409999847412109,3600,6.409999847412109,0.0
KALV,2017-08-21 20:00:00-04:00,6.409999847412109,6.78000020980835,6.230000019073486,6.289999961853027,1000,6.289999961853027,0.0
KALV,2017-08-22 20:00:00-04:00,6.26800012588501,6.380000114440918,5.590000152587891,5.989999771118164,6900,5.989999771118164,0.0
KALV,2017-08-23 20:00:00-04:00,5.989999771118164,5.989999771118164,5.480000019073486,5.840000152587891,9800,5.840000152587891,0.0
KALV,2017-08-24 20:00:00-04:00,5.730000019073486,6.5,5.730000019073486,6.5,54700,6.5,0.0
KALV,2017-08-27 20:00:00-04:00,5.940000057220459,6.697000026702881,5.940000057220459,6.650000095367432,1200,6.650000095367432,0.0
KALV,2017-08-28 20:00:00-04:00,6.23199987411499,6.23199987411499,6.070000171661377,6.070000171661377,1800,6.070000171661377,0.0
KALV,2017-08-29 20:00:00-04:00,6.28000020980835,6.590000152587891,6.28000020980835,6.590000152587891,1300,6.590000152587891,0.0
KALV,2017-08-30 20:00:00-04:00,6.949999809265137,7.309999942779541,6.51800012588501,6.610000133514404,26200,6.610000133514404,0.0
KALV,2017-08-31 20:00:00-04:00,6.75,6.921999931335449,6.699999809265137,6.699999809265137,2600,6.699999809265137,0.0
KALV,2017-09-04 20:00:00-04:00,6.690000057220459,7.099999904632568,6.690000057220459,6.989999771118164,11800,6.989999771118164,0.0
KALV,2017-09-05 20:00:00-04:00,6.889999866485596,7.300000190734863,6.889999866485596,7.300000190734863,8400,7.300000190734863,0.0
KALV,2017-09-06 20:00:00-04:00,6.947999954223633,8.25,6.947999954223633,8.199999809265137,9200,8.199999809265137,0.0
KALV,2017-09-07 20:00:00-04:00,7.599999904632568,8.291999816894531,7.599999904632568,8.239999771118164,8300,8.239999771118164,0.0
KALV,2017-09-10 20:00:00-04:00,8.0,8.34000015258789,8.0,8.300000190734863,9900,8.300000190734863,0.0
KALV,2017-09-11 20:00:00-04:00,8.289999961853027,8.880000114440918,7.948999881744385,8.880000114440918,11600,8.880000114440918,0.0
KALV,2017-09-12 20:00:00-04:00,8.649999618530273,8.880000114440918,8.0,8.869999885559082,50700,8.869999885559082,0.0
KALV,2017-09-13 20:00:00-04:00,8.376999855041504,8.8100004196167,7.849999904632568,8.010000228881836,43800,8.010000228881836,0.0
KALV,2017-09-14 20:00:00-04:00,8.010000228881836,8.09000015258789,6.960000038146973,6.960000038146973,162600,6.960000038146973,0.0
KALV,2017-09-17 20:00:00-04:00,6.909999847412109,7.039999961853027,6.659999847412109,6.690000057220459,13900,6.690000057220459,0.0
KALV,2017-09-18 20:00:00-04:00,6.710000038146973,6.900000095367432,6.699999809265137,6.775000095367432,2500,6.775000095367432,0.0
KALV,2017-09-19 20:00:00-04:00,6.75,7.099999904632568,6.75,6.809999942779541,2500,6.809999942779541,0.0
KALV,2017-09-20 20:00:00-04:00,6.869999885559082,7.230000019073486,6.869999885559082,6.920000076293945,2800,6.920000076293945,0.0
KALV,2017-09-21 20:00:00-04:00,7.139999866485596,7.139999866485596,6.860000133514404,7.0,2800,7.0,0.0
KALV,2017-09-24 20:00:00-04:00,7.079999923706055,7.25,6.800000190734863,7.25,9800,7.25,0.0
KALV,2017-09-25 20:00:00-04:00,7.03000020980835,7.03000020980835,6.769999980926514,6.769999980926514,2800,6.769999980926514,0.0
KALV,2017-09-26 20:00:00-04:00,7.019999980926514,7.019999980926514,6.699999809265137,6.710000038146973,4000,6.710000038146973,0.0
KALV,2017-09-27 20:00:00-04:00,6.739999771118164,6.800000190734863,6.739999771118164,6.800000190734863,500,6.800000190734863,0.0
KALV,2017-09-28 20:00:00-04:00,6.739999771118164,6.739999771118164,6.650000095367432,6.730000019073486,8500,6.730000019073486,0.0
KALV,2017-10-01 20:00:00-04:00,6.710000038146973,6.980000019073486,6.699999809265137,6.980000019073486,1400,6.980000019073486,0.0
KALV,2017-10-02 20:00:00-04:00,6.840000152587891,7.0,6.800000190734863,6.800000190734863,2900,6.800000190734863,0.0
KALV,2017-10-03 20:00:00-04:00,6.800000190734863,7.0,6.800000190734863,6.940000057220459,7300,6.940000057220459,0.0
KALV,2017-10-04 20:00:00-04:00,6.880000114440918,7.03000020980835,6.880000114440918,7.03000020980835,3300,7.03000020980835,0.0
KALV,2017-10-05 20:00:00-04:00,7.03000020980835,7.263000011444092,7.010000228881836,7.25,2600,7.25,0.0
KALV,2017-10-08 20:00:00-04:00,7.25,7.447000026702881,7.052999973297119,7.349999904632568,5500,7.349999904632568,0.0
KALV,2017-10-09 20:00:00-04:00,15.100000381469727,15.800000190734863,9.960000038146973,10.1899995803833,3547900,10.1899995803833,0.0
KALV,2017-10-10 20:00:00-04:00,10.279999732971191,10.449999809265137,9.600000381469727,10.0,539600,10.0,0.0
KALV,2017-10-11 20:00:00-04:00,9.75,10.39900016784668,9.013999938964844,9.0600004196167,2615100,9.0600004196167,0.0
KALV,2017-10-12 20:00:00-04:00,9.15999984741211,10.199999809265137,9.149999618530273,9.739999771118164,442600,9.739999771118164,0.0
KALV,2017-10-15 20:00:00-04:00,10.399999618530273,10.399999618530273,9.289999961853027,9.470000267028809,242100,9.470000267028809,0.0
KALV,2017-10-16 20:00:00-04:00,10.0,10.180000305175781,9.359999656677246,9.619999885559082,239700,9.619999885559082,0.0
KALV,2017-10-17 20:00:00-04:00,9.680000305175781,9.779000282287598,9.09000015258789,9.430000305175781,165600,9.430000305175781,0.0
KALV,2017-10-18 20:00:00-04:00,9.350000381469727,9.550000190734863,8.850000381469727,9.270000457763672,99200,9.270000457763672,0.0
KALV,2017-10-19 20:00:00-04:00,9.579999923706055,11.5,9.550000190734863,11.260000228881836,786800,11.260000228881836,0.0
KALV,2017-10-22 20:00:00-04:00,11.850000381469727,14.460000038146973,11.829999923706055,13.020000457763672,1597200,13.020000457763672,0.0
KALV,2017-10-23 20:00:00-04:00,13.140000343322754,13.899999618530273,12.029999732971191,13.270000457763672,420300,13.270000457763672,0.0
KALV,2017-10-24 20:00:00-04:00,13.039999961853027,13.6899995803833,12.51099967956543,13.539999961853027,233700,13.539999961853027,0.0
KALV,2017-10-25 20:00:00-04:00,13.40999984741211,14.630000114440918,12.649999618530273,13.0,469100,13.0,0.0
KALV,2017-10-26 20:00:00-04:00,12.989999771118164,13.489999771118164,11.970000267028809,12.600000381469727,168400,12.600000381469727,0.0
KALV,2017-10-29 20:00:00-04:00,12.59000015258789,13.739999771118164,12.401000022888184,13.130000114440918,128400,13.130000114440918,0.0
KALV,2017-10-30 20:00:00-04:00,13.100000381469727,13.963000297546387,12.609999656677246,12.729999542236328,158000,12.729999542236328,0.0
KALV,2017-10-31 20:00:00-04:00,12.859999656677246,13.00100040435791,11.829999923706055,12.010000228881836,153000,12.010000228881836,0.0
KALV,2017-11-01 20:00:00-04:00,11.960000038146973,12.420000076293945,11.170000076293945,12.390000343322754,142200,12.390000343322754,0.0
KALV,2017-11-02 20:00:00-04:00,12.40999984741211,13.149999618530273,11.84000015258789,13.140000343322754,189800,13.140000343322754,0.0
KALV,2017-11-05 19:00:00-05:00,13.069999694824219,13.84000015258789,12.890000343322754,13.270000457763672,83800,13.270000457763672,0.0
KALV,2017-11-06 19:00:00-05:00,13.380000114440918,13.529999732971191,13.050000190734863,13.380000114440918,71000,13.380000114440918,0.0
KALV,2017-11-07 19:00:00-05:00,13.359999656677246,13.800000190734863,13.210000038146973,13.40999984741211,108600,13.40999984741211,0.0
KALV,2017-11-08 19:00:00-05:00,13.34000015258789,13.442999839782715,12.899999618530273,13.25,45100,13.25,0.0
KALV,2017-11-09 19:00:00-05:00,13.140000343322754,13.34000015258789,12.140000343322754,13.260000228881836,88500,13.260000228881836,0.0
KALV,2017-11-12 19:00:00-05:00,13.119999885559082,13.380000114440918,12.470000267028809,12.779999732971191,44200,12.779999732971191,0.0
KALV,2017-11-13 19:00:00-05:00,12.760000228881836,12.760000228881836,10.5,11.600000381469727,166400,11.600000381469727,0.0
KALV,2017-11-14 19:00:00-05:00,11.270000457763672,11.619999885559082,10.781000137329102,11.180000305175781,63500,11.180000305175781,0.0
KALV,2017-11-15 19:00:00-05:00,11.149999618530273,12.140000343322754,11.149999618530273,11.65999984741211,41400,11.65999984741211,0.0
KALV,2017-11-16 19:00:00-05:00,11.5,11.970000267028809,11.0600004196167,11.1899995803833,40600,11.1899995803833,0.0
KALV,2017-11-19 19:00:00-05:00,11.130000114440918,11.416999816894531,10.619999885559082,10.8100004196167,44800,10.8100004196167,0.0
KALV,2017-11-20 19:00:00-05:00,10.770000457763672,11.510000228881836,10.75,11.09000015258789,128300,11.09000015258789,0.0
KALV,2017-11-21 19:00:00-05:00,11.0,11.449999809265137,10.680000305175781,11.100000381469727,65500,11.100000381469727,0.0
KALV,2017-11-23 19:00:00-05:00,11.050000190734863,11.289999961853027,10.699999809265137,10.699999809265137,29500,10.699999809265137,0.0
KALV,2017-11-26 19:00:00-05:00,10.75,11.125,9.529999732971191,9.75,148600,9.75,0.0
KALV,2017-11-27 19:00:00-05:00,9.8100004196167,9.989999771118164,9.449999809265137,9.699999809265137,127700,9.699999809265137,0.0
KALV,2017-11-28 19:00:00-05:00,9.670000076293945,9.850000381469727,9.319999694824219,9.329999923706055,113600,9.329999923706055,0.0
KALV,2017-11-29 19:00:00-05:00,9.479999542236328,10.0649995803833,9.369999885559082,9.90999984741211,86000,9.90999984741211,0.0
KALV,2017-11-30 19:00:00-05:00,9.979999542236328,10.050000190734863,8.876999855041504,9.300000190734863,111700,9.300000190734863,0.0
KALV,2017-12-03 19:00:00-05:00,9.300000190734863,9.649999618530273,9.135000228881836,9.140000343322754,63900,9.140000343322754,0.0
KALV,2017-12-04 19:00:00-05:00,9.149999618530273,9.770000457763672,8.989999771118164,9.079999923706055,71800,9.079999923706055,0.0
KALV,2017-12-05 19:00:00-05:00,9.109999656677246,9.210000038146973,8.550000190734863,9.1899995803833,131200,9.1899995803833,0.0
KALV,2017-12-06 19:00:00-05:00,9.119999885559082,9.779999732971191,8.930000305175781,9.630000114440918,89000,9.630000114440918,0.0
KALV,2017-12-07 19:00:00-05:00,9.699999809265137,10.508000373840332,9.399999618530273,10.079999923706055,96100,10.079999923706055,0.0
KALV,2017-12-10 19:00:00-05:00,10.100000381469727,10.479999542236328,9.47599983215332,9.75,77000,9.75,0.0
KALV,2017-12-11 19:00:00-05:00,9.779999732971191,10.100000381469727,9.600000381469727,9.850000381469727,52500,9.850000381469727,0.0
KALV,2017-12-12 19:00:00-05:00,9.640000343322754,10.170000076293945,9.640000343322754,9.989999771118164,76600,9.989999771118164,0.0
KALV,2017-12-13 19:00:00-05:00,10.029999732971191,10.029999732971191,9.039999961853027,9.210000038146973,190500,9.210000038146973,0.0
KALV,2017-12-14 19:00:00-05:00,9.210000038146973,9.760000228881836,9.109999656677246,9.510000228881836,121600,9.510000228881836,0.0
KALV,2017-12-17 19:00:00-05:00,9.460000038146973,9.5600004196167,8.800999641418457,8.829999923706055,137600,8.829999923706055,0.0
KALV,2017-12-18 19:00:00-05:00,8.965999603271484,9.0,8.699999809265137,8.760000228881836,114900,8.760000228881836,0.0
KALV,2017-12-19 19:00:00-05:00,8.836000442504883,9.069999694824219,8.5,8.949999809265137,159000,8.949999809265137,0.0
KALV,2017-12-20 19:00:00-05:00,9.079999923706055,9.140000343322754,8.760000228881836,9.050000190734863,37500,9.050000190734863,0.0
KALV,2017-12-21 19:00:00-05:00,8.970999717712402,9.420000076293945,8.831999778747559,9.149999618530273,40200,9.149999618530273,0.0
KALV,2017-12-25 19:00:00-05:00,9.050000190734863,9.680000305175781,9.050000190734863,9.5600004196167,71800,9.5600004196167,0.0
KALV,2017-12-26 19:00:00-05:00,9.600000381469727,10.54800033569336,9.600000381469727,10.25,204000,10.25,0.0
KALV,2017-12-27 19:00:00-05:00,10.25,10.489999771118164,10.0,10.010000228881836,60100,10.010000228881836,0.0
KALV,2017-12-28 19:00:00-05:00,10.109999656677246,10.369999885559082,9.637999534606934,9.75,75500,9.75,0.0
KALV,2018-01-01 19:00:00-05:00,9.600000381469727,10.329999923706055,9.4399995803833,10.210000038146973,42000,10.210000038146973,0.0
KALV,2018-01-02 19:00:00-05:00,10.289999961853027,10.406999588012695,9.630000114440918,10.020000457763672,54600,10.020000457763672,0.0
KALV,2018-01-03 19:00:00-05:00,10.0,10.729999542236328,9.567999839782715,10.550000190734863,91300,10.550000190734863,0.0
KALV,2018-01-04 19:00:00-05:00,10.0,10.3100004196167,9.819999694824219,10.0,81900,10.0,0.0
KALV,2018-01-07 19:00:00-05:00,9.949999809265137,10.109999656677246,9.859999656677246,10.029999732971191,45300,10.029999732971191,0.0
KALV,2018-01-08 19:00:00-05:00,10.199999809265137,10.34000015258789,9.920000076293945,10.069999694824219,28000,10.069999694824219,0.0
KALV,2018-01-09 19:00:00-05:00,10.079999923706055,10.09000015258789,9.90999984741211,10.050000190734863,20400,10.050000190734863,0.0
KALV,2018-01-10 19:00:00-05:00,10.149999618530273,10.289999961853027,9.920000076293945,9.989999771118164,37200,9.989999771118164,0.0
KALV,2018-01-11 19:00:00-05:00,10.020000457763672,10.25,9.925000190734863,10.010000228881836,58600,10.010000228881836,0.0
KALV,2018-01-15 19:00:00-05:00,10.050999641418457,10.109999656677246,9.710000038146973,10.069999694824219,72300,10.069999694824219,0.0
KALV,2018-01-16 19:00:00-05:00,10.100000381469727,10.399999618530273,10.069999694824219,10.279999732971191,17100,10.279999732971191,0.0
KALV,2018-01-17 19:00:00-05:00,10.392999649047852,10.880000114440918,10.34000015258789,10.5600004196167,38100,10.5600004196167,0.0
KALV,2018-01-18 19:00:00-05:00,10.850000381469727,11.720000267028809,10.699999809265137,11.229999542236328,92000,11.229999542236328,0.0
KALV,2018-01-21 19:00:00-05:00,11.649999618530273,12.899999618530273,11.359999656677246,12.1899995803833,201200,12.1899995803833,0.0
KALV,2018-01-22 19:00:00-05:00,12.510000228881836,12.515999794006348,12.0,12.289999961853027,43400,12.289999961853027,0.0
KALV,2018-01-23 19:00:00-05:00,12.449999809265137,12.449999809265137,11.279999732971191,11.90999984741211,63700,11.90999984741211,0.0
KALV,2018-01-24 19:00:00-05:00,11.97599983215332,12.350000381469727,11.579999923706055,12.350000381469727,25500,12.350000381469727,0.0
KALV,2018-01-25 19:00:00-05:00,12.479999542236328,12.5,11.850000381469727,11.850000381469727,42100,11.850000381469727,0.0
KALV,2018-01-28 19:00:00-05:00,11.84000015258789,11.920000076293945,11.229999542236328,11.40999984741211,32600,11.40999984741211,0.0
KALV,2018-01-29 19:00:00-05:00,11.210000038146973,11.390000343322754,10.699999809265137,11.09000015258789,63900,11.09000015258789,0.0
KALV,2018-01-30 19:00:00-05:00,11.100000381469727,11.246999740600586,10.199999809265137,10.4399995803833,49100,10.4399995803833,0.0
KALV,2018-01-31 19:00:00-05:00,11.029999732971191,11.029999732971191,10.5600004196167,10.720000267028809,25800,10.720000267028809,0.0
KALV,2018-02-01 19:00:00-05:00,10.880000114440918,10.899999618530273,10.3100004196167,10.760000228881836,23900,10.760000228881836,0.0
KALV,2018-02-04 19:00:00-05:00,10.600000381469727,10.880999565124512,10.149999618530273,10.279999732971191,15600,10.279999732971191,0.0
KALV,2018-02-05 19:00:00-05:00,9.84000015258789,10.5,9.84000015258789,10.5,18900,10.5,0.0
KALV,2018-02-06 19:00:00-05:00,10.600000381469727,11.295000076293945,10.40999984741211,11.180000305175781,27800,11.180000305175781,0.0
KALV,2018-02-07 19:00:00-05:00,11.100000381469727,11.100000381469727,10.5,10.510000228881836,26800,10.510000228881836,0.0
KALV,2018-02-08 19:00:00-05:00,10.539999961853027,10.680000305175781,10.170000076293945,10.61299991607666,30600,10.61299991607666,0.0
KALV,2018-02-11 19:00:00-05:00,10.604999542236328,11.196999549865723,10.550000190734863,10.819999694824219,13100,10.819999694824219,0.0
KALV,2018-02-12 19:00:00-05:00,10.819999694824219,10.980999946594238,10.463000297546387,10.819999694824219,9700,10.819999694824219,0.0
KALV,2018-02-13 19:00:00-05:00,10.604999542236328,10.930000305175781,10.5,10.829999923706055,18700,10.829999923706055,0.0
KALV,2018-02-14 19:00:00-05:00,11.029999732971191,11.029999732971191,10.300000190734863,10.930000305175781,34300,10.930000305175781,0.0
KALV,2018-02-15 19:00:00-05:00,10.989999771118164,11.369999885559082,10.59000015258789,11.199999809265137,47300,11.199999809265137,0.0
KALV,2018-02-19 19:00:00-05:00,11.229999542236328,11.229999542236328,10.789999961853027,10.84000015258789,10300,10.84000015258789,0.0
KALV,2018-02-20 19:00:00-05:00,10.98799991607666,11.079999923706055,10.833000183105469,10.859999656677246,8900,10.859999656677246,0.0
KALV,2018-02-21 19:00:00-05:00,10.965999603271484,11.0,10.800000190734863,10.899999618530273,16900,10.899999618530273,0.0
KALV,2018-02-22 19:00:00-05:00,10.850000381469727,10.850000381469727,10.270000457763672,10.390000343322754,13400,10.390000343322754,0.0
KALV,2018-02-25 19:00:00-05:00,10.59000015258789,10.75,10.170000076293945,10.489999771118164,24600,10.489999771118164,0.0
KALV,2018-02-26 19:00:00-05:00,10.869999885559082,10.869999885559082,10.300000190734863,10.300000190734863,17400,10.300000190734863,0.0
KALV,2018-02-27 19:00:00-05:00,10.300000190734863,10.760000228881836,10.180000305175781,10.390000343322754,28300,10.390000343322754,0.0
KALV,2018-02-28 19:00:00-05:00,10.449999809265137,10.6899995803833,10.170000076293945,10.350000381469727,17000,10.350000381469727,0.0
KALV,2018-03-01 19:00:00-05:00,10.170000076293945,10.460000038146973,10.170000076293945,10.300000190734863,16800,10.300000190734863,0.0
KALV,2018-03-04 19:00:00-05:00,10.34000015258789,10.67300033569336,10.220000267028809,10.5,14300,10.5,0.0
KALV,2018-03-05 19:00:00-05:00,10.343000411987305,10.800000190734863,10.25,10.369999885559082,16600,10.369999885559082,0.0
KALV,2018-03-06 19:00:00-05:00,10.625,10.720000267028809,10.25,10.25,7700,10.25,0.0
KALV,2018-03-07 19:00:00-05:00,10.350000381469727,10.699999809265137,9.970000267028809,10.4399995803833,16600,10.4399995803833,0.0
KALV,2018-03-08 19:00:00-05:00,10.383000373840332,10.479000091552734,10.119999885559082,10.359999656677246,11000,10.359999656677246,0.0
KALV,2018-03-11 20:00:00-04:00,10.479999542236328,10.680000305175781,9.84000015258789,9.899999618530273,109500,9.899999618530273,0.0
KALV,2018-03-12 20:00:00-04:00,10.109999656677246,10.15999984741211,9.430000305175781,9.960000038146973,37100,9.960000038146973,0.0
KALV,2018-03-13 20:00:00-04:00,10.039999961853027,10.199999809265137,9.470000267028809,9.670000076293945,30900,9.670000076293945,0.0
KALV,2018-03-14 20:00:00-04:00,9.649999618530273,9.680000305175781,9.130000114440918,9.220000267028809,25300,9.220000267028809,0.0
KALV,2018-03-15 20:00:00-04:00,9.25,10.100000381469727,9.239999771118164,10.069999694824219,48200,10.069999694824219,0.0
KALV,2018-03-18 20:00:00-04:00,10.09000015258789,10.25,9.5,9.649999618530273,130200,9.649999618530273,0.0
KALV,2018-03-19 20:00:00-04:00,9.699999809265137,10.295000076293945,9.329999923706055,10.100000381469727,147200,10.100000381469727,0.0
KALV,2018-03-20 20:00:00-04:00,10.140000343322754,10.430000305175781,10.100000381469727,10.300000190734863,36800,10.300000190734863,0.0
KALV,2018-03-21 20:00:00-04:00,10.220000267028809,10.380000114440918,9.84000015258789,10.0,43300,10.0,0.0
KALV,2018-03-22 20:00:00-04:00,9.9399995803833,10.050000190734863,9.600000381469727,9.649999618530273,33400,9.649999618530273,0.0
KALV,2018-03-25 20:00:00-04:00,9.649999618530273,9.770000457763672,9.149999618530273,9.470000267028809,37900,9.470000267028809,0.0
KALV,2018-03-26 20:00:00-04:00,9.550000190734863,9.770000457763672,9.170000076293945,9.25,21000,9.25,0.0
KALV,2018-03-27 20:00:00-04:00,9.319999694824219,9.75,9.0,9.359999656677246,97900,9.359999656677246,0.0
KALV,2018-03-28 20:00:00-04:00,9.449999809265137,9.5,8.800000190734863,9.479999542236328,36600,9.479999542236328,0.0
KALV,2018-04-01 20:00:00-04:00,9.520000457763672,9.520000457763672,8.979999542236328,9.140000343322754,23100,9.140000343322754,0.0
KALV,2018-04-02 20:00:00-04:00,9.010000228881836,9.40999984741211,8.880000114440918,9.020000457763672,16700,9.020000457763672,0.0
KALV,2018-04-03 20:00:00-04:00,9.378999710083008,9.579999923706055,8.829999923706055,9.100000381469727,33700,9.100000381469727,0.0
KALV,2018-04-04 20:00:00-04:00,9.670000076293945,9.670000076293945,8.859999656677246,8.869999885559082,24200,8.869999885559082,0.0
KALV,2018-04-05 20:00:00-04:00,8.829999923706055,9.140000343322754,8.829999923706055,9.0600004196167,19300,9.0600004196167,0.0
KALV,2018-04-08 20:00:00-04:00,9.0600004196167,9.3100004196167,8.890000343322754,9.069999694824219,17500,9.069999694824219,0.0
KALV,2018-04-09 20:00:00-04:00,9.069999694824219,9.510000228881836,8.984999656677246,9.050000190734863,14100,9.050000190734863,0.0
KALV,2018-04-10 20:00:00-04:00,9.142999649047852,9.352999687194824,9.142999649047852,9.1899995803833,4000,9.1899995803833,0.0
KALV,2018-04-11 20:00:00-04:00,9.109999656677246,9.789999961853027,9.0600004196167,9.699999809265137,20700,9.699999809265137,0.0
KALV,2018-04-12 20:00:00-04:00,9.407999992370605,9.609999656677246,9.220000267028809,9.289999961853027,10800,9.289999961853027,0.0
KALV,2018-04-15 20:00:00-04:00,9.720000267028809,9.720000267028809,9.295000076293945,9.569999694824219,5600,9.569999694824219,0.0
KALV,2018-04-16 20:00:00-04:00,9.303000450134277,9.670000076293945,9.170000076293945,9.520000457763672,9700,9.520000457763672,0.0
KALV,2018-04-17 20:00:00-04:00,9.640000343322754,9.640000343322754,9.170000076293945,9.529999732971191,23200,9.529999732971191,0.0
KALV,2018-04-18 20:00:00-04:00,9.515000343322754,9.635000228881836,9.170000076293945,9.220000267028809,15700,9.220000267028809,0.0
KALV,2018-04-19 20:00:00-04:00,9.390000343322754,9.390000343322754,9.15999984741211,9.15999984741211,11300,9.15999984741211,0.0
KALV,2018-04-22 20:00:00-04:00,9.210000038146973,9.40999984741211,9.15999984741211,9.350000381469727,25600,9.350000381469727,0.0
KALV,2018-04-23 20:00:00-04:00,9.170000076293945,9.25,9.0,9.1899995803833,12700,9.1899995803833,0.0
KALV,2018-04-24 20:00:00-04:00,9.229999542236328,9.239999771118164,8.848999977111816,8.859999656677246,19900,8.859999656677246,0.0
KALV,2018-04-25 20:00:00-04:00,8.859999656677246,9.140000343322754,8.859999656677246,8.9399995803833,11000,8.9399995803833,0.0
KALV,2018-04-26 20:00:00-04:00,9.199999809265137,9.430000305175781,9.039999961853027,9.430000305175781,18900,9.430000305175781,0.0
KALV,2018-04-29 20:00:00-04:00,9.430000305175781,9.645000457763672,9.145999908447266,9.619999885559082,22300,9.619999885559082,0.0
KALV,2018-04-30 20:00:00-04:00,9.75,9.84000015258789,9.699999809265137,9.84000015258789,18800,9.84000015258789,0.0
KALV,2018-05-01 20:00:00-04:00,9.729999542236328,9.729999542236328,9.0,9.010000228881836,28100,9.010000228881836,0.0
KALV,2018-05-02 20:00:00-04:00,9.039999961853027,9.229999542236328,8.949999809265137,9.100000381469727,11900,9.100000381469727,0.0
KALV,2018-05-03 20:00:00-04:00,9.149999618530273,9.229999542236328,9.109999656677246,9.130000114440918,2600,9.130000114440918,0.0
KALV,2018-05-06 20:00:00-04:00,9.241999626159668,9.241999626159668,9.0,9.199999809265137,14100,9.199999809265137,0.0
KALV,2018-05-07 20:00:00-04:00,9.25,9.25,8.899999618530273,8.90999984741211,17800,8.90999984741211,0.0
KALV,2018-05-08 20:00:00-04:00,8.909000396728516,9.020000457763672,8.909000396728516,8.979999542236328,7900,8.979999542236328,0.0
KALV,2018-05-09 20:00:00-04:00,9.0,9.09000015258789,8.890000343322754,8.960000038146973,5800,8.960000038146973,0.0
KALV,2018-05-10 20:00:00-04:00,8.960000038146973,9.130000114440918,8.824999809265137,9.020000457763672,8100,9.020000457763672,0.0
KALV,2018-05-13 20:00:00-04:00,9.079999923706055,9.15999984741211,8.899999618530273,8.901000022888184,18700,8.901000022888184,0.0
KALV,2018-05-14 20:00:00-04:00,8.8100004196167,8.960000038146973,8.8100004196167,8.920000076293945,7200,8.920000076293945,0.0
KALV,2018-05-15 20:00:00-04:00,8.854999542236328,9.095000267028809,8.852999687194824,8.90999984741211,11200,8.90999984741211,0.0
KALV,2018-05-16 20:00:00-04:00,8.970000267028809,9.020000457763672,8.659000396728516,8.850000381469727,38100,8.850000381469727,0.0
KALV,2018-05-17 20:00:00-04:00,8.78600025177002,8.979999542236328,8.784000396728516,8.880000114440918,16100,8.880000114440918,0.0
KALV,2018-05-20 20:00:00-04:00,8.994999885559082,8.994999885559082,8.75,8.779999732971191,17000,8.779999732971191,0.0
KALV,2018-05-21 20:00:00-04:00,8.739999771118164,9.086999893188477,8.557000160217285,8.920000076293945,25100,8.920000076293945,0.0
KALV,2018-05-22 20:00:00-04:00,8.850000381469727,8.979999542236328,8.850000381469727,8.859999656677246,11600,8.859999656677246,0.0
KALV,2018-05-23 20:00:00-04:00,8.930000305175781,8.989999771118164,8.699999809265137,8.989999771118164,6000,8.989999771118164,0.0
KALV,2018-05-24 20:00:00-04:00,8.895000457763672,8.979000091552734,8.5600004196167,8.850000381469727,40200,8.850000381469727,0.0
KALV,2018-05-28 20:00:00-04:00,8.59000015258789,8.859999656677246,8.59000015258789,8.710000038146973,9900,8.710000038146973,0.0
KALV,2018-05-29 20:00:00-04:00,8.845000267028809,8.845000267028809,8.399999618530273,8.399999618530273,33900,8.399999618530273,0.0
KALV,2018-05-30 20:00:00-04:00,8.399999618530273,8.798999786376953,8.399999618530273,8.670000076293945,11500,8.670000076293945,0.0
KALV,2018-05-31 20:00:00-04:00,8.600000381469727,8.817999839782715,8.399999618530273,8.489999771118164,44400,8.489999771118164,0.0
KALV,2018-06-03 20:00:00-04:00,8.399999618530273,8.399999618530273,8.119999885559082,8.210000038146973,15800,8.210000038146973,0.0
KALV,2018-06-04 20:00:00-04:00,8.295000076293945,8.829999923706055,8.295000076293945,8.75,56100,8.75,0.0
KALV,2018-06-05 20:00:00-04:00,8.76200008392334,8.779999732971191,8.420000076293945,8.449999809265137,33700,8.449999809265137,0.0
KALV,2018-06-06 20:00:00-04:00,8.350000381469727,8.520000457763672,8.119999885559082,8.270000457763672,23200,8.270000457763672,0.0
KALV,2018-06-07 20:00:00-04:00,8.319999694824219,8.640000343322754,8.319999694824219,8.579999923706055,10000,8.579999923706055,0.0
KALV,2018-06-10 20:00:00-04:00,8.529999732971191,8.630000114440918,8.170000076293945,8.199999809265137,54400,8.199999809265137,0.0
KALV,2018-06-11 20:00:00-04:00,8.25,8.45199966430664,8.09000015258789,8.149999618530273,32800,8.149999618530273,0.0
KALV,2018-06-12 20:00:00-04:00,8.010000228881836,8.288999557495117,7.920000076293945,7.940000057220459,33700,7.940000057220459,0.0
KALV,2018-06-13 20:00:00-04:00,8.25,8.539999961853027,7.949999809265137,7.949999809265137,38500,7.949999809265137,0.0
KALV,2018-06-14 20:00:00-04:00,7.96999979019165,8.0,7.826000213623047,7.860000133514404,13500,7.860000133514404,0.0
KALV,2018-06-17 20:00:00-04:00,7.869999885559082,8.0,7.730000019073486,7.789999961853027,54300,7.789999961853027,0.0
KALV,2018-06-18 20:00:00-04:00,7.789999961853027,7.949999809265137,7.78000020980835,7.880000114440918,18700,7.880000114440918,0.0
KALV,2018-06-19 20:00:00-04:00,7.860000133514404,9.0600004196167,7.849999904632568,8.989999771118164,85600,8.989999771118164,0.0
KALV,2018-06-20 20:00:00-04:00,8.90999984741211,9.010000228881836,8.380000114440918,8.529999732971191,15100,8.529999732971191,0.0
KALV,2018-06-21 20:00:00-04:00,8.569999694824219,9.100000381469727,8.373000144958496,8.979999542236328,41100,8.979999542236328,0.0
KALV,2018-06-24 20:00:00-04:00,8.739999771118164,8.979999542236328,8.25,8.479999542236328,35500,8.479999542236328,0.0
KALV,2018-06-25 20:00:00-04:00,8.399999618530273,8.449999809265137,8.310999870300293,8.430000305175781,19000,8.430000305175781,0.0
KALV,2018-06-26 20:00:00-04:00,8.350000381469727,8.371000289916992,8.0,8.119999885559082,19600,8.119999885559082,0.0
KALV,2018-06-27 20:00:00-04:00,8.010000228881836,8.15999984741211,7.880000114440918,8.050000190734863,12500,8.050000190734863,0.0
KALV,2018-06-28 20:00:00-04:00,7.989999771118164,8.251999855041504,7.935999870300293,8.119999885559082,15400,8.119999885559082,0.0
KALV,2018-07-01 20:00:00-04:00,8.170999526977539,8.300000190734863,8.01099967956543,8.130000114440918,5700,8.130000114440918,0.0
KALV,2018-07-02 20:00:00-04:00,8.210000038146973,8.5,8.076000213623047,8.5,17600,8.5,0.0
KALV,2018-07-04 20:00:00-04:00,8.800000190734863,8.800000190734863,8.524999618530273,8.59000015258789,20200,8.59000015258789,0.0
KALV,2018-07-05 20:00:00-04:00,8.59000015258789,8.75,8.59000015258789,8.739999771118164,14000,8.739999771118164,0.0
KALV,2018-07-08 20:00:00-04:00,8.699999809265137,8.899999618530273,8.699999809265137,8.819999694824219,13800,8.819999694824219,0.0
KALV,2018-07-09 20:00:00-04:00,8.920000076293945,9.302000045776367,8.859000205993652,9.020000457763672,40500,9.020000457763672,0.0
KALV,2018-07-10 20:00:00-04:00,8.850000381469727,9.130000114440918,8.300000190734863,9.0,24900,9.0,0.0
KALV,2018-07-11 20:00:00-04:00,9.0600004196167,9.25,8.975000381469727,9.149999618530273,12800,9.149999618530273,0.0
KALV,2018-07-12 20:00:00-04:00,9.3100004196167,9.329999923706055,9.140000343322754,9.220000267028809,8400,9.220000267028809,0.0
KALV,2018-07-15 20:00:00-04:00,9.15999984741211,9.309000015258789,8.401000022888184,8.640000343322754,31500,8.640000343322754,0.0
KALV,2018-07-16 20:00:00-04:00,8.510000228881836,8.819999694824219,8.397000312805176,8.489999771118164,22300,8.489999771118164,0.0
KALV,2018-07-17 20:00:00-04:00,8.694000244140625,8.989999771118164,8.579999923706055,8.6899995803833,7900,8.6899995803833,0.0
KALV,2018-07-18 20:00:00-04:00,8.6899995803833,8.75,8.4399995803833,8.5600004196167,4500,8.5600004196167,0.0
KALV,2018-07-19 20:00:00-04:00,8.711000442504883,8.746999740600586,8.479999542236328,8.579999923706055,8000,8.579999923706055,0.0
KALV,2018-07-22 20:00:00-04:00,8.489999771118164,8.529999732971191,8.430000305175781,8.510000228881836,5800,8.510000228881836,0.0
KALV,2018-07-23 20:00:00-04:00,8.454000473022461,8.454000473022461,7.980999946594238,8.0,10900,8.0,0.0
KALV,2018-07-24 20:00:00-04:00,8.29800033569336,8.357000350952148,8.071999549865723,8.100000381469727,18600,8.100000381469727,0.0
KALV,2018-07-25 20:00:00-04:00,8.010000228881836,8.159000396728516,7.949999809265137,8.0,12500,8.0,0.0
KALV,2018-07-26 20:00:00-04:00,8.079999923706055,8.359999656677246,8.0,8.210000038146973,8600,8.210000038146973,0.0
KALV,2018-07-29 20:00:00-04:00,8.359999656677246,8.539999961853027,8.199999809265137,8.475000381469727,13000,8.475000381469727,0.0
KALV,2018-07-30 20:00:00-04:00,8.5600004196167,9.5,8.510000228881836,9.364999771118164,62100,9.364999771118164,0.0
KALV,2018-07-31 20:00:00-04:00,9.550000190734863,10.199999809265137,9.550000190734863,10.199999809265137,72700,10.199999809265137,0.0
KALV,2018-08-01 20:00:00-04:00,9.9399995803833,10.479999542236328,9.9399995803833,10.479999542236328,63000,10.479999542236328,0.0
KALV,2018-08-02 20:00:00-04:00,10.210000038146973,11.0,10.210000038146973,11.0,30600,11.0,0.0
KALV,2018-08-05 20:00:00-04:00,10.8100004196167,11.390000343322754,10.29800033569336,11.380000114440918,53400,11.380000114440918,0.0
KALV,2018-08-06 20:00:00-04:00,11.399999618530273,12.300000190734863,11.399999618530273,12.300000190734863,76400,12.300000190734863,0.0
KALV,2018-08-07 20:00:00-04:00,11.399999618530273,12.399999618530273,11.399999618530273,12.149999618530273,29300,12.149999618530273,0.0
KALV,2018-08-08 20:00:00-04:00,12.199999809265137,12.494999885559082,12.140000343322754,12.41100025177002,22300,12.41100025177002,0.0
KALV,2018-08-09 20:00:00-04:00,12.399999618530273,12.470000267028809,12.317999839782715,12.4399995803833,15000,12.4399995803833,0.0
KALV,2018-08-12 20:00:00-04:00,12.465999603271484,13.359999656677246,12.465999603271484,13.050000190734863,35600,13.050000190734863,0.0
KALV,2018-08-13 20:00:00-04:00,12.979999542236328,13.15999984741211,12.420000076293945,13.050000190734863,36000,13.050000190734863,0.0
KALV,2018-08-14 20:00:00-04:00,12.8100004196167,12.850000381469727,12.420000076293945,12.760000228881836,18700,12.760000228881836,0.0
KALV,2018-08-15 20:00:00-04:00,12.800000190734863,13.0,12.352999687194824,12.970000267028809,24900,12.970000267028809,0.0
KALV,2018-08-16 20:00:00-04:00,12.829999923706055,13.050000190734863,12.734999656677246,13.050000190734863,16100,13.050000190734863,0.0
KALV,2018-08-19 20:00:00-04:00,13.100000381469727,15.0,13.100000381469727,14.920000076293945,124000,14.920000076293945,0.0
KALV,2018-08-20 20:00:00-04:00,15.270000457763672,16.979999542236328,14.9350004196167,16.65999984741211,166900,16.65999984741211,0.0
KALV,2018-08-21 20:00:00-04:00,16.700000762939453,18.469999313354492,16.030000686645508,17.899999618530273,124900,17.899999618530273,0.0
KALV,2018-08-22 20:00:00-04:00,17.350000381469727,18.899999618530273,14.5,15.199999809265137,215500,15.199999809265137,0.0
KALV,2018-08-23 20:00:00-04:00,14.899999618530273,16.0,14.859999656677246,15.149999618530273,97400,15.149999618530273,0.0
KALV,2018-08-26 20:00:00-04:00,15.359999656677246,16.489999771118164,15.119000434875488,16.489999771118164,38100,16.489999771118164,0.0
KALV,2018-08-27 20:00:00-04:00,16.5,16.5,15.729999542236328,16.350000381469727,16400,16.350000381469727,0.0
KALV,2018-08-28 20:00:00-04:00,16.190000534057617,16.5,15.670000076293945,16.299999237060547,16600,16.299999237060547,0.0
KALV,2018-08-29 20:00:00-04:00,16.299999237060547,16.440000534057617,15.767999649047852,16.440000534057617,12800,16.440000534057617,0.0
KALV,2018-08-30 20:00:00-04:00,16.191999435424805,17.149999618530273,16.170000076293945,17.100000381469727,30100,17.100000381469727,0.0
KALV,2018-09-03 20:00:00-04:00,17.100000381469727,18.450000762939453,16.43000030517578,18.079999923706055,75800,18.079999923706055,0.0
KALV,2018-09-04 20:00:00-04:00,17.8700008392334,18.34000015258789,17.149999618530273,17.90999984741211,35700,17.90999984741211,0.0
KALV,2018-09-05 20:00:00-04:00,17.90999984741211,18.440000534057617,16.950000762939453,18.149999618530273,903800,18.149999618530273,0.0
KALV,2018-09-06 20:00:00-04:00,18.190000534057617,18.190000534057617,17.014999389648438,17.540000915527344,90600,17.540000915527344,0.0
KALV,2018-09-09 20:00:00-04:00,17.600000381469727,17.600000381469727,16.829999923706055,16.920000076293945,35300,16.920000076293945,0.0
KALV,2018-09-10 20:00:00-04:00,17.049999237060547,17.049999237060547,16.209999084472656,16.510000228881836,79900,16.510000228881836,0.0
KALV,2018-09-11 20:00:00-04:00,16.549999237060547,16.649999618530273,16.0,16.15999984741211,35600,16.15999984741211,0.0
KALV,2018-09-12 20:00:00-04:00,16.459999084472656,16.719999313354492,15.319999694824219,15.550000190734863,86800,15.550000190734863,0.0
KALV,2018-09-13 20:00:00-04:00,15.350000381469727,18.329999923706055,14.739999771118164,17.170000076293945,148100,17.170000076293945,0.0
KALV,2018-09-16 20:00:00-04:00,17.200000762939453,17.950000762939453,16.799999237060547,17.049999237060547,116100,17.049999237060547,0.0
KALV,2018-09-17 20:00:00-04:00,16.83099937438965,16.920000076293945,15.470000267028809,16.079999923706055,139500,16.079999923706055,0.0
KALV,2018-09-18 20:00:00-04:00,16.149999618530273,16.940000534057617,15.961000442504883,16.260000228881836,76700,16.260000228881836,0.0
KALV,2018-09-19 20:00:00-04:00,16.75,18.19700050354004,16.170000076293945,18.0,107700,18.0,0.0
KALV,2018-09-20 20:00:00-04:00,18.649999618530273,22.0,18.634000778198242,21.719999313354492,389800,21.719999313354492,0.0
KALV,2018-09-23 20:00:00-04:00,22.290000915527344,22.459999084472656,19.625,21.149999618530273,221100,21.149999618530273,0.0
KALV,2018-09-24 20:00:00-04:00,21.0,21.489999771118164,20.639999389648438,21.010000228881836,85500,21.010000228881836,0.0
KALV,2018-09-25 20:00:00-04:00,21.010000228881836,22.770000457763672,20.6299991607666,21.59000015258789,90600,21.59000015258789,0.0
KALV,2018-09-26 20:00:00-04:00,21.6200008392334,22.5,21.420000076293945,22.0,53900,22.0,0.0
KALV,2018-09-27 20:00:00-04:00,21.93000030517578,23.413000106811523,21.549999237060547,22.110000610351562,97900,22.110000610351562,0.0
KALV,2018-09-30 20:00:00-04:00,22.239999771118164,23.96500015258789,20.799999237060547,22.06999969482422,149500,22.06999969482422,0.0
KALV,2018-10-01 20:00:00-04:00,22.030000686645508,22.8799991607666,20.981000900268555,22.420000076293945,68900,22.420000076293945,0.0
KALV,2018-10-02 20:00:00-04:00,22.450000762939453,23.280000686645508,21.309999465942383,22.649999618530273,67300,22.649999618530273,0.0
KALV,2018-10-03 20:00:00-04:00,22.639999389648438,23.111000061035156,21.68000030517578,22.600000381469727,56900,22.600000381469727,0.0
KALV,2018-10-04 20:00:00-04:00,22.68000030517578,23.479000091552734,18.010000228881836,18.18000030517578,200200,18.18000030517578,0.0
KALV,2018-10-07 20:00:00-04:00,17.559999465942383,19.360000610351562,16.549999237060547,17.420000076293945,173100,17.420000076293945,0.0
KALV,2018-10-08 20:00:00-04:00,17.1299991607666,17.75,16.3700008392334,16.93000030517578,117000,16.93000030517578,0.0
KALV,2018-10-09 20:00:00-04:00,16.809999465942383,17.5,16.09000015258789,16.209999084472656,184800,16.209999084472656,0.0
KALV,2018-10-10 20:00:00-04:00,16.149999618530273,17.84000015258789,16.1299991607666,17.350000381469727,54300,17.350000381469727,0.0
KALV,2018-10-11 20:00:00-04:00,17.18000030517578,18.979999542236328,17.0,18.760000228881836,75100,18.760000228881836,0.0
KALV,2018-10-14 20:00:00-04:00,19.239999771118164,19.95199966430664,18.459999084472656,19.420000076293945,169300,19.420000076293945,0.0
KALV,2018-10-15 20:00:00-04:00,19.540000915527344,20.489999771118164,18.40999984741211,19.389999389648438,149300,19.389999389648438,0.0
KALV,2018-10-16 20:00:00-04:00,19.40999984741211,20.579999923706055,18.5,19.700000762939453,65600,19.700000762939453,0.0
KALV,2018-10-17 20:00:00-04:00,19.59000015258789,20.360000610351562,18.93000030517578,19.770000457763672,127400,19.770000457763672,0.0
KALV,2018-10-18 20:00:00-04:00,19.899999618530273,20.190000534057617,19.299999237060547,19.770000457763672,106700,19.770000457763672,0.0
KALV,2018-10-21 20:00:00-04:00,19.860000610351562,20.65999984741211,18.652999877929688,20.1200008392334,94600,20.1200008392334,0.0
KALV,2018-10-22 20:00:00-04:00,19.649999618530273,20.6299991607666,18.683000564575195,20.399999618530273,94700,20.399999618530273,0.0
KALV,2018-10-23 20:00:00-04:00,20.3700008392334,21.25,18.98900032043457,19.889999389648438,129700,19.889999389648438,0.0
KALV,2018-10-24 20:00:00-04:00,20.0,20.709999084472656,18.260000228881836,18.950000762939453,169900,18.950000762939453,0.0
KALV,2018-10-25 20:00:00-04:00,18.700000762939453,19.420000076293945,18.27199935913086,18.81999969482422,36800,18.81999969482422,0.0
KALV,2018-10-28 20:00:00-04:00,19.270000457763672,19.420000076293945,18.149999618530273,18.610000610351562,72000,18.610000610351562,0.0
KALV,2018-10-29 20:00:00-04:00,18.709999084472656,18.959999084472656,18.149999618530273,18.540000915527344,59800,18.540000915527344,0.0
KALV,2018-10-30 20:00:00-04:00,18.850000381469727,19.424999237060547,18.479999542236328,18.899999618530273,59100,18.899999618530273,0.0
KALV,2018-10-31 20:00:00-04:00,19.020000457763672,19.90999984741211,18.514999389648438,19.90999984741211,62600,19.90999984741211,0.0
KALV,2018-11-01 20:00:00-04:00,19.729999542236328,20.100000381469727,19.225000381469727,19.790000915527344,48300,19.790000915527344,0.0
KALV,2018-11-04 19:00:00-05:00,19.920000076293945,20.0,18.75,18.850000381469727,39100,18.850000381469727,0.0
KALV,2018-11-05 19:00:00-05:00,18.81999969482422,19.829999923706055,17.719999313354492,18.399999618530273,61400,18.399999618530273,0.0
KALV,2018-11-06 19:00:00-05:00,18.299999237060547,19.5,18.0,19.0,67000,19.0,0.0
KALV,2018-11-07 19:00:00-05:00,19.18000030517578,19.440000534057617,18.549999237060547,18.969999313354492,29400,18.969999313354492,0.0
KALV,2018-11-08 19:00:00-05:00,18.781999588012695,19.299999237060547,18.530000686645508,18.81999969482422,25600,18.81999969482422,0.0
KALV,2018-11-11 19:00:00-05:00,18.989999771118164,20.0,18.28499984741211,18.489999771118164,88600,18.489999771118164,0.0
KALV,2018-11-12 19:00:00-05:00,18.43000030517578,18.559999465942383,16.559999465942383,17.219999313354492,43600,17.219999313354492,0.0
KALV,2018-11-13 19:00:00-05:00,17.219999313354492,17.389999389648438,16.100000381469727,16.850000381469727,31700,16.850000381469727,0.0
KALV,2018-11-14 19:00:00-05:00,17.170000076293945,18.299999237060547,16.84000015258789,18.100000381469727,110300,18.100000381469727,0.0
KALV,2018-11-15 19:00:00-05:00,17.75,19.25,17.530000686645508,18.850000381469727,70800,18.850000381469727,0.0
KALV,2018-11-18 19:00:00-05:00,18.540000915527344,19.780000686645508,17.100000381469727,19.65999984741211,58000,19.65999984741211,0.0
KALV,2018-11-19 19:00:00-05:00,18.850000381469727,19.899999618530273,18.5,19.799999237060547,42400,19.799999237060547,0.0
KALV,2018-11-20 19:00:00-05:00,20.09000015258789,21.809999465942383,19.53499984741211,21.600000381469727,48900,21.600000381469727,0.0
KALV,2018-11-22 19:00:00-05:00,21.540000915527344,22.899999618530273,21.540000915527344,22.899999618530273,22200,22.899999618530273,0.0
KALV,2018-11-25 19:00:00-05:00,23.0,23.649999618530273,21.940000534057617,23.399999618530273,49000,23.399999618530273,0.0
KALV,2018-11-26 19:00:00-05:00,22.920000076293945,23.315000534057617,21.31599998474121,22.889999389648438,63000,22.889999389648438,0.0
KALV,2018-11-27 19:00:00-05:00,23.09000015258789,23.52899932861328,21.770000457763672,22.93000030517578,77100,22.93000030517578,0.0
KALV,2018-11-28 19:00:00-05:00,23.489999771118164,23.889999389648438,22.239999771118164,22.84000015258789,88800,22.84000015258789,0.0
KALV,2018-11-29 19:00:00-05:00,22.93000030517578,24.290000915527344,22.639999389648438,24.059999465942383,64200,24.059999465942383,0.0
KALV,2018-12-02 19:00:00-05:00,24.469999313354492,25.56999969482422,23.399999618530273,23.760000228881836,55800,23.760000228881836,0.0
KALV,2018-12-03 19:00:00-05:00,23.420000076293945,23.829999923706055,22.520000457763672,22.850000381469727,89600,22.850000381469727,0.0
KALV,2018-12-05 19:00:00-05:00,22.5,23.14699935913086,21.868000030517578,22.90999984741211,69500,22.90999984741211,0.0
KALV,2018-12-06 19:00:00-05:00,23.1299991607666,23.679000854492188,21.989999771118164,22.399999618530273,173400,22.399999618530273,0.0
KALV,2018-12-09 19:00:00-05:00,22.709999084472656,24.0,20.739999771118164,23.59000015258789,111300,23.59000015258789,0.0
KALV,2018-12-10 19:00:00-05:00,23.739999771118164,24.0,22.709999084472656,23.170000076293945,16200,23.170000076293945,0.0
KALV,2018-12-11 19:00:00-05:00,23.280000686645508,24.389999389648438,23.280000686645508,24.0,107600,24.0,0.0
KALV,2018-12-12 19:00:00-05:00,24.170000076293945,24.200000762939453,23.020000457763672,23.389999389648438,33900,23.389999389648438,0.0
KALV,2018-12-13 19:00:00-05:00,23.219999313354492,23.510000228881836,21.600000381469727,22.68000030517578,66600,22.68000030517578,0.0
KALV,2018-12-16 19:00:00-05:00,22.760000228881836,22.895000457763672,20.0,20.1200008392334,83300,20.1200008392334,0.0
KALV,2018-12-17 19:00:00-05:00,20.360000610351562,20.479999542236328,18.969999313354492,19.639999389648438,78900,19.639999389648438,0.0
KALV,2018-12-18 19:00:00-05:00,19.940000534057617,20.239999771118164,18.149999618530273,18.43000030517578,44400,18.43000030517578,0.0
KALV,2018-12-19 19:00:00-05:00,18.280000686645508,18.899999618530273,18.000999450683594,18.6299991607666,57200,18.6299991607666,0.0
KALV,2018-12-20 19:00:00-05:00,18.510000228881836,19.25,18.510000228881836,18.93000030517578,79100,18.93000030517578,0.0
KALV,2018-12-23 19:00:00-05:00,18.850000381469727,19.21500015258789,16.950000762939453,17.0,27300,17.0,0.0
KALV,2018-12-25 19:00:00-05:00,17.15999984741211,19.1200008392334,17.15999984741211,17.709999084472656,35100,17.709999084472656,0.0
KALV,2018-12-26 19:00:00-05:00,17.049999237060547,18.0,17.049999237060547,17.780000686645508,30500,17.780000686645508,0.0
KALV,2018-12-27 19:00:00-05:00,17.90999984741211,20.34000015258789,17.780000686645508,19.559999465942383,121100,19.559999465942383,0.0
KALV,2018-12-30 19:00:00-05:00,19.700000762939453,20.315000534057617,18.100000381469727,19.75,75800,19.75,0.0
KALV,2019-01-01 19:00:00-05:00,19.459999084472656,20.0,19.059999465942383,20.0,80700,20.0,0.0
KALV,2019-01-02 19:00:00-05:00,19.799999237060547,20.040000915527344,19.155000686645508,19.649999618530273,39100,19.649999618530273,0.0
KALV,2019-01-03 19:00:00-05:00,19.75,20.969999313354492,18.399999618530273,20.3700008392334,29800,20.3700008392334,0.0
KALV,2019-01-06 19:00:00-05:00,20.510000228881836,20.950000762939453,19.56999969482422,20.25,34000,20.25,0.0
KALV,2019-01-07 19:00:00-05:00,20.270000457763672,20.579999923706055,19.700000762939453,19.700000762939453,37900,19.700000762939453,0.0
KALV,2019-01-08 19:00:00-05:00,19.479999542236328,20.149999618530273,19.479999542236328,19.510000228881836,18200,19.510000228881836,0.0
KALV,2019-01-09 19:00:00-05:00,19.3799991607666,20.25,19.3799991607666,20.25,41500,20.25,0.0
KALV,2019-01-10 19:00:00-05:00,20.25,20.75,19.510000228881836,19.760000228881836,29900,19.760000228881836,0.0
KALV,2019-01-13 19:00:00-05:00,19.420000076293945,20.15999984741211,18.700000762939453,19.989999771118164,84900,19.989999771118164,0.0
KALV,2019-01-14 19:00:00-05:00,20.190000534057617,20.24799919128418,19.030000686645508,19.59000015258789,72900,19.59000015258789,0.0
KALV,2019-01-15 19:00:00-05:00,19.709999084472656,20.219999313354492,18.40999984741211,18.899999618530273,74500,18.899999618530273,0.0
KALV,2019-01-16 19:00:00-05:00,18.81999969482422,19.139999389648438,18.0,18.149999618530273,64900,18.149999618530273,0.0
KALV,2019-01-17 19:00:00-05:00,18.15999984741211,18.889999389648438,16.25,16.709999084472656,110200,16.709999084472656,0.0
KALV,2019-01-21 19:00:00-05:00,16.709999084472656,17.049999237060547,16.309999465942383,16.510000228881836,59500,16.510000228881836,0.0
KALV,2019-01-22 19:00:00-05:00,16.56999969482422,17.030000686645508,16.15999984741211,16.6200008392334,61000,16.6200008392334,0.0
KALV,2019-01-23 19:00:00-05:00,16.75,17.0,16.309999465942383,16.940000534057617,30700,16.940000534057617,0.0
KALV,2019-01-24 19:00:00-05:00,17.0,18.3799991607666,16.709999084472656,18.1200008392334,48000,18.1200008392334,0.0
KALV,2019-01-27 19:00:00-05:00,18.25,18.299999237060547,17.200000762939453,17.34000015258789,47400,17.34000015258789,0.0
KALV,2019-01-28 19:00:00-05:00,17.600000381469727,17.666000366210938,17.03700065612793,17.290000915527344,31500,17.290000915527344,0.0
KALV,2019-01-29 19:00:00-05:00,17.360000610351562,17.829999923706055,17.260000228881836,17.600000381469727,9300,17.600000381469727,0.0
KALV,2019-01-30 19:00:00-05:00,17.549999237060547,18.75,17.43000030517578,18.690000534057617,37100,18.690000534057617,0.0
KALV,2019-01-31 19:00:00-05:00,18.43000030517578,18.75,17.770000457763672,17.950000762939453,95200,17.950000762939453,0.0
KALV,2019-02-03 19:00:00-05:00,17.959999084472656,19.114999771118164,17.950000762939453,18.81999969482422,134600,18.81999969482422,0.0
KALV,2019-02-04 19:00:00-05:00,19.040000915527344,19.399999618530273,18.75,18.899999618530273,71000,18.899999618530273,0.0
KALV,2019-02-05 19:00:00-05:00,18.690000534057617,18.940000534057617,18.149999618530273,18.540000915527344,27300,18.540000915527344,0.0
KALV,2019-02-06 19:00:00-05:00,18.34000015258789,19.0,18.34000015258789,18.489999771118164,98100,18.489999771118164,0.0
KALV,2019-02-07 19:00:00-05:00,18.489999771118164,19.15999984741211,18.260000228881836,19.15999984741211,28700,19.15999984741211,0.0
KALV,2019-02-10 19:00:00-05:00,19.030000686645508,19.184999465942383,18.700000762939453,19.06999969482422,31400,19.06999969482422,0.0
KALV,2019-02-11 19:00:00-05:00,18.93000030517578,19.888999938964844,18.719999313354492,19.079999923706055,67500,19.079999923706055,0.0
KALV,2019-02-12 19:00:00-05:00,19.25,19.799999237060547,18.84000015258789,19.239999771118164,42100,19.239999771118164,0.0
KALV,2019-02-13 19:00:00-05:00,19.31999969482422,19.8799991607666,19.079999923706055,19.600000381469727,18400,19.600000381469727,0.0
KALV,2019-02-14 19:00:00-05:00,19.899999618530273,21.540000915527344,19.5,21.350000381469727,61200,21.350000381469727,0.0
KALV,2019-02-18 19:00:00-05:00,21.360000610351562,21.860000610351562,19.940000534057617,20.25,65200,20.25,0.0
KALV,2019-02-19 19:00:00-05:00,20.25,20.25,19.639999389648438,20.0,68700,20.0,0.0
KALV,2019-02-20 19:00:00-05:00,19.920000076293945,21.049999237060547,19.920000076293945,20.809999465942383,314500,20.809999465942383,0.0
KALV,2019-02-21 19:00:00-05:00,20.899999618530273,20.899999618530273,20.34000015258789,20.610000610351562,39900,20.610000610351562,0.0
KALV,2019-02-24 19:00:00-05:00,20.829999923706055,22.68000030517578,20.763999938964844,22.290000915527344,108400,22.290000915527344,0.0
KALV,2019-02-25 19:00:00-05:00,22.229999542236328,22.31999969482422,21.469999313354492,21.799999237060547,40900,21.799999237060547,0.0
KALV,2019-02-26 19:00:00-05:00,21.799999237060547,23.43000030517578,21.549999237060547,23.1299991607666,177700,23.1299991607666,0.0
KALV,2019-02-27 19:00:00-05:00,23.139999389648438,23.139999389648438,22.020000457763672,22.68000030517578,39100,22.68000030517578,0.0
KALV,2019-02-28 19:00:00-05:00,22.700000762939453,23.5,22.700000762939453,23.389999389648438,82400,23.389999389648438,0.0
KALV,2019-03-03 19:00:00-05:00,23.350000381469727,23.350000381469727,22.020000457763672,22.799999237060547,93200,22.799999237060547,0.0
KALV,2019-03-04 19:00:00-05:00,22.760000228881836,24.010000228881836,22.520000457763672,22.670000076293945,153600,22.670000076293945,0.0
KALV,2019-03-05 19:00:00-05:00,22.43000030517578,22.440000534057617,21.030000686645508,21.5,30700,21.5,0.0
KALV,2019-03-06 19:00:00-05:00,21.489999771118164,22.610000610351562,21.290000915527344,22.5,49400,22.5,0.0
KALV,2019-03-07 19:00:00-05:00,22.469999313354492,22.549999237060547,21.165000915527344,21.690000534057617,54700,21.690000534057617,0.0
KALV,2019-03-10 20:00:00-04:00,21.760000228881836,22.440000534057617,21.229999542236328,22.299999237060547,58300,22.299999237060547,0.0
KALV,2019-03-11 20:00:00-04:00,22.5,23.899999618530273,21.940000534057617,23.8799991607666,155900,23.8799991607666,0.0
KALV,2019-03-12 20:00:00-04:00,24.350000381469727,26.56999969482422,23.836000442504883,26.229999542236328,325000,26.229999542236328,0.0
KALV,2019-03-13 20:00:00-04:00,26.239999771118164,34.91999816894531,26.239999771118164,31.100000381469727,514400,31.100000381469727,0.0
KALV,2019-03-14 20:00:00-04:00,30.860000610351562,31.75,27.809999465942383,28.950000762939453,270600,28.950000762939453,0.0
KALV,2019-03-17 20:00:00-04:00,28.510000228881836,29.0,25.660999298095703,26.329999923706055,1086300,26.329999923706055,0.0
KALV,2019-03-18 20:00:00-04:00,27.110000610351562,28.81999969482422,27.110000610351562,28.219999313354492,93300,28.219999313354492,0.0
KALV,2019-03-19 20:00:00-04:00,29.030000686645508,31.40999984741211,27.34000015258789,27.68000030517578,123700,27.68000030517578,0.0
KALV,2019-03-20 20:00:00-04:00,27.040000915527344,28.100000381469727,27.0,28.09000015258789,37900,28.09000015258789,0.0
KALV,2019-03-21 20:00:00-04:00,27.440000534057617,28.530000686645508,27.399999618530273,28.200000762939453,73900,28.200000762939453,0.0
KALV,2019-03-24 20:00:00-04:00,27.90999984741211,29.469999313354492,27.299999237060547,29.469999313354492,91100,29.469999313354492,0.0
KALV,2019-03-25 20:00:00-04:00,29.3700008392334,30.190000534057617,28.5,28.790000915527344,111100,28.790000915527344,0.0
KALV,2019-03-26 20:00:00-04:00,28.780000686645508,30.479999542236328,28.020000457763672,28.25,206900,28.25,0.0
KALV,2019-03-27 20:00:00-04:00,28.260000228881836,29.739999771118164,26.920000076293945,27.93000030517578,168300,27.93000030517578,0.0
KALV,2019-03-28 20:00:00-04:00,28.5,29.219999313354492,27.530000686645508,28.6200008392334,190900,28.6200008392334,0.0
KALV,2019-03-31 20:00:00-04:00,28.850000381469727,29.966999053955078,26.829999923706055,27.850000381469727,186500,27.850000381469727,0.0
KALV,2019-04-01 20:00:00-04:00,28.049999237060547,29.270000457763672,27.479999542236328,28.75,136900,28.75,0.0
KALV,2019-04-02 20:00:00-04:00,28.889999389648438,31.56999969482422,28.700000762939453,30.889999389648438,162400,30.889999389648438,0.0
KALV,2019-04-03 20:00:00-04:00,30.8700008392334,32.150001525878906,29.100000381469727,29.809999465942383,372200,29.809999465942383,0.0
KALV,2019-04-04 20:00:00-04:00,29.878000259399414,30.690000534057617,29.15999984741211,30.40999984741211,213500,30.40999984741211,0.0
KALV,2019-04-07 20:00:00-04:00,30.399999618530273,30.399999618530273,29.040000915527344,29.309999465942383,85600,29.309999465942383,0.0
KALV,2019-04-08 20:00:00-04:00,28.8799991607666,29.725000381469727,28.0,28.56999969482422,87500,28.56999969482422,0.0
KALV,2019-04-09 20:00:00-04:00,28.520000457763672,29.959999084472656,28.520000457763672,29.190000534057617,86200,29.190000534057617,0.0
KALV,2019-04-10 20:00:00-04:00,29.18000030517578,29.18000030517578,26.18000030517578,26.510000228881836,571900,26.510000228881836,0.0
KALV,2019-04-11 20:00:00-04:00,26.84000015258789,27.149999618530273,25.600000381469727,26.170000076293945,151700,26.170000076293945,0.0
KALV,2019-04-14 20:00:00-04:00,26.100000381469727,26.100000381469727,24.350000381469727,24.93000030517578,178900,24.93000030517578,0.0
KALV,2019-04-15 20:00:00-04:00,24.93000030517578,26.059999465942383,24.270000457763672,25.270000457763672,61100,25.270000457763672,0.0
KALV,2019-04-16 20:00:00-04:00,25.219999313354492,25.569000244140625,24.024999618530273,25.389999389648438,78200,25.389999389648438,0.0
KALV,2019-04-17 20:00:00-04:00,25.290000915527344,25.84000015258789,24.469999313354492,25.5,45800,25.5,0.0
KALV,2019-04-21 20:00:00-04:00,25.510000228881836,27.25,25.510000228881836,26.399999618530273,194400,26.399999618530273,0.0
KALV,2019-04-22 20:00:00-04:00,26.479999542236328,26.579999923706055,25.0,25.969999313354492,161800,25.969999313354492,0.0
KALV,2019-04-23 20:00:00-04:00,26.059999465942383,26.059999465942383,24.010000228881836,24.020000457763672,64000,24.020000457763672,0.0
KALV,2019-04-24 20:00:00-04:00,24.030000686645508,25.200000762939453,24.030000686645508,24.969999313354492,106500,24.969999313354492,0.0
KALV,2019-04-25 20:00:00-04:00,24.969999313354492,24.969999313354492,21.790000915527344,22.299999237060547,90000,22.299999237060547,0.0
KALV,2019-04-28 20:00:00-04:00,22.34000015258789,23.760000228881836,22.309999465942383,23.010000228881836,158500,23.010000228881836,0.0
KALV,2019-04-29 20:00:00-04:00,23.020000457763672,23.200000762939453,22.280000686645508,23.0,131700,23.0,0.0
KALV,2019-04-30 20:00:00-04:00,22.562000274658203,23.690000534057617,22.520000457763672,22.649999618530273,127400,22.649999618530273,0.0
KALV,2019-05-01 20:00:00-04:00,22.649999618530273,23.0,21.81999969482422,22.06999969482422,51800,22.06999969482422,0.0
KALV,2019-05-02 20:00:00-04:00,22.1299991607666,22.34000015258789,21.5,22.020000457763672,38600,22.020000457763672,0.0
KALV,2019-05-05 20:00:00-04:00,21.65999984741211,22.559999465942383,21.5,22.280000686645508,54300,22.280000686645508,0.0
KALV,2019-05-06 20:00:00-04:00,22.18000030517578,22.540000915527344,22.020000457763672,22.389999389648438,129400,22.389999389648438,0.0
KALV,2019-05-07 20:00:00-04:00,22.309999465942383,23.799999237060547,21.979999542236328,23.6299991607666,80300,23.6299991607666,0.0
KALV,2019-05-08 20:00:00-04:00,23.639999389648438,24.610000610351562,23.209999084472656,24.170000076293945,55200,24.170000076293945,0.0
KALV,2019-05-09 20:00:00-04:00,24.20400047302246,25.209999084472656,23.790000915527344,24.639999389648438,268900,24.639999389648438,0.0
KALV,2019-05-12 20:00:00-04:00,24.110000610351562,24.441999435424805,23.170000076293945,23.8700008392334,163900,23.8700008392334,0.0
KALV,2019-05-13 20:00:00-04:00,23.780000686645508,24.834999084472656,23.600000381469727,24.68000030517578,100300,24.68000030517578,0.0
KALV,2019-05-14 20:00:00-04:00,24.989999771118164,25.549999237060547,23.489999771118164,24.229999542236328,348200,24.229999542236328,0.0
KALV,2019-05-15 20:00:00-04:00,24.0,24.729999542236328,23.649999618530273,24.3700008392334,86000,24.3700008392334,0.0
KALV,2019-05-16 20:00:00-04:00,24.219999313354492,24.59000015258789,23.434999465942383,23.799999237060547,95600,23.799999237060547,0.0
KALV,2019-05-19 20:00:00-04:00,23.299999237060547,23.788000106811523,22.450000762939453,23.040000915527344,91500,23.040000915527344,0.0
KALV,2019-05-20 20:00:00-04:00,23.1299991607666,24.350000381469727,22.875,23.43000030517578,139200,23.43000030517578,0.0
KALV,2019-05-21 20:00:00-04:00,23.184999465942383,24.229999542236328,22.979999542236328,23.139999389648438,464300,23.139999389648438,0.0
KALV,2019-05-22 20:00:00-04:00,22.68000030517578,23.920000076293945,22.68000030517578,23.639999389648438,112100,23.639999389648438,0.0
KALV,2019-05-23 20:00:00-04:00,23.579999923706055,24.19499969482422,23.399999618530273,23.889999389648438,254700,23.889999389648438,0.0
KALV,2019-05-27 20:00:00-04:00,23.989999771118164,24.299999237060547,23.239999771118164,23.920000076293945,182200,23.920000076293945,0.0
KALV,2019-05-28 20:00:00-04:00,23.979999542236328,24.047000885009766,22.709999084472656,23.110000610351562,68600,23.110000610351562,0.0
KALV,2019-05-29 20:00:00-04:00,23.059999465942383,23.209999084472656,22.719999313354492,23.020000457763672,72100,23.020000457763672,0.0
KALV,2019-05-30 20:00:00-04:00,22.889999389648438,22.889999389648438,20.530000686645508,21.25,115500,21.25,0.0
KALV,2019-06-02 20:00:00-04:00,21.200000762939453,21.270000457763672,19.59000015258789,19.799999237060547,94900,19.799999237060547,0.0
KALV,2019-06-03 20:00:00-04:00,20.059999465942383,20.09000015258789,18.764999389648438,19.40999984741211,150900,19.40999984741211,0.0
KALV,2019-06-04 20:00:00-04:00,19.549999237060547,19.59000015258789,18.829999923706055,19.389999389648438,134600,19.389999389648438,0.0
KALV,2019-06-05 20:00:00-04:00,19.399999618530273,20.219999313354492,18.950000762939453,18.959999084472656,125900,18.959999084472656,0.0
KALV,2019-06-06 20:00:00-04:00,18.979999542236328,21.06999969482422,18.979999542236328,20.209999084472656,609400,20.209999084472656,0.0
KALV,2019-06-09 20:00:00-04:00,20.309999465942383,20.510000228881836,19.850000381469727,19.969999313354492,350500,19.969999313354492,0.0
KALV,2019-06-10 20:00:00-04:00,20.020000457763672,20.239999771118164,18.299999237060547,18.440000534057617,306700,18.440000534057617,0.0
KALV,2019-06-11 20:00:00-04:00,18.459999084472656,19.239999771118164,18.049999237060547,19.149999618530273,123500,19.149999618530273,0.0
KALV,2019-06-12 20:00:00-04:00,19.489999771118164,19.940000534057617,19.0,19.75,71000,19.75,0.0
KALV,2019-06-13 20:00:00-04:00,19.760000228881836,20.229999542236328,19.549999237060547,19.899999618530273,140700,19.899999618530273,0.0
KALV,2019-06-16 20:00:00-04:00,19.780000686645508,20.950000762939453,19.290000915527344,20.729999542236328,326200,20.729999542236328,0.0
KALV,2019-06-17 20:00:00-04:00,20.8700008392334,21.0,20.15999984741211,20.3799991607666,95100,20.3799991607666,0.0
KALV,2019-06-18 20:00:00-04:00,20.3700008392334,20.5049991607666,19.899999618530273,20.450000762939453,82900,20.450000762939453,0.0
KALV,2019-06-19 20:00:00-04:00,20.510000228881836,21.729999542236328,20.40999984741211,21.709999084472656,235200,21.709999084472656,0.0
KALV,2019-06-20 20:00:00-04:00,21.700000762939453,21.809999465942383,20.520000457763672,21.520000457763672,162100,21.520000457763672,0.0
KALV,2019-06-23 20:00:00-04:00,21.549999237060547,22.25,20.6299991607666,21.25,172900,21.25,0.0
KALV,2019-06-24 20:00:00-04:00,21.299999237060547,21.299999237060547,20.299999237060547,20.559999465942383,103900,20.559999465942383,0.0
KALV,2019-06-25 20:00:00-04:00,20.719999313354492,20.719999313354492,19.68000030517578,20.6200008392334,105200,20.6200008392334,0.0
KALV,2019-06-26 20:00:00-04:00,20.719999313354492,21.68000030517578,20.43000030517578,21.600000381469727,280000,21.600000381469727,0.0
KALV,2019-06-27 20:00:00-04:00,21.81999969482422,23.229999542236328,21.774999618530273,22.149999618530273,1782200,22.149999618530273,0.0
KALV,2019-06-30 20:00:00-04:00,22.110000610351562,22.885000228881836,21.209999084472656,21.670000076293945,302500,21.670000076293945,0.0
KALV,2019-07-01 20:00:00-04:00,21.850000381469727,21.850000381469727,19.93000030517578,20.610000610351562,159100,20.610000610351562,0.0
KALV,2019-07-02 20:00:00-04:00,20.56999969482422,20.56999969482422,19.079999923706055,19.780000686645508,91300,19.780000686645508,0.0
KALV,2019-07-04 20:00:00-04:00,19.790000915527344,19.790000915527344,18.28499984741211,18.739999771118164,94200,18.739999771118164,0.0
KALV,2019-07-07 20:00:00-04:00,18.649999618530273,18.649999618530273,17.920000076293945,18.18000030517578,93700,18.18000030517578,0.0
KALV,2019-07-08 20:00:00-04:00,18.1299991607666,18.639999389648438,17.959999084472656,18.489999771118164,72200,18.489999771118164,0.0
KALV,2019-07-09 20:00:00-04:00,18.719999313354492,19.155000686645508,18.59000015258789,18.950000762939453,115400,18.950000762939453,0.0
KALV,2019-07-10 20:00:00-04:00,19.0,19.0,17.5,17.56999969482422,144100,17.56999969482422,0.0
KALV,2019-07-11 20:00:00-04:00,17.510000228881836,17.59000015258789,16.90999984741211,17.309999465942383,95300,17.309999465942383,0.0
KALV,2019-07-14 20:00:00-04:00,17.200000762939453,17.309999465942383,16.35099983215332,17.0,148700,17.0,0.0
KALV,2019-07-15 20:00:00-04:00,16.829999923706055,17.420000076293945,16.719999313354492,17.219999313354492,161700,17.219999313354492,0.0
KALV,2019-07-16 20:00:00-04:00,17.1299991607666,17.479999542236328,16.899999618530273,17.350000381469727,91100,17.350000381469727,0.0
KALV,2019-07-17 20:00:00-04:00,17.399999618530273,17.610000610351562,17.149999618530273,17.510000228881836,55600,17.510000228881836,0.0
KALV,2019-07-18 20:00:00-04:00,17.549999237060547,18.030000686645508,17.549999237060547,17.549999237060547,182700,17.549999237060547,0.0
KALV,2019-07-21 20:00:00-04:00,18.06999969482422,18.690000534057617,18.0,18.329999923706055,279300,18.329999923706055,0.0
KALV,2019-07-22 20:00:00-04:00,18.489999771118164,18.889999389648438,17.65999984741211,17.81999969482422,186000,17.81999969482422,0.0
KALV,2019-07-23 20:00:00-04:00,17.639999389648438,18.100000381469727,17.6200008392334,17.889999389648438,100700,17.889999389648438,0.0
KALV,2019-07-24 20:00:00-04:00,17.93000030517578,18.149999618530273,17.75,17.75,170500,17.75,0.0
KALV,2019-07-25 20:00:00-04:00,17.899999618530273,18.100000381469727,16.3700008392334,16.920000076293945,303700,16.920000076293945,0.0
KALV,2019-07-28 20:00:00-04:00,17.34000015258789,17.860000610351562,16.799999237060547,16.8700008392334,261000,16.8700008392334,0.0
KALV,2019-07-29 20:00:00-04:00,16.75,16.81999969482422,16.25,16.510000228881836,165400,16.510000228881836,0.0
KALV,2019-07-30 20:00:00-04:00,16.739999771118164,17.31999969482422,16.350000381469727,16.59000015258789,190100,16.59000015258789,0.0
KALV,2019-07-31 20:00:00-04:00,16.559999465942383,16.829999923706055,16.05500030517578,16.34000015258789,154700,16.34000015258789,0.0
KALV,2019-08-01 20:00:00-04:00,16.299999237060547,16.489999771118164,15.694999694824219,16.209999084472656,95600,16.209999084472656,0.0
KALV,2019-08-04 20:00:00-04:00,15.920000076293945,15.920000076293945,15.399999618530273,15.489999771118164,75900,15.489999771118164,0.0
KALV,2019-08-05 20:00:00-04:00,15.600000381469727,16.110000610351562,15.380000114440918,15.789999961853027,96900,15.789999961853027,0.0
KALV,2019-08-06 20:00:00-04:00,15.59000015258789,16.030000686645508,15.4399995803833,15.760000228881836,61600,15.760000228881836,0.0
KALV,2019-08-07 20:00:00-04:00,15.869999885559082,16.059999465942383,15.619999885559082,15.949999809265137,70000,15.949999809265137,0.0
KALV,2019-08-08 20:00:00-04:00,15.890000343322754,16.079999923706055,15.380000114440918,15.5,71000,15.5,0.0
KALV,2019-08-11 20:00:00-04:00,15.390000343322754,15.899999618530273,15.029999732971191,15.5,76900,15.5,0.0
KALV,2019-08-12 20:00:00-04:00,15.460000038146973,16.950000762939453,15.220000267028809,16.81999969482422,97400,16.81999969482422,0.0
KALV,2019-08-13 20:00:00-04:00,16.540000915527344,16.579999923706055,15.949999809265137,16.149999618530273,56400,16.149999618530273,0.0
KALV,2019-08-14 20:00:00-04:00,16.15999984741211,16.639999389648438,15.609999656677246,16.110000610351562,59800,16.110000610351562,0.0
KALV,2019-08-15 20:00:00-04:00,16.149999618530273,16.549999237060547,15.90999984741211,16.3700008392334,50200,16.3700008392334,0.0
KALV,2019-08-18 20:00:00-04:00,16.90999984741211,17.040000915527344,16.34000015258789,16.56999969482422,46500,16.56999969482422,0.0
KALV,2019-08-19 20:00:00-04:00,16.559999465942383,16.93000030517578,16.469999313354492,16.68000030517578,94100,16.68000030517578,0.0
KALV,2019-08-20 20:00:00-04:00,16.780000686645508,16.989999771118164,16.0,16.75,102500,16.75,0.0
KALV,2019-08-21 20:00:00-04:00,16.770000457763672,16.770000457763672,15.819999694824219,15.90999984741211,66600,15.90999984741211,0.0
KALV,2019-08-22 20:00:00-04:00,15.75,16.1299991607666,15.390000343322754,15.59000015258789,69600,15.59000015258789,0.0
KALV,2019-08-25 20:00:00-04:00,15.800000190734863,15.800000190734863,15.484999656677246,15.539999961853027,61700,15.539999961853027,0.0
KALV,2019-08-26 20:00:00-04:00,15.680000305175781,15.729999542236328,14.829999923706055,15.140000343322754,107800,15.140000343322754,0.0
KALV,2019-08-27 20:00:00-04:00,15.100000381469727,15.680000305175781,15.100000381469727,15.380000114440918,68300,15.380000114440918,0.0
KALV,2019-08-28 20:00:00-04:00,15.470000267028809,15.86299991607666,15.199999809265137,15.449999809265137,45100,15.449999809265137,0.0
KALV,2019-08-29 20:00:00-04:00,15.529999732971191,15.6899995803833,15.119999885559082,15.619999885559082,194700,15.619999885559082,0.0
KALV,2019-09-02 20:00:00-04:00,15.510000228881836,15.770000457763672,15.229999542236328,15.449999809265137,44900,15.449999809265137,0.0
KALV,2019-09-03 20:00:00-04:00,15.579999923706055,15.579999923706055,14.5,14.789999961853027,58400,14.789999961853027,0.0
KALV,2019-09-04 20:00:00-04:00,14.930000305175781,15.470000267028809,14.84000015258789,15.1899995803833,77600,15.1899995803833,0.0
KALV,2019-09-05 20:00:00-04:00,15.220000267028809,15.729999542236328,14.729999542236328,15.109999656677246,73600,15.109999656677246,0.0
KALV,2019-09-08 20:00:00-04:00,15.229999542236328,16.729999542236328,14.920000076293945,16.600000381469727,84300,16.600000381469727,0.0
KALV,2019-09-09 20:00:00-04:00,16.700000762939453,16.867000579833984,16.09000015258789,16.43000030517578,96900,16.43000030517578,0.0
KALV,2019-09-10 20:00:00-04:00,16.239999771118164,16.6200008392334,15.600000381469727,16.0,85700,16.0,0.0
KALV,2019-09-11 20:00:00-04:00,16.139999389648438,16.139999389648438,15.550000190734863,15.600000381469727,79400,15.600000381469727,0.0
KALV,2019-09-12 20:00:00-04:00,15.640000343322754,15.8100004196167,15.100000381469727,15.260000228881836,47000,15.260000228881836,0.0
KALV,2019-09-15 20:00:00-04:00,15.25,15.350000381469727,14.75,14.789999961853027,74100,14.789999961853027,0.0
KALV,2019-09-16 20:00:00-04:00,14.75,14.8100004196167,14.34000015258789,14.670000076293945,73400,14.670000076293945,0.0
KALV,2019-09-17 20:00:00-04:00,14.649999618530273,14.720000267028809,14.210000038146973,14.5,141600,14.5,0.0
KALV,2019-09-18 20:00:00-04:00,14.479999542236328,14.729999542236328,14.140000343322754,14.199999809265137,63100,14.199999809265137,0.0
KALV,2019-09-19 20:00:00-04:00,14.170000076293945,14.479000091552734,13.600000381469727,13.649999618530273,126300,13.649999618530273,0.0
KALV,2019-09-22 20:00:00-04:00,13.649999618530273,13.774999618530273,12.920000076293945,13.65999984741211,160400,13.65999984741211,0.0
KALV,2019-09-23 20:00:00-04:00,13.789999961853027,13.789999961853027,12.539999961853027,12.890000343322754,150500,12.890000343322754,0.0
KALV,2019-09-24 20:00:00-04:00,12.899999618530273,13.0,12.329999923706055,12.40999984741211,116200,12.40999984741211,0.0
KALV,2019-09-25 20:00:00-04:00,12.4399995803833,12.4399995803833,11.84000015258789,12.170000076293945,94300,12.170000076293945,0.0
KALV,2019-09-26 20:00:00-04:00,12.229999542236328,12.420000076293945,11.75,11.859999656677246,75400,11.859999656677246,0.0
KALV,2019-09-29 20:00:00-04:00,11.869999885559082,11.869999885559082,11.039999961853027,11.600000381469727,108700,11.600000381469727,0.0
KALV,2019-09-30 20:00:00-04:00,11.960000038146973,12.927000045776367,11.960000038146973,12.100000381469727,117900,12.100000381469727,0.0
KALV,2019-10-01 20:00:00-04:00,12.0,12.0,10.899999618530273,11.210000038146973,173200,11.210000038146973,0.0
KALV,2019-10-02 20:00:00-04:00,11.15999984741211,11.413999557495117,10.930000305175781,11.229999542236328,503000,11.229999542236328,0.0
KALV,2019-10-03 20:00:00-04:00,11.25,11.470000267028809,10.5,11.0,288800,11.0,0.0
KALV,2019-10-06 20:00:00-04:00,10.90999984741211,10.979999542236328,10.260000228881836,10.5600004196167,130600,10.5600004196167,0.0
KALV,2019-10-07 20:00:00-04:00,10.489999771118164,10.510000228881836,10.109999656677246,10.3100004196167,91300,10.3100004196167,0.0
KALV,2019-10-08 20:00:00-04:00,10.270000457763672,10.84000015258789,9.859999656677246,10.670000076293945,510400,10.670000076293945,0.0
KALV,2019-10-09 20:00:00-04:00,10.770000457763672,10.835000038146973,10.029999732971191,10.779999732971191,563100,10.779999732971191,0.0
KALV,2019-10-10 20:00:00-04:00,10.869999885559082,11.430000305175781,10.800000190734863,11.0,180300,11.0,0.0
KALV,2019-10-13 20:00:00-04:00,10.989999771118164,11.170000076293945,10.619999885559082,10.699999809265137,152300,10.699999809265137,0.0
KALV,2019-10-14 20:00:00-04:00,10.739999771118164,11.050000190734863,10.510000228881836,10.739999771118164,143100,10.739999771118164,0.0
KALV,2019-10-15 20:00:00-04:00,10.720000267028809,11.199999809265137,10.649999618530273,11.039999961853027,80200,11.039999961853027,0.0
KALV,2019-10-16 20:00:00-04:00,11.029999732971191,12.15999984741211,11.029999732971191,12.0600004196167,133900,12.0600004196167,0.0
KALV,2019-10-17 20:00:00-04:00,11.960000038146973,12.25,11.550000190734863,11.880000114440918,203800,11.880000114440918,0.0
KALV,2019-10-20 20:00:00-04:00,11.920000076293945,11.9399995803833,11.300000190734863,11.4399995803833,116500,11.4399995803833,0.0
KALV,2019-10-21 20:00:00-04:00,11.470000267028809,11.760000228881836,10.899999618530273,11.029999732971191,82600,11.029999732971191,0.0
KALV,2019-10-22 20:00:00-04:00,11.029999732971191,11.65999984741211,10.699999809265137,11.529999732971191,100200,11.529999732971191,0.0
KALV,2019-10-23 20:00:00-04:00,11.640000343322754,11.899999618530273,11.0,11.079999923706055,83000,11.079999923706055,0.0
KALV,2019-10-24 20:00:00-04:00,11.039999961853027,11.479999542236328,10.819999694824219,11.430000305175781,65100,11.430000305175781,0.0
KALV,2019-10-27 20:00:00-04:00,11.460000038146973,11.8100004196167,11.369999885559082,11.75,69300,11.75,0.0
KALV,2019-10-28 20:00:00-04:00,11.770000457763672,12.029999732971191,11.510000228881836,11.699999809265137,91200,11.699999809265137,0.0
KALV,2019-10-29 20:00:00-04:00,11.710000038146973,11.710000038146973,10.75,10.850000381469727,109500,10.850000381469727,0.0
KALV,2019-10-30 20:00:00-04:00,10.829999923706055,10.829999923706055,10.260000228881836,10.600000381469727,132600,10.600000381469727,0.0
KALV,2019-10-31 20:00:00-04:00,10.6899995803833,11.645000457763672,10.630000114440918,11.460000038146973,139300,11.460000038146973,0.0
KALV,2019-11-03 19:00:00-05:00,11.539999961853027,11.600000381469727,11.020000457763672,11.229999542236328,91400,11.229999542236328,0.0
KALV,2019-11-04 19:00:00-05:00,11.270000457763672,11.489999771118164,11.039999961853027,11.15999984741211,135000,11.15999984741211,0.0
KALV,2019-11-05 19:00:00-05:00,11.15999984741211,11.15999984741211,10.739999771118164,10.84000015258789,72000,10.84000015258789,0.0
KALV,2019-11-06 19:00:00-05:00,10.899999618530273,10.9399995803833,10.470000267028809,10.670000076293945,72100,10.670000076293945,0.0
KALV,2019-11-07 19:00:00-05:00,10.630000114440918,11.319999694824219,10.600000381469727,11.100000381469727,86300,11.100000381469727,0.0
KALV,2019-11-10 19:00:00-05:00,10.949999809265137,11.720000267028809,10.850000381469727,11.4399995803833,117700,11.4399995803833,0.0
KALV,2019-11-11 19:00:00-05:00,11.4399995803833,11.609999656677246,11.15999984741211,11.229999542236328,67600,11.229999542236328,0.0
KALV,2019-11-12 19:00:00-05:00,11.220000267028809,11.369999885559082,10.829999923706055,11.109999656677246,113700,11.109999656677246,0.0
KALV,2019-11-13 19:00:00-05:00,11.140000343322754,11.15999984741211,10.850000381469727,10.949999809265137,52600,10.949999809265137,0.0
KALV,2019-11-14 19:00:00-05:00,10.979999542236328,11.220000267028809,10.84000015258789,11.069999694824219,77000,11.069999694824219,0.0
KALV,2019-11-17 19:00:00-05:00,11.039999961853027,11.1899995803833,10.90999984741211,11.15999984741211,129900,11.15999984741211,0.0
KALV,2019-11-18 19:00:00-05:00,11.199999809265137,12.0,11.109999656677246,11.369999885559082,145400,11.369999885559082,0.0
KALV,2019-11-19 19:00:00-05:00,11.34000015258789,12.010000228881836,11.34000015258789,11.8100004196167,129500,11.8100004196167,0.0
KALV,2019-11-20 19:00:00-05:00,11.829999923706055,12.850000381469727,11.5,12.84000015258789,160000,12.84000015258789,0.0
KALV,2019-11-21 19:00:00-05:00,12.869999885559082,13.366999626159668,12.470000267028809,13.069999694824219,154100,13.069999694824219,0.0
KALV,2019-11-24 19:00:00-05:00,13.270000457763672,13.864999771118164,13.119999885559082,13.720000267028809,208200,13.720000267028809,0.0
KALV,2019-11-25 19:00:00-05:00,13.829999923706055,14.255000114440918,13.529999732971191,14.0,244000,14.0,0.0
KALV,2019-11-26 19:00:00-05:00,14.020000457763672,14.520000457763672,13.819999694824219,14.0,135300,14.0,0.0
KALV,2019-11-28 19:00:00-05:00,13.989999771118164,14.586000442504883,13.890000343322754,14.479999542236328,61500,14.479999542236328,0.0
KALV,2019-12-01 19:00:00-05:00,14.65999984741211,15.699999809265137,14.300000190734863,15.199999809265137,311000,15.199999809265137,0.0
KALV,2019-12-02 19:00:00-05:00,15.029999732971191,15.420000076293945,14.354999542236328,15.34000015258789,165000,15.34000015258789,0.0
KALV,2019-12-03 19:00:00-05:00,15.600000381469727,15.600000381469727,14.640000343322754,14.920000076293945,177000,14.920000076293945,0.0
KALV,2019-12-04 19:00:00-05:00,15.100000381469727,15.100000381469727,13.960000038146973,14.119999885559082,156500,14.119999885559082,0.0
KALV,2019-12-05 19:00:00-05:00,14.289999961853027,14.420000076293945,13.989999771118164,14.329999923706055,87100,14.329999923706055,0.0
KALV,2019-12-08 19:00:00-05:00,11.75,15.760000228881836,11.699999809265137,15.270000457763672,832500,15.270000457763672,0.0
KALV,2019-12-09 19:00:00-05:00,14.989999771118164,15.239999771118164,14.3100004196167,15.010000228881836,187800,15.010000228881836,0.0
KALV,2019-12-10 19:00:00-05:00,15.029999732971191,15.979999542236328,14.9399995803833,15.449999809265137,414200,15.449999809265137,0.0
KALV,2019-12-11 19:00:00-05:00,15.489999771118164,17.040000915527344,15.399999618530273,16.860000610351562,197600,16.860000610351562,0.0
KALV,2019-12-12 19:00:00-05:00,17.1299991607666,17.149999618530273,16.34000015258789,16.93000030517578,79800,16.93000030517578,0.0
KALV,2019-12-15 19:00:00-05:00,17.049999237060547,17.211999893188477,16.559999465942383,16.719999313354492,160100,16.719999313354492,0.0
KALV,2019-12-16 19:00:00-05:00,16.639999389648438,16.756000518798828,15.75,16.260000228881836,67900,16.260000228881836,0.0
KALV,2019-12-17 19:00:00-05:00,16.290000915527344,16.540000915527344,15.979999542236328,16.280000686645508,63600,16.280000686645508,0.0
KALV,2019-12-18 19:00:00-05:00,16.31999969482422,16.8799991607666,16.149999618530273,16.809999465942383,99000,16.809999465942383,0.0
KALV,2019-12-19 19:00:00-05:00,16.8700008392334,17.68000030517578,16.510000228881836,17.329999923706055,237700,17.329999923706055,0.0
KALV,2019-12-22 19:00:00-05:00,17.299999237060547,17.674999237060547,17.0,17.415000915527344,71700,17.415000915527344,0.0
KALV,2019-12-23 19:00:00-05:00,17.469999313354492,17.920000076293945,17.329999923706055,17.65999984741211,69900,17.65999984741211,0.0
KALV,2019-12-25 19:00:00-05:00,17.56999969482422,18.0,17.450000762939453,17.59000015258789,51200,17.59000015258789,0.0
KALV,2019-12-26 19:00:00-05:00,17.540000915527344,17.540000915527344,16.229999542236328,16.389999389648438,69700,16.389999389648438,0.0
KALV,2019-12-29 19:00:00-05:00,16.299999237060547,16.299999237060547,15.600000381469727,16.1200008392334,91400,16.1200008392334,0.0
KALV,2019-12-30 19:00:00-05:00,16.18000030517578,18.399999618530273,16.18000030517578,17.809999465942383,207400,17.809999465942383,0.0
KALV,2020-01-01 19:00:00-05:00,18.170000076293945,18.610000610351562,17.145000457763672,18.079999923706055,168200,18.079999923706055,0.0
KALV,2020-01-02 19:00:00-05:00,17.81999969482422,18.229999542236328,17.149999618530273,17.229999542236328,78700,17.229999542236328,0.0
KALV,2020-01-05 19:00:00-05:00,17.110000610351562,17.15999984741211,16.719999313354492,17.040000915527344,104500,17.040000915527344,0.0
KALV,2020-01-06 19:00:00-05:00,17.079999923706055,17.15999984741211,16.40999984741211,16.700000762939453,74900,16.700000762939453,0.0
KALV,2020-01-07 19:00:00-05:00,16.719999313354492,16.790000915527344,15.579999923706055,16.389999389648438,174200,16.389999389648438,0.0
KALV,2020-01-08 19:00:00-05:00,16.5,16.510000228881836,15.720000267028809,15.770000457763672,217300,15.770000457763672,0.0
KALV,2020-01-09 19:00:00-05:00,15.859999656677246,15.944999694824219,15.130000114440918,15.3100004196167,208200,15.3100004196167,0.0
KALV,2020-01-12 19:00:00-05:00,15.399999618530273,15.630000114440918,14.795000076293945,15.539999961853027,136300,15.539999961853027,0.0
KALV,2020-01-13 19:00:00-05:00,15.460000038146973,16.059999465942383,15.260000228881836,16.010000228881836,139900,16.010000228881836,0.0
KALV,2020-01-14 19:00:00-05:00,16.06999969482422,17.229999542236328,16.06999969482422,16.979999542236328,87900,16.979999542236328,0.0
KALV,2020-01-15 19:00:00-05:00,17.1200008392334,18.1299991607666,17.1200008392334,17.75,93100,17.75,0.0
KALV,2020-01-16 19:00:00-05:00,17.889999389648438,18.729999542236328,17.739999771118164,18.559999465942383,109700,18.559999465942383,0.0
KALV,2020-01-20 19:00:00-05:00,18.520000457763672,18.959999084472656,17.8799991607666,18.030000686645508,160300,18.030000686645508,0.0
KALV,2020-01-21 19:00:00-05:00,18.040000915527344,18.149999618530273,17.687999725341797,18.09000015258789,124100,18.09000015258789,0.0
KALV,2020-01-22 19:00:00-05:00,17.860000610351562,18.149999618530273,17.40999984741211,18.06999969482422,60500,18.06999969482422,0.0
KALV,2020-01-23 19:00:00-05:00,18.110000610351562,18.149999618530273,16.989999771118164,17.079999923706055,103800,17.079999923706055,0.0
KALV,2020-01-26 19:00:00-05:00,16.68000030517578,16.950000762939453,16.479999542236328,16.559999465942383,42300,16.559999465942383,0.0
KALV,2020-01-27 19:00:00-05:00,16.56999969482422,16.799999237060547,16.229999542236328,16.459999084472656,52500,16.459999084472656,0.0
KALV,2020-01-28 19:00:00-05:00,16.559999465942383,16.559999465942383,16.1299991607666,16.170000076293945,54100,16.170000076293945,0.0
KALV,2020-01-29 19:00:00-05:00,15.970000267028809,16.010000228881836,13.354999542236328,15.369999885559082,144400,15.369999885559082,0.0
KALV,2020-01-30 19:00:00-05:00,15.300000190734863,15.829999923706055,14.880000114440918,15.300000190734863,54000,15.300000190734863,0.0
KALV,2020-02-02 19:00:00-05:00,15.430000305175781,16.0,15.010000228881836,15.890000343322754,125100,15.890000343322754,0.0
KALV,2020-02-03 19:00:00-05:00,16.1299991607666,16.80500030517578,15.90999984741211,16.389999389648438,90600,16.389999389648438,0.0
KALV,2020-02-04 19:00:00-05:00,16.389999389648438,17.219999313354492,16.280000686645508,16.469999313354492,90000,16.469999313354492,0.0
KALV,2020-02-05 19:00:00-05:00,16.559999465942383,16.559999465942383,15.729999542236328,15.920000076293945,88400,15.920000076293945,0.0
KALV,2020-02-06 19:00:00-05:00,15.880000114440918,15.890000343322754,15.3100004196167,15.550000190734863,48400,15.550000190734863,0.0
KALV,2020-02-09 19:00:00-05:00,15.5600004196167,16.079999923706055,15.539999961853027,15.670000076293945,51700,15.670000076293945,0.0
KALV,2020-02-10 19:00:00-05:00,15.479999542236328,15.619999885559082,14.069999694824219,15.229999542236328,89700,15.229999542236328,0.0
KALV,2020-02-11 19:00:00-05:00,15.319999694824219,16.594999313354492,15.319999694824219,15.789999961853027,121700,15.789999961853027,0.0
KALV,2020-02-12 19:00:00-05:00,15.710000038146973,15.710000038146973,14.789999961853027,15.020000457763672,212700,15.020000457763672,0.0
KALV,2020-02-13 19:00:00-05:00,14.9399995803833,15.170000076293945,14.744999885559082,15.119999885559082,56900,15.119999885559082,0.0
KALV,2020-02-17 19:00:00-05:00,15.069999694824219,15.430000305175781,14.819999694824219,15.119999885559082,44000,15.119999885559082,0.0
KALV,2020-02-18 19:00:00-05:00,15.210000038146973,15.53499984741211,14.510000228881836,14.539999961853027,53200,14.539999961853027,0.0
KALV,2020-02-19 19:00:00-05:00,14.40999984741211,14.8100004196167,13.920000076293945,14.149999618530273,49000,14.149999618530273,0.0
KALV,2020-02-20 19:00:00-05:00,14.130000114440918,14.180000305175781,13.84000015258789,13.960000038146973,43300,13.960000038146973,0.0
KALV,2020-02-23 19:00:00-05:00,13.460000038146973,13.5600004196167,12.925000190734863,13.289999961853027,47300,13.289999961853027,0.0
KALV,2020-02-24 19:00:00-05:00,13.359999656677246,13.619999885559082,13.15999984741211,13.350000381469727,66700,13.350000381469727,0.0
KALV,2020-02-25 19:00:00-05:00,13.470000267028809,13.779999732971191,13.300000190734863,13.760000228881836,233300,13.760000228881836,0.0
KALV,2020-02-26 19:00:00-05:00,13.4399995803833,14.5,13.210000038146973,13.380000114440918,134800,13.380000114440918,0.0
KALV,2020-02-27 19:00:00-05:00,12.9399995803833,13.8100004196167,12.9399995803833,13.449999809265137,164800,13.449999809265137,0.0
KALV,2020-03-01 19:00:00-05:00,13.640000343322754,14.329999923706055,13.428000450134277,14.329999923706055,533400,14.329999923706055,0.0
KALV,2020-03-02 19:00:00-05:00,14.609999656677246,14.8100004196167,14.0,14.260000228881836,133800,14.260000228881836,0.0
KALV,2020-03-03 19:00:00-05:00,14.550000190734863,14.850000381469727,13.880000114440918,14.199999809265137,126800,14.199999809265137,0.0
KALV,2020-03-04 19:00:00-05:00,13.890000343322754,14.40999984741211,13.008000373840332,13.520000457763672,227500,13.520000457763672,0.0
KALV,2020-03-05 19:00:00-05:00,13.100000381469727,13.5,12.300000190734863,13.289999961853027,204000,13.289999961853027,0.0
KALV,2020-03-08 20:00:00-04:00,12.5600004196167,12.649999618530273,11.9350004196167,12.020000457763672,103800,12.020000457763672,0.0
KALV,2020-03-09 20:00:00-04:00,12.069999694824219,12.069999694824219,10.300000190734863,10.399999618530273,250400,10.399999618530273,0.0
KALV,2020-03-10 20:00:00-04:00,10.25,10.270000457763672,8.720000267028809,8.859999656677246,260900,8.859999656677246,0.0
KALV,2020-03-11 20:00:00-04:00,8.34000015258789,9.329999923706055,7.545000076293945,7.829999923706055,149000,7.829999923706055,0.0
KALV,2020-03-12 20:00:00-04:00,8.210000038146973,8.210000038146973,6.920000076293945,7.070000171661377,330600,7.070000171661377,0.0
KALV,2020-03-15 20:00:00-04:00,6.550000190734863,7.559999942779541,6.550000190734863,7.21999979019165,193000,7.21999979019165,0.0
KALV,2020-03-16 20:00:00-04:00,7.360000133514404,7.639999866485596,6.579999923706055,7.539999961853027,177200,7.539999961853027,0.0
KALV,2020-03-17 20:00:00-04:00,7.199999809265137,7.539999961853027,5.605000019073486,5.800000190734863,225900,5.800000190734863,0.0
KALV,2020-03-18 20:00:00-04:00,5.739999771118164,6.579999923706055,5.639999866485596,6.579999923706055,191300,6.579999923706055,0.0
KALV,2020-03-19 20:00:00-04:00,6.489999771118164,7.144999980926514,5.630000114440918,6.849999904632568,203200,6.849999904632568,0.0
KALV,2020-03-22 20:00:00-04:00,7.050000190734863,7.445000171661377,6.53000020980835,7.059999942779541,164800,7.059999942779541,0.0
KALV,2020-03-23 20:00:00-04:00,7.389999866485596,7.820000171661377,7.139999866485596,7.679999828338623,170300,7.679999828338623,0.0
KALV,2020-03-24 20:00:00-04:00,7.699999809265137,8.0,6.909999847412109,7.289999961853027,156100,7.289999961853027,0.0
KALV,2020-03-25 20:00:00-04:00,7.329999923706055,7.78000020980835,7.210000038146973,7.690000057220459,336900,7.690000057220459,0.0
KALV,2020-03-26 20:00:00-04:00,7.570000171661377,7.75,7.269999980926514,7.28000020980835,148500,7.28000020980835,0.0
KALV,2020-03-29 20:00:00-04:00,7.340000152587891,7.929999828338623,7.340000152587891,7.550000190734863,118200,7.550000190734863,0.0
KALV,2020-03-30 20:00:00-04:00,7.539999961853027,7.75,7.400000095367432,7.650000095367432,184600,7.650000095367432,0.0
KALV,2020-03-31 20:00:00-04:00,7.480000019073486,7.639999866485596,6.309999942779541,6.75,128900,6.75,0.0
KALV,2020-04-01 20:00:00-04:00,7.039999961853027,7.590000152587891,6.840000152587891,7.429999828338623,97800,7.429999828338623,0.0
KALV,2020-04-02 20:00:00-04:00,7.400000095367432,7.690000057220459,6.860000133514404,7.590000152587891,125300,7.590000152587891,0.0
KALV,2020-04-05 20:00:00-04:00,7.789999961853027,7.869999885559082,7.260000228881836,7.550000190734863,235600,7.550000190734863,0.0
KALV,2020-04-06 20:00:00-04:00,7.670000076293945,8.005000114440918,7.519999980926514,7.710000038146973,234600,7.710000038146973,0.0
KALV,2020-04-07 20:00:00-04:00,7.820000171661377,8.850000381469727,7.820000171661377,8.770000457763672,153400,8.770000457763672,0.0
KALV,2020-04-08 20:00:00-04:00,9.010000228881836,9.670000076293945,8.859999656677246,9.510000228881836,182700,9.510000228881836,0.0
KALV,2020-04-12 20:00:00-04:00,9.430000305175781,9.760000228881836,9.0600004196167,9.300000190734863,110500,9.300000190734863,0.0
KALV,2020-04-13 20:00:00-04:00,9.510000228881836,10.350000381469727,9.510000228881836,10.300000190734863,179400,10.300000190734863,0.0
KALV,2020-04-14 20:00:00-04:00,9.979999542236328,10.979999542236328,9.279999732971191,9.979999542236328,135600,9.979999542236328,0.0
KALV,2020-04-15 20:00:00-04:00,9.9399995803833,10.40999984741211,9.640000343322754,10.069999694824219,128900,10.069999694824219,0.0
KALV,2020-04-16 20:00:00-04:00,10.300000190734863,11.199999809265137,10.204999923706055,11.109999656677246,89400,11.109999656677246,0.0
KALV,2020-04-19 20:00:00-04:00,10.859999656677246,11.460000038146973,10.859999656677246,11.199999809265137,111500,11.199999809265137,0.0
KALV,2020-04-20 20:00:00-04:00,10.859999656677246,11.130000114440918,10.539999961853027,10.90999984741211,82400,10.90999984741211,0.0
KALV,2020-04-21 20:00:00-04:00,11.329999923706055,11.569999694824219,10.914999961853027,11.239999771118164,76900,11.239999771118164,0.0
KALV,2020-04-22 20:00:00-04:00,11.1899995803833,11.454000473022461,10.020000457763672,10.1899995803833,69800,10.1899995803833,0.0
KALV,2020-04-23 20:00:00-04:00,10.229999542236328,11.229999542236328,10.229999542236328,11.140000343322754,66800,11.140000343322754,0.0
KALV,2020-04-26 20:00:00-04:00,11.260000228881836,11.329999923706055,10.770000457763672,10.90999984741211,83900,10.90999984741211,0.0
KALV,2020-04-27 20:00:00-04:00,11.229999542236328,11.40999984741211,10.899999618530273,11.09000015258789,63400,11.09000015258789,0.0
KALV,2020-04-28 20:00:00-04:00,11.5600004196167,12.140000343322754,11.130000114440918,11.819999694824219,72900,11.819999694824219,0.0
KALV,2020-04-29 20:00:00-04:00,11.539999961853027,11.699999809265137,10.829999923706055,10.90999984741211,79500,10.90999984741211,0.0
KALV,2020-04-30 20:00:00-04:00,10.5,10.970000267028809,9.770000457763672,10.729999542236328,109900,10.729999542236328,0.0
KALV,2020-05-03 20:00:00-04:00,10.680000305175781,11.795000076293945,10.380000114440918,10.930000305175781,100800,10.930000305175781,0.0
KALV,2020-05-04 20:00:00-04:00,11.170000076293945,11.390000343322754,10.630000114440918,10.729999542236328,104700,10.729999542236328,0.0
KALV,2020-05-05 20:00:00-04:00,10.649999618530273,10.75,10.220000267028809,10.260000228881836,76700,10.260000228881836,0.0
KALV,2020-05-06 20:00:00-04:00,10.699999809265137,10.699999809265137,9.970000267028809,10.010000228881836,74000,10.010000228881836,0.0
KALV,2020-05-07 20:00:00-04:00,10.119999885559082,10.369999885559082,10.010000228881836,10.119999885559082,82400,10.119999885559082,0.0
KALV,2020-05-10 20:00:00-04:00,10.029999732971191,10.899999618530273,9.949999809265137,10.479999542236328,110900,10.479999542236328,0.0
KALV,2020-05-11 20:00:00-04:00,10.630000114440918,10.635000228881836,9.84000015258789,9.949999809265137,118500,9.949999809265137,0.0
KALV,2020-05-12 20:00:00-04:00,9.9399995803833,10.430000305175781,9.029999732971191,10.34000015258789,102800,10.34000015258789,0.0
KALV,2020-05-13 20:00:00-04:00,10.010000228881836,10.180000305175781,9.3149995803833,9.6899995803833,75200,9.6899995803833,0.0
KALV,2020-05-14 20:00:00-04:00,9.640000343322754,10.3100004196167,9.420000076293945,10.149999618530273,61400,10.149999618530273,0.0
KALV,2020-05-17 20:00:00-04:00,10.489999771118164,13.164999961853027,10.329999923706055,12.850000381469727,434100,12.850000381469727,0.0
KALV,2020-05-18 20:00:00-04:00,12.529999732971191,12.529999732971191,11.34000015258789,11.34000015258789,157500,11.34000015258789,0.0
KALV,2020-05-19 20:00:00-04:00,11.510000228881836,12.428999900817871,10.954999923706055,11.520000457763672,67200,11.520000457763672,0.0
KALV,2020-05-20 20:00:00-04:00,11.420000076293945,11.6899995803833,11.095000267028809,11.369999885559082,90800,11.369999885559082,0.0
KALV,2020-05-21 20:00:00-04:00,11.4399995803833,11.550000190734863,11.0,11.34000015258789,77700,11.34000015258789,0.0
KALV,2020-05-25 20:00:00-04:00,11.630000114440918,11.8100004196167,11.210000038146973,11.329999923706055,130600,11.329999923706055,0.0
KALV,2020-05-26 20:00:00-04:00,11.630000114440918,11.630000114440918,10.579999923706055,11.380000114440918,43800,11.380000114440918,0.0
KALV,2020-05-27 20:00:00-04:00,11.59000015258789,11.75,10.829999923706055,10.859999656677246,43300,10.859999656677246,0.0
KALV,2020-05-28 20:00:00-04:00,10.789999961853027,11.399999618530273,10.710000038146973,11.25,65500,11.25,0.0
KALV,2020-05-31 20:00:00-04:00,11.300000190734863,11.654999732971191,10.890000343322754,10.890000343322754,83800,10.890000343322754,0.0
KALV,2020-06-01 20:00:00-04:00,10.869999885559082,11.229999542236328,10.748000144958496,11.09000015258789,49200,11.09000015258789,0.0
KALV,2020-06-02 20:00:00-04:00,11.350000381469727,11.835000038146973,11.295000076293945,11.600000381469727,38600,11.600000381469727,0.0
KALV,2020-06-03 20:00:00-04:00,11.420000076293945,11.885000228881836,11.300000190734863,11.699999809265137,34600,11.699999809265137,0.0
KALV,2020-06-04 20:00:00-04:00,12.069999694824219,12.600000381469727,11.5600004196167,11.710000038146973,71300,11.710000038146973,0.0
KALV,2020-06-07 20:00:00-04:00,12.039999961853027,12.039999961853027,11.609999656677246,11.720000267028809,69700,11.720000267028809,0.0
KALV,2020-06-08 20:00:00-04:00,11.640000343322754,12.0,11.5,11.59000015258789,41400,11.59000015258789,0.0
KALV,2020-06-09 20:00:00-04:00,11.609999656677246,11.699999809265137,10.9399995803833,11.390000343322754,65500,11.390000343322754,0.0
KALV,2020-06-10 20:00:00-04:00,10.979999542236328,11.069999694824219,9.960000038146973,10.119999885559082,94000,10.119999885559082,0.0
KALV,2020-06-11 20:00:00-04:00,10.59000015258789,11.222000122070312,10.0,10.40999984741211,140600,10.40999984741211,0.0
KALV,2020-06-14 20:00:00-04:00,11.4399995803833,11.4399995803833,10.350000381469727,10.399999618530273,330400,10.399999618530273,0.0
KALV,2020-06-15 20:00:00-04:00,10.550000190734863,10.5600004196167,10.079999923706055,10.199999809265137,181100,10.199999809265137,0.0
KALV,2020-06-16 20:00:00-04:00,10.020000457763672,10.34000015258789,9.800000190734863,9.84000015258789,285700,9.84000015258789,0.0
KALV,2020-06-17 20:00:00-04:00,9.789999961853027,10.289999961853027,9.625,10.149999618530273,611700,10.149999618530273,0.0
KALV,2020-06-18 20:00:00-04:00,10.390000343322754,11.279999732971191,10.319999694824219,10.930000305175781,513200,10.930000305175781,0.0
KALV,2020-06-21 20:00:00-04:00,11.0,11.229999542236328,10.869999885559082,10.890000343322754,162600,10.890000343322754,0.0
KALV,2020-06-22 20:00:00-04:00,11.109999656677246,13.640000343322754,11.109999656677246,12.895000457763672,408800,12.895000457763672,0.0
KALV,2020-06-23 20:00:00-04:00,12.630000114440918,12.989999771118164,11.229999542236328,11.270000457763672,154700,11.270000457763672,0.0
KALV,2020-06-24 20:00:00-04:00,11.199999809265137,12.039999961853027,11.149999618530273,11.8100004196167,82300,11.8100004196167,0.0
KALV,2020-06-25 20:00:00-04:00,11.619999885559082,12.680000305175781,11.619999885559082,12.449999809265137,520800,12.449999809265137,0.0
KALV,2020-06-28 20:00:00-04:00,12.6899995803833,12.720000267028809,12.1899995803833,12.65999984741211,121300,12.65999984741211,0.0
KALV,2020-06-29 20:00:00-04:00,12.5600004196167,12.880000114440918,11.529999732971191,12.100000381469727,180600,12.100000381469727,0.0
KALV,2020-06-30 20:00:00-04:00,12.59000015258789,12.59000015258789,11.90999984741211,12.119999885559082,146600,12.119999885559082,0.0
KALV,2020-07-01 20:00:00-04:00,12.449999809265137,13.109999656677246,12.130000114440918,12.970000267028809,175200,12.970000267028809,0.0
KALV,2020-07-05 20:00:00-04:00,13.3100004196167,13.3100004196167,12.149999618530273,12.609999656677246,200500,12.609999656677246,0.0
KALV,2020-07-06 20:00:00-04:00,12.4399995803833,12.899999618530273,11.8100004196167,11.859999656677246,72000,11.859999656677246,0.0
KALV,2020-07-07 20:00:00-04:00,11.859999656677246,12.079999923706055,11.430000305175781,11.760000228881836,66800,11.760000228881836,0.0
KALV,2020-07-08 20:00:00-04:00,11.75,12.1899995803833,11.579999923706055,12.180000305175781,161900,12.180000305175781,0.0
KALV,2020-07-09 20:00:00-04:00,12.109999656677246,12.600000381469727,12.09000015258789,12.3100004196167,71000,12.3100004196167,0.0
KALV,2020-07-12 20:00:00-04:00,12.399999618530273,12.399999618530273,11.390000343322754,11.5,78900,11.5,0.0
KALV,2020-07-13 20:00:00-04:00,11.5,11.630000114440918,11.0600004196167,11.5600004196167,138800,11.5600004196167,0.0
KALV,2020-07-14 20:00:00-04:00,11.850000381469727,12.5649995803833,11.6899995803833,12.390000343322754,117200,12.390000343322754,0.0
KALV,2020-07-15 20:00:00-04:00,12.289999961853027,12.420000076293945,12.130000114440918,12.369999885559082,81500,12.369999885559082,0.0
KALV,2020-07-16 20:00:00-04:00,12.359999656677246,12.609999656677246,12.180000305175781,12.279999732971191,83800,12.279999732971191,0.0
KALV,2020-07-19 20:00:00-04:00,12.15999984741211,12.489999771118164,12.100000381469727,12.430000305175781,52700,12.430000305175781,0.0
KALV,2020-07-20 20:00:00-04:00,12.600000381469727,13.100000381469727,12.369999885559082,12.9399995803833,182700,12.9399995803833,0.0
KALV,2020-07-21 20:00:00-04:00,12.869999885559082,12.869999885559082,12.460000038146973,12.65999984741211,72400,12.65999984741211,0.0
KALV,2020-07-22 20:00:00-04:00,12.619999885559082,13.119999885559082,12.420000076293945,12.539999961853027,75100,12.539999961853027,0.0
KALV,2020-07-23 20:00:00-04:00,12.40999984741211,12.40999984741211,11.6899995803833,11.720000267028809,62900,11.720000267028809,0.0
KALV,2020-07-26 20:00:00-04:00,11.739999771118164,12.050000190734863,11.539999961853027,11.6899995803833,51800,11.6899995803833,0.0
KALV,2020-07-27 20:00:00-04:00,11.630000114440918,11.630000114440918,10.880000114440918,11.0600004196167,110700,11.0600004196167,0.0
KALV,2020-07-28 20:00:00-04:00,11.039999961853027,11.039999961853027,10.039999961853027,10.25,148000,10.25,0.0
KALV,2020-07-29 20:00:00-04:00,10.109999656677246,10.288000106811523,9.899999618530273,10.09000015258789,91200,10.09000015258789,0.0
KALV,2020-07-30 20:00:00-04:00,10.100000381469727,10.100000381469727,9.619999885559082,9.829999923706055,80100,9.829999923706055,0.0
KALV,2020-08-02 20:00:00-04:00,9.890000343322754,11.050000190734863,9.690999984741211,10.9399995803833,293000,10.9399995803833,0.0
KALV,2020-08-03 20:00:00-04:00,10.930000305175781,11.15999984741211,10.279999732971191,11.109999656677246,51400,11.109999656677246,0.0
KALV,2020-08-04 20:00:00-04:00,11.300000190734863,11.949999809265137,11.0,11.279999732971191,41600,11.279999732971191,0.0
KALV,2020-08-05 20:00:00-04:00,11.319999694824219,11.430000305175781,10.34000015258789,11.210000038146973,36000,11.210000038146973,0.0
KALV,2020-08-06 20:00:00-04:00,11.229999542236328,11.649999618530273,11.149999618530273,11.600000381469727,34200,11.600000381469727,0.0
KALV,2020-08-09 20:00:00-04:00,11.600000381469727,11.920000076293945,11.600000381469727,11.770000457763672,54100,11.770000457763672,0.0
KALV,2020-08-10 20:00:00-04:00,11.850000381469727,12.15999984741211,11.270000457763672,11.430000305175781,274300,11.430000305175781,0.0
KALV,2020-08-11 20:00:00-04:00,11.5,12.920000076293945,11.375,12.75,85800,12.75,0.0
KALV,2020-08-12 20:00:00-04:00,12.75,12.925000190734863,11.899999618530273,12.444999694824219,36700,12.444999694824219,0.0
KALV,2020-08-13 20:00:00-04:00,12.260000228881836,12.869999885559082,11.973999977111816,12.699999809265137,30300,12.699999809265137,0.0
KALV,2020-08-16 20:00:00-04:00,12.710000038146973,13.100000381469727,12.545000076293945,13.100000381469727,94200,13.100000381469727,0.0
KALV,2020-08-17 20:00:00-04:00,12.949999809265137,13.630000114440918,12.760000228881836,13.630000114440918,37300,13.630000114440918,0.0
KALV,2020-08-18 20:00:00-04:00,13.5600004196167,13.930000305175781,12.600000381469727,13.470000267028809,56900,13.470000267028809,0.0
KALV,2020-08-19 20:00:00-04:00,13.449999809265137,13.869999885559082,13.449999809265137,13.789999961853027,81700,13.789999961853027,0.0
KALV,2020-08-20 20:00:00-04:00,13.850000381469727,13.925000190734863,13.149999618530273,13.300000190734863,30700,13.300000190734863,0.0
KALV,2020-08-23 20:00:00-04:00,13.4399995803833,13.4399995803833,12.430000305175781,12.729999542236328,29900,12.729999542236328,0.0
KALV,2020-08-24 20:00:00-04:00,12.920000076293945,12.979999542236328,12.65999984741211,12.829999923706055,33900,12.829999923706055,0.0
KALV,2020-08-25 20:00:00-04:00,12.979999542236328,12.989999771118164,12.520000457763672,12.739999771118164,35900,12.739999771118164,0.0
KALV,2020-08-26 20:00:00-04:00,12.930000305175781,12.930000305175781,11.640000343322754,12.770000457763672,31900,12.770000457763672,0.0
KALV,2020-08-27 20:00:00-04:00,12.989999771118164,13.489999771118164,12.649999618530273,13.470000267028809,28800,13.470000267028809,0.0
KALV,2020-08-30 20:00:00-04:00,13.380000114440918,13.4399995803833,12.899999618530273,13.100000381469727,68100,13.100000381469727,0.0
KALV,2020-08-31 20:00:00-04:00,12.970000267028809,13.029999732971191,12.489999771118164,12.640000343322754,25600,12.640000343322754,0.0
KALV,2020-09-01 20:00:00-04:00,12.579999923706055,12.899999618530273,12.100000381469727,12.729999542236328,37500,12.729999542236328,0.0
KALV,2020-09-02 20:00:00-04:00,12.699999809265137,12.699999809265137,12.100000381469727,12.3100004196167,59300,12.3100004196167,0.0
KALV,2020-09-03 20:00:00-04:00,12.529999732971191,13.979999542236328,12.399999618530273,13.050000190734863,101900,13.050000190734863,0.0
KALV,2020-09-07 20:00:00-04:00,13.050000190734863,13.319999694824219,12.510000228881836,13.029999732971191,31200,13.029999732971191,0.0
KALV,2020-09-08 20:00:00-04:00,13.300000190734863,13.989999771118164,12.819999694824219,13.460000038146973,23700,13.460000038146973,0.0
KALV,2020-09-09 20:00:00-04:00,13.614999771118164,14.34000015258789,13.59000015258789,13.84000015258789,39300,13.84000015258789,0.0
KALV,2020-09-10 20:00:00-04:00,14.050000190734863,14.460000038146973,12.649999618530273,13.609999656677246,25200,13.609999656677246,0.0
KALV,2020-09-13 20:00:00-04:00,13.539999961853027,14.069999694824219,13.34000015258789,13.989999771118164,44900,13.989999771118164,0.0
KALV,2020-09-14 20:00:00-04:00,13.920000076293945,14.1899995803833,13.779999732971191,13.880000114440918,49300,13.880000114440918,0.0
KALV,2020-09-15 20:00:00-04:00,13.899999618530273,14.149999618530273,13.359999656677246,13.399999618530273,40400,13.399999618530273,0.0
KALV,2020-09-16 20:00:00-04:00,13.350000381469727,13.65999984741211,12.539999961853027,13.390000343322754,22200,13.390000343322754,0.0
KALV,2020-09-17 20:00:00-04:00,13.600000381469727,13.899999618530273,13.350000381469727,13.789999961853027,62900,13.789999961853027,0.0
KALV,2020-09-20 20:00:00-04:00,13.600000381469727,13.899999618530273,12.5600004196167,13.279999732971191,120200,13.279999732971191,0.0
KALV,2020-09-21 20:00:00-04:00,13.789999961853027,13.789999961853027,12.680000305175781,13.470000267028809,47500,13.470000267028809,0.0
KALV,2020-09-22 20:00:00-04:00,13.399999618530273,13.670000076293945,13.119999885559082,13.449999809265137,58600,13.449999809265137,0.0
KALV,2020-09-23 20:00:00-04:00,13.460000038146973,13.460000038146973,12.4399995803833,12.75,43200,12.75,0.0
KALV,2020-09-24 20:00:00-04:00,12.739999771118164,12.9399995803833,12.569999694824219,12.890000343322754,31600,12.890000343322754,0.0
KALV,2020-09-27 20:00:00-04:00,12.949999809265137,13.09000015258789,12.75,12.819999694824219,19500,12.819999694824219,0.0
KALV,2020-09-28 20:00:00-04:00,12.4399995803833,13.15999984741211,12.4399995803833,12.630000114440918,20600,12.630000114440918,0.0
KALV,2020-09-29 20:00:00-04:00,12.640000343322754,13.130000114440918,12.020000457763672,12.59000015258789,40700,12.59000015258789,0.0
KALV,2020-09-30 20:00:00-04:00,12.800000190734863,12.979999542236328,12.430000305175781,12.880000114440918,68400,12.880000114440918,0.0
KALV,2020-10-01 20:00:00-04:00,12.680000305175781,13.180000305175781,12.010000228881836,12.970000267028809,30700,12.970000267028809,0.0
KALV,2020-10-04 20:00:00-04:00,12.359999656677246,13.899999618530273,12.359999656677246,13.819999694824219,28800,13.819999694824219,0.0
KALV,2020-10-05 20:00:00-04:00,13.920000076293945,14.09000015258789,12.479999542236328,13.84000015258789,33300,13.84000015258789,0.0
KALV,2020-10-06 20:00:00-04:00,14.09000015258789,14.289999961853027,14.039999961853027,14.229999542236328,35600,14.229999542236328,0.0
KALV,2020-10-07 20:00:00-04:00,14.479999542236328,14.479999542236328,13.979999542236328,14.020000457763672,36200,14.020000457763672,0.0
KALV,2020-10-08 20:00:00-04:00,14.0600004196167,14.227999687194824,13.0649995803833,13.510000228881836,55600,13.510000228881836,0.0
KALV,2020-10-11 20:00:00-04:00,12.880000114440918,13.760000228881836,12.880000114440918,13.300000190734863,60900,13.300000190734863,0.0
KALV,2020-10-12 20:00:00-04:00,13.119999885559082,14.270000457763672,12.829999923706055,13.8100004196167,86400,13.8100004196167,0.0
KALV,2020-10-13 20:00:00-04:00,13.8100004196167,15.739999771118164,13.755000114440918,14.949999809265137,70700,14.949999809265137,0.0
KALV,2020-10-14 20:00:00-04:00,15.170000076293945,16.049999237060547,14.710000038146973,15.369999885559082,107700,15.369999885559082,0.0
KALV,2020-10-15 20:00:00-04:00,15.220000267028809,17.040000915527344,15.111000061035156,16.209999084472656,144800,16.209999084472656,0.0
KALV,2020-10-18 20:00:00-04:00,16.510000228881836,16.510000228881836,15.15999984741211,15.390000343322754,34500,15.390000343322754,0.0
KALV,2020-10-19 20:00:00-04:00,15.640000343322754,18.15999984741211,14.670000076293945,16.950000762939453,310100,16.950000762939453,0.0
KALV,2020-10-20 20:00:00-04:00,17.31999969482422,19.40999984741211,15.680000305175781,15.989999771118164,346000,15.989999771118164,0.0
KALV,2020-10-21 20:00:00-04:00,16.1200008392334,17.149999618530273,15.130000114440918,15.770000457763672,58400,15.770000457763672,0.0
KALV,2020-10-22 20:00:00-04:00,15.640000343322754,15.800000190734863,14.850000381469727,15.239999771118164,76200,15.239999771118164,0.0
KALV,2020-10-25 20:00:00-04:00,15.010000228881836,15.390000343322754,14.90999984741211,15.300000190734863,22800,15.300000190734863,0.0
KALV,2020-10-26 20:00:00-04:00,15.319999694824219,15.954999923706055,15.319999694824219,15.770000457763672,52200,15.770000457763672,0.0
KALV,2020-10-27 20:00:00-04:00,15.420000076293945,17.0,14.460000038146973,16.020000457763672,80800,16.020000457763672,0.0
KALV,2020-10-28 20:00:00-04:00,15.760000228881836,18.591999053955078,15.510000228881836,17.219999313354492,344400,17.219999313354492,0.0
KALV,2020-10-29 20:00:00-04:00,17.190000534057617,17.520000457763672,15.550000190734863,17.209999084472656,252100,17.209999084472656,0.0
KALV,2020-11-01 19:00:00-05:00,17.260000228881836,17.3799991607666,15.755000114440918,16.860000610351562,147600,16.860000610351562,0.0
KALV,2020-11-02 19:00:00-05:00,17.229999542236328,17.75,16.399999618530273,16.969999313354492,198100,16.969999313354492,0.0
KALV,2020-11-03 19:00:00-05:00,18.290000915527344,18.625,17.520000457763672,18.079999923706055,169100,18.079999923706055,0.0
KALV,2020-11-04 19:00:00-05:00,18.06999969482422,18.489999771118164,16.93000030517578,17.09000015258789,104500,17.09000015258789,0.0
KALV,2020-11-05 19:00:00-05:00,17.1299991607666,17.81999969482422,16.424999237060547,17.020000457763672,98100,17.020000457763672,0.0
KALV,2020-11-08 19:00:00-05:00,17.829999923706055,20.010000228881836,17.100000381469727,18.239999771118164,254600,18.239999771118164,0.0
KALV,2020-11-09 19:00:00-05:00,18.149999618530273,18.7450008392334,17.59000015258789,18.06999969482422,103600,18.06999969482422,0.0
KALV,2020-11-10 19:00:00-05:00,18.309999465942383,19.979999542236328,16.719999313354492,19.079999923706055,199700,19.079999923706055,0.0
KALV,2020-11-11 19:00:00-05:00,18.989999771118164,19.5,18.200000762939453,18.899999618530273,84000,18.899999618530273,0.0
KALV,2020-11-12 19:00:00-05:00,18.579999923706055,19.229999542236328,18.579999923706055,18.799999237060547,57700,18.799999237060547,0.0
KALV,2020-11-15 19:00:00-05:00,19.149999618530273,19.75,18.079999923706055,18.84000015258789,125500,18.84000015258789,0.0
KALV,2020-11-16 19:00:00-05:00,18.979999542236328,19.690000534057617,18.979999542236328,19.399999618530273,91800,19.399999618530273,0.0
KALV,2020-11-17 19:00:00-05:00,19.350000381469727,19.8799991607666,17.700000762939453,17.969999313354492,105500,17.969999313354492,0.0
KALV,2020-11-18 19:00:00-05:00,18.0,19.219999313354492,18.0,18.520000457763672,67400,18.520000457763672,0.0
KALV,2020-11-19 19:00:00-05:00,18.290000915527344,19.0,18.290000915527344,18.739999771118164,50300,18.739999771118164,0.0
KALV,2020-11-22 19:00:00-05:00,18.790000915527344,19.014999389648438,18.149999618530273,18.25,77100,18.25,0.0
KALV,2020-11-23 19:00:00-05:00,18.329999923706055,19.190000534057617,18.18000030517578,18.670000076293945,139000,18.670000076293945,0.0
KALV,2020-11-24 19:00:00-05:00,18.579999923706055,19.0,18.260000228881836,18.610000610351562,59300,18.610000610351562,0.0
KALV,2020-11-26 19:00:00-05:00,18.65999984741211,19.600000381469727,18.649999618530273,19.469999313354492,42100,19.469999313354492,0.0
KALV,2020-11-29 19:00:00-05:00,19.6200008392334,19.81999969482422,18.639999389648438,18.709999084472656,73000,18.709999084472656,0.0
KALV,2020-11-30 19:00:00-05:00,18.969999313354492,19.4950008392334,18.950000762939453,19.260000228881836,76700,19.260000228881836,0.0
KALV,2020-12-01 19:00:00-05:00,19.110000610351562,19.139999389648438,18.270000457763672,18.43000030517578,40300,18.43000030517578,0.0
KALV,2020-12-02 19:00:00-05:00,18.469999313354492,19.059999465942383,18.299999237060547,18.530000686645508,37000,18.530000686645508,0.0
KALV,2020-12-03 19:00:00-05:00,19.0,19.81999969482422,18.405000686645508,19.25,76100,19.25,0.0
KALV,2020-12-06 19:00:00-05:00,19.40999984741211,19.55500030517578,19.100000381469727,19.280000686645508,23400,19.280000686645508,0.0
KALV,2020-12-07 19:00:00-05:00,19.329999923706055,19.875,18.030000686645508,18.610000610351562,122000,18.610000610351562,0.0
KALV,2020-12-08 19:00:00-05:00,18.780000686645508,18.899999618530273,17.690000534057617,17.899999618530273,112300,17.899999618530273,0.0
KALV,2020-12-09 19:00:00-05:00,18.190000534057617,18.190000534057617,17.0,17.530000686645508,85000,17.530000686645508,0.0
KALV,2020-12-10 19:00:00-05:00,17.540000915527344,19.25,17.540000915527344,18.829999923706055,188500,18.829999923706055,0.0
KALV,2020-12-13 19:00:00-05:00,18.899999618530273,19.700000762939453,18.690000534057617,18.950000762939453,61700,18.950000762939453,0.0
KALV,2020-12-14 19:00:00-05:00,19.270000457763672,19.433000564575195,18.510000228881836,18.81999969482422,61700,18.81999969482422,0.0
KALV,2020-12-15 19:00:00-05:00,18.719999313354492,19.440000534057617,18.128000259399414,18.649999618530273,48500,18.649999618530273,0.0
KALV,2020-12-16 19:00:00-05:00,18.94700050354004,19.1200008392334,18.5,18.90999984741211,69800,18.90999984741211,0.0
KALV,2020-12-17 19:00:00-05:00,19.1299991607666,19.25,17.3700008392334,17.700000762939453,400400,17.700000762939453,0.0
KALV,2020-12-20 19:00:00-05:00,17.530000686645508,19.079999923706055,17.277000427246094,18.100000381469727,135500,18.100000381469727,0.0
KALV,2020-12-21 19:00:00-05:00,17.979999542236328,18.170000076293945,17.260000228881836,17.350000381469727,97400,17.350000381469727,0.0
KALV,2020-12-22 19:00:00-05:00,17.350000381469727,18.100000381469727,16.799999237060547,17.600000381469727,101000,17.600000381469727,0.0
KALV,2020-12-23 19:00:00-05:00,17.600000381469727,18.040000915527344,17.299999237060547,17.520000457763672,49000,17.520000457763672,0.0
KALV,2020-12-27 19:00:00-05:00,17.549999237060547,17.573999404907227,16.440000534057617,16.780000686645508,107400,16.780000686645508,0.0
KALV,2020-12-28 19:00:00-05:00,16.8799991607666,17.1299991607666,15.460000038146973,15.640000343322754,121700,15.640000343322754,0.0
KALV,2020-12-29 19:00:00-05:00,15.640000343322754,20.21299934387207,15.640000343322754,18.889999389648438,377300,18.889999389648438,0.0
KALV,2020-12-30 19:00:00-05:00,18.3700008392334,19.219999313354492,17.559999465942383,18.989999771118164,111800,18.989999771118164,0.0
KALV,2021-01-03 19:00:00-05:00,18.93000030517578,19.360000610351562,17.709999084472656,18.079999923706055,143200,18.079999923706055,0.0
KALV,2021-01-04 19:00:00-05:00,18.079999923706055,18.489999771118164,16.780000686645508,16.969999313354492,120400,16.969999313354492,0.0
KALV,2021-01-05 19:00:00-05:00,17.040000915527344,18.280000686645508,17.040000915527344,17.219999313354492,93300,17.219999313354492,0.0
KALV,2021-01-06 19:00:00-05:00,16.665000915527344,17.860000610351562,16.665000915527344,17.690000534057617,101900,17.690000534057617,0.0
KALV,2021-01-07 19:00:00-05:00,17.75,18.20400047302246,16.309999465942383,16.639999389648438,172900,16.639999389648438,0.0
KALV,2021-01-10 19:00:00-05:00,17.094999313354492,17.094999313354492,15.869999885559082,16.270000457763672,134300,16.270000457763672,0.0
KALV,2021-01-11 19:00:00-05:00,16.350000381469727,17.299999237060547,15.930000305175781,16.209999084472656,99600,16.209999084472656,0.0
KALV,2021-01-12 19:00:00-05:00,16.299999237060547,16.75,15.3100004196167,16.40999984741211,150900,16.40999984741211,0.0
KALV,2021-01-13 19:00:00-05:00,16.309999465942383,17.780000686645508,16.309999465942383,17.18000030517578,225400,17.18000030517578,0.0
KALV,2021-01-14 19:00:00-05:00,17.0,18.440000534057617,16.690000534057617,17.389999389648438,171600,17.389999389648438,0.0
KALV,2021-01-18 19:00:00-05:00,17.670000076293945,17.8700008392334,16.260000228881836,16.979999542236328,147800,16.979999542236328,0.0
KALV,2021-01-19 19:00:00-05:00,17.200000762939453,18.18000030517578,16.06999969482422,16.239999771118164,144000,16.239999771118164,0.0
KALV,2021-01-20 19:00:00-05:00,16.700000762939453,17.059999465942383,15.479999542236328,15.930000305175781,85400,15.930000305175781,0.0
KALV,2021-01-21 19:00:00-05:00,15.6899995803833,16.350000381469727,15.430000305175781,16.1299991607666,102100,16.1299991607666,0.0
KALV,2021-01-24 19:00:00-05:00,16.049999237060547,16.610000610351562,15.789999961853027,16.440000534057617,46000,16.440000534057617,0.0
KALV,2021-01-25 19:00:00-05:00,16.989999771118164,17.719999313354492,16.200000762939453,16.350000381469727,106000,16.350000381469727,0.0
KALV,2021-01-26 19:00:00-05:00,16.25,16.25,15.125,15.3100004196167,199600,15.3100004196167,0.0
KALV,2021-01-27 19:00:00-05:00,15.510000228881836,15.9399995803833,15.3100004196167,15.640000343322754,156300,15.640000343322754,0.0
KALV,2021-01-28 19:00:00-05:00,15.630000114440918,15.729999542236328,14.460000038146973,15.199999809265137,136100,15.199999809265137,0.0
KALV,2021-01-31 19:00:00-05:00,15.289999961853027,16.0,14.670000076293945,15.1899995803833,171300,15.1899995803833,0.0
KALV,2021-02-01 19:00:00-05:00,15.380000114440918,15.489999771118164,14.699999809265137,15.119999885559082,132600,15.119999885559082,0.0
KALV,2021-02-02 19:00:00-05:00,15.130000114440918,15.595000267028809,14.699999809265137,15.09000015258789,101900,15.09000015258789,0.0
KALV,2021-02-03 19:00:00-05:00,15.130000114440918,15.218000411987305,14.329999923706055,14.6899995803833,124100,14.6899995803833,0.0
KALV,2021-02-04 19:00:00-05:00,14.729999542236328,15.479999542236328,14.420000076293945,15.210000038146973,163300,15.210000038146973,0.0
KALV,2021-02-07 19:00:00-05:00,15.359999656677246,16.06999969482422,15.25,15.609999656677246,469500,15.609999656677246,0.0
KALV,2021-02-08 19:00:00-05:00,40.529998779296875,45.0,27.530000686645508,33.5,35138300,33.5,0.0
KALV,2021-02-09 19:00:00-05:00,36.88999938964844,40.79999923706055,34.61000061035156,37.459999084472656,4472700,37.459999084472656,0.0
KALV,2021-02-10 19:00:00-05:00,40.900001525878906,42.91999816894531,39.5,40.45000076293945,4699200,40.45000076293945,0.0
KALV,2021-02-11 19:00:00-05:00,39.020999908447266,43.08000183105469,38.70000076293945,42.56999969482422,1712800,42.56999969482422,0.0
KALV,2021-02-15 19:00:00-05:00,41.75,42.314998626708984,39.43899917602539,42.099998474121094,1067700,42.099998474121094,0.0
KALV,2021-02-16 19:00:00-05:00,40.400001525878906,40.849998474121094,36.83000183105469,39.20500183105469,662200,39.20500183105469,0.0
KALV,2021-02-17 19:00:00-05:00,39.20000076293945,39.97999954223633,37.619998931884766,38.72999954223633,411500,38.72999954223633,0.0
KALV,2021-02-18 19:00:00-05:00,38.689998626708984,39.790000915527344,38.689998626708984,39.130001068115234,317000,39.130001068115234,0.0
KALV,2021-02-21 19:00:00-05:00,38.61000061035156,39.709999084472656,36.0,36.25,510500,36.25,0.0
KALV,2021-02-22 19:00:00-05:00,35.34000015258789,35.9900016784668,31.469999313354492,34.0,1123300,34.0,0.0
KALV,2021-02-23 19:00:00-05:00,34.150001525878906,35.65999984741211,34.04999923706055,34.650001525878906,251900,34.650001525878906,0.0
KALV,2021-02-24 19:00:00-05:00,34.56999969482422,34.98500061035156,32.95000076293945,33.220001220703125,335300,33.220001220703125,0.0
KALV,2021-02-25 19:00:00-05:00,33.34000015258789,34.310001373291016,32.22999954223633,32.869998931884766,353400,32.869998931884766,0.0
KALV,2021-02-28 19:00:00-05:00,33.5099983215332,34.880001068115234,32.90999984741211,33.43000030517578,252200,33.43000030517578,0.0
KALV,2021-03-01 19:00:00-05:00,33.7400016784668,34.220001220703125,32.2400016784668,32.34000015258789,218500,32.34000015258789,0.0
KALV,2021-03-02 19:00:00-05:00,32.11000061035156,33.5,31.290000915527344,32.189998626708984,310500,32.189998626708984,0.0
KALV,2021-03-03 19:00:00-05:00,31.979999542236328,32.619998931884766,30.3799991607666,31.559999465942383,435800,31.559999465942383,0.0
KALV,2021-03-04 19:00:00-05:00,31.489999771118164,31.829999923706055,29.079999923706055,30.8799991607666,594600,30.8799991607666,0.0
KALV,2021-03-07 19:00:00-05:00,31.375,31.6299991607666,29.850000381469727,30.639999389648438,223400,30.639999389648438,0.0
KALV,2021-03-08 19:00:00-05:00,30.780000686645508,32.290000915527344,30.780000686645508,31.469999313354492,279900,31.469999313354492,0.0
KALV,2021-03-09 19:00:00-05:00,31.850000381469727,32.435001373291016,31.09000015258789,31.420000076293945,310100,31.420000076293945,0.0
KALV,2021-03-10 19:00:00-05:00,31.5,31.90999984741211,29.969999313354492,30.989999771118164,571800,30.989999771118164,0.0
KALV,2021-03-11 19:00:00-05:00,31.3799991607666,32.66999816894531,30.15999984741211,32.5,439100,32.5,0.0
KALV,2021-03-14 20:00:00-04:00,32.83000183105469,34.38999938964844,32.119998931884766,33.0099983215332,544100,33.0099983215332,0.0
KALV,2021-03-15 20:00:00-04:00,33.29999923706055,34.650001525878906,32.939998626708984,34.209999084472656,345400,34.209999084472656,0.0
KALV,2021-03-16 20:00:00-04:00,33.66999816894531,36.209999084472656,33.470001220703125,35.83000183105469,357300,35.83000183105469,0.0
KALV,2021-03-17 20:00:00-04:00,34.72999954223633,35.7400016784668,33.72999954223633,34.27000045776367,252200,34.27000045776367,0.0
KALV,2021-03-18 20:00:00-04:00,34.97999954223633,35.0,32.35499954223633,32.380001068115234,1209900,32.380001068115234,0.0
KALV,2021-03-21 20:00:00-04:00,32.099998474121094,33.4010009765625,31.0,31.84000015258789,302800,31.84000015258789,0.0
KALV,2021-03-22 20:00:00-04:00,32.060001373291016,32.40999984741211,30.239999771118164,30.56999969482422,292200,30.56999969482422,0.0
KALV,2021-03-23 20:00:00-04:00,30.59000015258789,30.8700008392334,29.170000076293945,29.190000534057617,204000,29.190000534057617,0.0
KALV,2021-03-24 20:00:00-04:00,28.790000915527344,29.829999923706055,28.299999237060547,28.920000076293945,277700,28.920000076293945,0.0
KALV,2021-03-25 20:00:00-04:00,28.899999618530273,29.489999771118164,26.790000915527344,28.0,307500,28.0,0.0
KALV,2021-03-28 20:00:00-04:00,28.010000228881836,28.389999389648438,25.969999313354492,26.450000762939453,515100,26.450000762939453,0.0
KALV,2021-03-29 20:00:00-04:00,25.93000030517578,26.655000686645508,25.25,25.700000762939453,1206500,25.700000762939453,0.0
KALV,2021-03-30 20:00:00-04:00,26.459999084472656,27.78499984741211,25.489999771118164,25.690000534057617,522200,25.690000534057617,0.0
KALV,2021-03-31 20:00:00-04:00,25.899999618530273,28.350000381469727,25.780000686645508,27.459999084472656,282500,27.459999084472656,0.0
KALV,2021-04-04 20:00:00-04:00,27.450000762939453,28.280000686645508,26.950000762939453,28.100000381469727,278700,28.100000381469727,0.0
KALV,2021-04-05 20:00:00-04:00,28.010000228881836,28.639999389648438,26.780000686645508,26.790000915527344,322700,26.790000915527344,0.0
KALV,2021-04-06 20:00:00-04:00,26.700000762939453,26.700000762939453,25.5,26.059999465942383,369700,26.059999465942383,0.0
KALV,2021-04-07 20:00:00-04:00,26.360000610351562,26.700000762939453,25.719999313354492,26.1299991607666,434000,26.1299991607666,0.0
KALV,2021-04-08 20:00:00-04:00,25.84000015258789,26.75,25.559999465942383,26.149999618530273,189500,26.149999618530273,0.0
KALV,2021-04-11 20:00:00-04:00,26.030000686645508,26.030000686645508,25.139999389648438,25.229999542236328,299000,25.229999542236328,0.0
KALV,2021-04-12 20:00:00-04:00,25.360000610351562,26.309999465942383,25.010000228881836,26.149999618530273,277900,26.149999618530273,0.0
KALV,2021-04-13 20:00:00-04:00,25.959999084472656,26.690000534057617,24.56999969482422,24.920000076293945,704700,24.920000076293945,0.0
KALV,2021-04-14 20:00:00-04:00,25.270000457763672,26.329999923706055,24.655000686645508,25.200000762939453,469300,25.200000762939453,0.0
KALV,2021-04-15 20:00:00-04:00,25.200000762939453,25.200000762939453,24.020000457763672,24.450000762939453,319800,24.450000762939453,0.0
KALV,2021-04-18 20:00:00-04:00,24.299999237060547,24.37299919128418,22.809999465942383,23.1200008392334,531100,23.1200008392334,0.0
KALV,2021-04-19 20:00:00-04:00,21.2450008392334,24.059999465942383,20.3799991607666,23.610000610351562,1474000,23.610000610351562,0.0
KALV,2021-04-20 20:00:00-04:00,23.43000030517578,24.43000030517578,22.93000030517578,24.3799991607666,398100,24.3799991607666,0.0
KALV,2021-04-21 20:00:00-04:00,24.43000030517578,26.5,24.049999237060547,25.700000762939453,533900,25.700000762939453,0.0
KALV,2021-04-22 20:00:00-04:00,25.579999923706055,25.809999465942383,24.399999618530273,24.469999313354492,292700,24.469999313354492,0.0
KALV,2021-04-25 20:00:00-04:00,24.610000610351562,26.059999465942383,24.450000762939453,25.799999237060547,222000,25.799999237060547,0.0
KALV,2021-04-26 20:00:00-04:00,25.75,26.149999618530273,24.868000030517578,25.059999465942383,321100,25.059999465942383,0.0
KALV,2021-04-27 20:00:00-04:00,25.200000762939453,26.09000015258789,24.739999771118164,25.649999618530273,397800,25.649999618530273,0.0
KALV,2021-04-28 20:00:00-04:00,25.84000015258789,25.84000015258789,24.809999465942383,25.229999542236328,229600,25.229999542236328,0.0
KALV,2021-04-29 20:00:00-04:00,24.6200008392334,25.31999969482422,24.575000762939453,24.969999313354492,256200,24.969999313354492,0.0
KALV,2021-05-02 20:00:00-04:00,24.739999771118164,25.31999969482422,24.489999771118164,24.959999084472656,266800,24.959999084472656,0.0
KALV,2021-05-03 20:00:00-04:00,24.829999923706055,24.899999618530273,24.0,24.75,179900,24.75,0.0
KALV,2021-05-04 20:00:00-04:00,24.709999084472656,25.65999984741211,24.309999465942383,24.940000534057617,150400,24.940000534057617,0.0
KALV,2021-05-05 20:00:00-04:00,25.040000915527344,25.040000915527344,23.809999465942383,24.780000686645508,232900,24.780000686645508,0.0
KALV,2021-05-06 20:00:00-04:00,24.549999237060547,25.579999923706055,24.329999923706055,25.219999313354492,388100,25.219999313354492,0.0
KALV,2021-05-09 20:00:00-04:00,24.90999984741211,24.940000534057617,23.889999389648438,24.649999618530273,261300,24.649999618530273,0.0
KALV,2021-05-10 20:00:00-04:00,23.93000030517578,25.520000457763672,23.700000762939453,25.40999984741211,142600,25.40999984741211,0.0
KALV,2021-05-11 20:00:00-04:00,25.06999969482422,25.639999389648438,24.3700008392334,24.809999465942383,354200,24.809999465942383,0.0
KALV,2021-05-12 20:00:00-04:00,24.829999923706055,25.475000381469727,24.110000610351562,25.110000610351562,147800,25.110000610351562,0.0
KALV,2021-05-13 20:00:00-04:00,24.780000686645508,26.200000762939453,24.670000076293945,26.059999465942383,150500,26.059999465942383,0.0
KALV,2021-05-16 20:00:00-04:00,26.200000762939453,28.149999618530273,26.200000762939453,26.780000686645508,199600,26.780000686645508,0.0
KALV,2021-05-17 20:00:00-04:00,26.920000076293945,27.809999465942383,26.760000228881836,27.280000686645508,189000,27.280000686645508,0.0
KALV,2021-05-18 20:00:00-04:00,26.68000030517578,26.979999542236328,25.1200008392334,25.5,173300,25.5,0.0
KALV,2021-05-19 20:00:00-04:00,25.6200008392334,26.200000762939453,24.875999450683594,25.6200008392334,303600,25.6200008392334,0.0
KALV,2021-05-20 20:00:00-04:00,25.760000228881836,26.649999618530273,25.459999084472656,26.06999969482422,129400,26.06999969482422,0.0
KALV,2021-05-23 20:00:00-04:00,26.209999084472656,26.59000015258789,24.3799991607666,24.610000610351562,529000,24.610000610351562,0.0
KALV,2021-05-24 20:00:00-04:00,24.690000534057617,25.110000610351562,24.049999237060547,24.899999618530273,231500,24.899999618530273,0.0
KALV,2021-05-25 20:00:00-04:00,25.110000610351562,26.06999969482422,25.09000015258789,25.950000762939453,127200,25.950000762939453,0.0
KALV,2021-05-26 20:00:00-04:00,25.540000915527344,26.8799991607666,25.540000915527344,26.84000015258789,161600,26.84000015258789,0.0
KALV,2021-05-27 20:00:00-04:00,27.18000030517578,27.8799991607666,26.68000030517578,27.0,196100,27.0,0.0
KALV,2021-05-31 20:00:00-04:00,26.93000030517578,27.25,26.219999313354492,26.989999771118164,199500,26.989999771118164,0.0
KALV,2021-06-01 20:00:00-04:00,27.139999389648438,27.360000610351562,25.829999923706055,26.639999389648438,157800,26.639999389648438,0.0
KALV,2021-06-02 20:00:00-04:00,26.290000915527344,26.700000762939453,25.829999923706055,26.399999618530273,91300,26.399999618530273,0.0
KALV,2021-06-03 20:00:00-04:00,26.68000030517578,26.739999771118164,26.125,26.43000030517578,81300,26.43000030517578,0.0
KALV,2021-06-06 20:00:00-04:00,26.559999465942383,28.31999969482422,26.1200008392334,28.079999923706055,149700,28.079999923706055,0.0
KALV,2021-06-07 20:00:00-04:00,28.18000030517578,29.170000076293945,27.799999237060547,29.049999237060547,124500,29.049999237060547,0.0
KALV,2021-06-08 20:00:00-04:00,29.270000457763672,30.25,29.15999984741211,29.299999237060547,171100,29.299999237060547,0.0
KALV,2021-06-09 20:00:00-04:00,29.1200008392334,29.559999465942383,28.375999450683594,28.899999618530273,111700,28.899999618530273,0.0
KALV,2021-06-10 20:00:00-04:00,28.764999389648438,29.450000762939453,28.34000015258789,28.739999771118164,91400,28.739999771118164,0.0
KALV,2021-06-13 20:00:00-04:00,28.450000762939453,28.770000457763672,27.530000686645508,28.34000015258789,152400,28.34000015258789,0.0
KALV,2021-06-14 20:00:00-04:00,28.389999389648438,28.690000534057617,27.670000076293945,28.520000457763672,134100,28.520000457763672,0.0
KALV,2021-06-15 20:00:00-04:00,28.040000915527344,29.4950008392334,27.729999542236328,29.34000015258789,212800,29.34000015258789,0.0
KALV,2021-06-16 20:00:00-04:00,28.90999984741211,30.700000762939453,28.90999984741211,29.90999984741211,184900,29.90999984741211,0.0
KALV,2021-06-17 20:00:00-04:00,29.729999542236328,30.145000457763672,27.56999969482422,28.030000686645508,1511900,28.030000686645508,0.0
KALV,2021-06-20 20:00:00-04:00,28.010000228881836,28.31999969482422,25.65999984741211,26.010000228881836,212300,26.010000228881836,0.0
KALV,2021-06-21 20:00:00-04:00,25.780000686645508,26.25,25.219999313354492,26.200000762939453,160600,26.200000762939453,0.0
KALV,2021-06-22 20:00:00-04:00,26.290000915527344,26.940000534057617,25.90999984741211,26.790000915527344,92700,26.790000915527344,0.0
KALV,2021-06-23 20:00:00-04:00,26.93000030517578,28.260000228881836,26.93000030517578,28.0,135500,28.0,0.0
KALV,2021-06-24 20:00:00-04:00,28.170000076293945,28.649999618530273,27.46500015258789,27.959999084472656,862200,27.959999084472656,0.0
KALV,2021-06-27 20:00:00-04:00,28.18000030517578,28.18000030517578,24.31999969482422,24.790000915527344,634200,24.790000915527344,0.0
KALV,2021-06-28 20:00:00-04:00,25.059999465942383,25.239999771118164,23.5,23.989999771118164,657200,23.989999771118164,0.0
KALV,2021-06-29 20:00:00-04:00,24.040000915527344,24.559999465942383,23.5,23.959999084472656,307100,23.959999084472656,0.0
KALV,2021-06-30 20:00:00-04:00,23.809999465942383,24.56999969482422,23.290000915527344,24.489999771118164,178200,24.489999771118164,0.0
KALV,2021-07-01 20:00:00-04:00,24.200000762939453,24.799999237060547,23.15999984741211,23.440000534057617,209200,23.440000534057617,0.0
KALV,2021-07-05 20:00:00-04:00,23.219999313354492,23.40999984741211,22.700000762939453,22.979999542236328,183900,22.979999542236328,0.0
KALV,2021-07-06 20:00:00-04:00,23.1299991607666,23.309999465942383,22.40999984741211,22.770000457763672,304300,22.770000457763672,0.0
KALV,2021-07-07 20:00:00-04:00,22.75,23.3799991607666,22.299999237060547,23.0,198600,23.0,0.0
KALV,2021-07-08 20:00:00-04:00,23.059999465942383,23.440000534057617,22.649999618530273,22.959999084472656,140300,22.959999084472656,0.0
KALV,2021-07-11 20:00:00-04:00,23.5,23.739999771118164,22.479999542236328,22.559999465942383,172900,22.559999465942383,0.0
KALV,2021-07-12 20:00:00-04:00,22.600000381469727,22.899999618530273,21.639999389648438,21.809999465942383,189700,21.809999465942383,0.0
KALV,2021-07-13 20:00:00-04:00,21.81999969482422,22.579999923706055,21.5,21.889999389648438,247700,21.889999389648438,0.0
KALV,2021-07-14 20:00:00-04:00,22.010000228881836,22.479999542236328,21.6200008392334,21.959999084472656,334500,21.959999084472656,0.0
KALV,2021-07-15 20:00:00-04:00,22.110000610351562,22.25,21.600000381469727,21.90999984741211,178800,21.90999984741211,0.0
KALV,2021-07-18 20:00:00-04:00,21.40999984741211,21.959999084472656,20.8700008392334,21.1200008392334,188300,21.1200008392334,0.0
KALV,2021-07-19 20:00:00-04:00,21.020000457763672,21.950000762939453,21.010000228881836,21.8799991607666,436400,21.8799991607666,0.0
KALV,2021-07-20 20:00:00-04:00,21.860000610351562,22.850000381469727,21.600000381469727,22.1299991607666,347800,22.1299991607666,0.0
KALV,2021-07-21 20:00:00-04:00,22.190000534057617,22.190000534057617,21.030000686645508,21.15999984741211,164200,21.15999984741211,0.0
KALV,2021-07-22 20:00:00-04:00,22.1200008392334,22.1200008392334,20.790000915527344,21.270000457763672,239600,21.270000457763672,0.0
KALV,2021-07-25 20:00:00-04:00,21.360000610351562,21.905000686645508,21.0,21.229999542236328,121600,21.229999542236328,0.0
KALV,2021-07-26 20:00:00-04:00,20.610000610351562,21.139999389648438,20.350000381469727,20.5,97200,20.5,0.0
KALV,2021-07-27 20:00:00-04:00,20.6299991607666,21.440000534057617,20.3799991607666,21.299999237060547,91700,21.299999237060547,0.0
KALV,2021-07-28 20:00:00-04:00,21.489999771118164,21.489999771118164,20.530000686645508,20.639999389648438,94100,20.639999389648438,0.0
KALV,2021-07-29 20:00:00-04:00,20.68000030517578,20.860000610351562,19.989999771118164,20.139999389648438,100000,20.139999389648438,0.0
KALV,2021-08-01 20:00:00-04:00,20.360000610351562,20.799999237060547,19.93000030517578,20.450000762939453,138900,20.450000762939453,0.0
KALV,2021-08-02 20:00:00-04:00,20.469999313354492,20.860000610351562,19.825000762939453,20.649999618530273,110300,20.649999618530273,0.0
KALV,2021-08-03 20:00:00-04:00,20.520000457763672,20.989999771118164,19.790000915527344,19.8799991607666,87400,19.8799991607666,0.0
KALV,2021-08-04 20:00:00-04:00,19.799999237060547,20.600000381469727,19.489999771118164,20.389999389648438,107800,20.389999389648438,0.0
KALV,2021-08-05 20:00:00-04:00,20.510000228881836,20.510000228881836,19.84000015258789,19.920000076293945,141100,19.920000076293945,0.0
KALV,2021-08-08 20:00:00-04:00,19.959999084472656,20.18000030517578,19.530000686645508,19.68000030517578,83900,19.68000030517578,0.0
KALV,2021-08-09 20:00:00-04:00,19.75,19.93000030517578,18.90999984741211,19.219999313354492,101900,19.219999313354492,0.0
KALV,2021-08-10 20:00:00-04:00,19.290000915527344,19.489999771118164,18.860000610351562,19.34000015258789,48300,19.34000015258789,0.0
KALV,2021-08-11 20:00:00-04:00,19.440000534057617,19.6200008392334,18.860000610351562,19.399999618530273,68700,19.399999618530273,0.0
KALV,2021-08-12 20:00:00-04:00,19.530000686645508,19.774999618530273,19.187000274658203,19.309999465942383,120900,19.309999465942383,0.0
KALV,2021-08-15 20:00:00-04:00,19.299999237060547,19.299999237060547,18.559999465942383,18.6200008392334,83500,18.6200008392334,0.0
KALV,2021-08-16 20:00:00-04:00,18.444000244140625,19.729999542236328,18.40999984741211,19.09000015258789,90500,19.09000015258789,0.0
KALV,2021-08-17 20:00:00-04:00,19.030000686645508,19.049999237060547,17.989999771118164,18.06999969482422,99800,18.06999969482422,0.0
KALV,2021-08-18 20:00:00-04:00,17.90999984741211,18.6200008392334,17.469999313354492,17.899999618530273,120500,17.899999618530273,0.0
KALV,2021-08-19 20:00:00-04:00,17.90999984741211,18.844999313354492,17.530000686645508,18.40999984741211,387800,18.40999984741211,0.0
KALV,2021-08-22 20:00:00-04:00,18.81999969482422,19.90999984741211,18.729999542236328,19.850000381469727,125300,19.850000381469727,0.0
KALV,2021-08-23 20:00:00-04:00,19.770000457763672,19.860000610351562,18.709999084472656,19.3799991607666,88200,19.3799991607666,0.0
KALV,2021-08-24 20:00:00-04:00,19.5,20.020000457763672,19.299999237060547,20.010000228881836,88000,20.010000228881836,0.0
KALV,2021-08-25 20:00:00-04:00,19.614999771118164,21.0,19.139999389648438,19.8799991607666,103900,19.8799991607666,0.0
KALV,2021-08-26 20:00:00-04:00,20.059999465942383,21.290000915527344,19.860000610351562,21.06999969482422,238300,21.06999969482422,0.0
KALV,2021-08-29 20:00:00-04:00,21.200000762939453,21.43000030517578,19.84000015258789,20.18000030517578,110600,20.18000030517578,0.0
KALV,2021-08-30 20:00:00-04:00,20.270000457763672,20.725000381469727,20.059999465942383,20.440000534057617,109400,20.440000534057617,0.0
KALV,2021-08-31 20:00:00-04:00,20.5,20.8700008392334,20.110000610351562,20.760000228881836,90800,20.760000228881836,0.0
KALV,2021-09-01 20:00:00-04:00,21.0,21.299999237060547,20.1299991607666,20.8799991607666,110000,20.8799991607666,0.0
KALV,2021-09-02 20:00:00-04:00,20.639999389648438,21.0,20.09000015258789,20.260000228881836,101800,20.260000228881836,0.0
KALV,2021-09-06 20:00:00-04:00,20.389999389648438,20.989999771118164,20.363000869750977,20.5,114800,20.5,0.0
KALV,2021-09-07 20:00:00-04:00,20.59000015258789,20.850000381469727,20.010000228881836,20.31999969482422,132900,20.31999969482422,0.0
KALV,2021-09-08 20:00:00-04:00,20.06999969482422,21.700000762939453,20.06999969482422,21.110000610351562,133600,21.110000610351562,0.0
KALV,2021-09-09 20:00:00-04:00,21.690000534057617,21.764999389648438,20.15999984741211,20.200000762939453,155400,20.200000762939453,0.0
KALV,2021-09-12 20:00:00-04:00,20.270000457763672,20.735000610351562,19.510000228881836,20.15999984741211,162500,20.15999984741211,0.0
KALV,2021-09-13 20:00:00-04:00,20.65999984741211,21.0,19.059999465942383,19.110000610351562,174900,19.110000610351562,0.0
KALV,2021-09-14 20:00:00-04:00,19.260000228881836,19.81999969482422,18.854999542236328,19.25,204200,19.25,0.0
KALV,2021-09-15 20:00:00-04:00,19.190000534057617,19.6200008392334,18.549999237060547,19.520000457763672,197400,19.520000457763672,0.0
KALV,2021-09-16 20:00:00-04:00,19.709999084472656,19.969999313354492,19.1299991607666,19.25,893800,19.25,0.0
KALV,2021-09-19 20:00:00-04:00,18.670000076293945,18.860000610351562,17.790000915527344,17.950000762939453,255500,17.950000762939453,0.0
KALV,2021-09-20 20:00:00-04:00,18.139999389648438,18.469999313354492,18.030000686645508,18.3799991607666,153300,18.3799991607666,0.0
KALV,2021-09-21 20:00:00-04:00,18.65999984741211,18.940000534057617,18.280000686645508,18.600000381469727,134300,18.600000381469727,0.0
KALV,2021-09-22 20:00:00-04:00,18.780000686645508,19.0,18.329999923706055,18.8799991607666,227200,18.8799991607666,0.0
KALV,2021-09-23 20:00:00-04:00,18.610000610351562,19.0,18.34000015258789,18.549999237060547,208100,18.549999237060547,0.0
KALV,2021-09-26 20:00:00-04:00,18.6200008392334,19.19499969482422,18.549999237060547,18.899999618530273,218300,18.899999618530273,0.0
KALV,2021-09-27 20:00:00-04:00,18.770000457763672,18.81999969482422,17.6200008392334,17.700000762939453,244400,17.700000762939453,0.0
KALV,2021-09-28 20:00:00-04:00,17.81999969482422,19.06599998474121,16.860000610351562,17.110000610351562,387200,17.110000610351562,0.0
KALV,2021-09-29 20:00:00-04:00,17.329999923706055,17.594999313354492,17.110000610351562,17.450000762939453,491000,17.450000762939453,0.0
KALV,2021-09-30 20:00:00-04:00,17.469999313354492,17.469999313354492,16.989999771118164,17.329999923706055,205700,17.329999923706055,0.0
KALV,2021-10-03 20:00:00-04:00,17.200000762939453,17.270000457763672,16.889999389648438,17.149999618530273,310000,17.149999618530273,0.0
KALV,2021-10-04 20:00:00-04:00,17.06999969482422,17.34000015258789,16.709999084472656,16.8799991607666,321200,16.8799991607666,0.0
KALV,2021-10-05 20:00:00-04:00,16.68000030517578,17.25,16.489999771118164,16.950000762939453,152800,16.950000762939453,0.0
KALV,2021-10-06 20:00:00-04:00,17.06999969482422,17.43000030517578,16.815000534057617,17.389999389648438,228200,17.389999389648438,0.0
KALV,2021-10-07 20:00:00-04:00,17.3799991607666,17.559999465942383,16.90999984741211,17.399999618530273,133500,17.399999618530273,0.0
KALV,2021-10-10 20:00:00-04:00,17.350000381469727,17.989999771118164,17.350000381469727,17.770000457763672,113400,17.770000457763672,0.0
KALV,2021-10-11 20:00:00-04:00,17.8700008392334,18.0,17.549999237060547,17.889999389648438,102100,17.889999389648438,0.0
KALV,2021-10-12 20:00:00-04:00,18.059999465942383,18.280000686645508,17.829999923706055,18.280000686645508,83800,18.280000686645508,0.0
KALV,2021-10-13 20:00:00-04:00,18.450000762939453,18.530000686645508,17.309999465942383,17.489999771118164,666900,17.489999771118164,0.0
KALV,2021-10-14 20:00:00-04:00,17.799999237060547,18.139999389648438,17.139999389648438,17.209999084472656,148900,17.209999084472656,0.0
KALV,2021-10-17 20:00:00-04:00,17.170000076293945,17.229999542236328,16.649999618530273,17.170000076293945,220500,17.170000076293945,0.0
KALV,2021-10-18 20:00:00-04:00,17.389999389648438,17.959999084472656,17.389999389648438,17.68000030517578,117000,17.68000030517578,0.0
KALV,2021-10-19 20:00:00-04:00,17.59000015258789,17.892000198364258,16.799999237060547,17.479999542236328,99100,17.479999542236328,0.0
KALV,2021-10-20 20:00:00-04:00,17.399999618530273,17.790000915527344,16.8700008392334,17.450000762939453,167900,17.450000762939453,0.0
KALV,2021-10-21 20:00:00-04:00,17.510000228881836,17.510000228881836,16.559999465942383,16.799999237060547,132900,16.799999237060547,0.0
KALV,2021-10-24 20:00:00-04:00,16.790000915527344,16.969999313354492,16.049999237060547,16.649999618530273,281800,16.649999618530273,0.0
KALV,2021-10-25 20:00:00-04:00,16.434999465942383,16.920000076293945,16.280000686645508,16.3799991607666,341400,16.3799991607666,0.0
KALV,2021-10-26 20:00:00-04:00,16.43000030517578,16.899999618530273,15.805000305175781,16.440000534057617,260400,16.440000534057617,0.0
KALV,2021-10-27 20:00:00-04:00,16.459999084472656,17.65999984741211,16.16699981689453,17.56999969482422,117100,17.56999969482422,0.0
KALV,2021-10-28 20:00:00-04:00,17.399999618530273,18.06999969482422,17.15999984741211,17.979999542236328,278000,17.979999542236328,0.0
KALV,2021-10-31 20:00:00-04:00,18.100000381469727,18.450000762939453,17.690000534057617,18.25,215100,18.25,0.0
KALV,2021-11-01 20:00:00-04:00,18.25,18.25,17.65999984741211,18.09000015258789,82100,18.09000015258789,0.0
KALV,2021-11-02 20:00:00-04:00,18.079999923706055,18.299999237060547,17.975000381469727,18.219999313354492,136000,18.219999313354492,0.0
KALV,2021-11-03 20:00:00-04:00,18.139999389648438,18.299999237060547,17.714000701904297,18.06999969482422,113700,18.06999969482422,0.0
KALV,2021-11-04 20:00:00-04:00,17.8799991607666,18.360000610351562,17.65999984741211,18.15999984741211,178700,18.15999984741211,0.0
KALV,2021-11-07 19:00:00-05:00,18.360000610351562,18.360000610351562,17.6299991607666,17.899999618530273,86500,17.899999618530273,0.0
KALV,2021-11-08 19:00:00-05:00,18.0,18.239999771118164,17.549999237060547,18.030000686645508,115100,18.030000686645508,0.0
KALV,2021-11-09 19:00:00-05:00,17.889999389648438,18.25,17.7549991607666,17.969999313354492,78200,17.969999313354492,0.0
KALV,2021-11-10 19:00:00-05:00,17.760000228881836,17.959999084472656,17.49799919128418,17.510000228881836,76700,17.510000228881836,0.0
KALV,2021-11-11 19:00:00-05:00,17.68000030517578,17.760000228881836,17.15999984741211,17.670000076293945,59400,17.670000076293945,0.0
KALV,2021-11-14 19:00:00-05:00,17.780000686645508,17.780000686645508,17.1200008392334,17.420000076293945,104100,17.420000076293945,0.0
KALV,2021-11-15 19:00:00-05:00,17.329999923706055,17.799999237060547,17.049999237060547,17.6299991607666,104500,17.6299991607666,0.0
KALV,2021-11-16 19:00:00-05:00,17.559999465942383,17.799999237060547,17.40999984741211,17.6299991607666,124900,17.6299991607666,0.0
KALV,2021-11-17 19:00:00-05:00,17.780000686645508,17.780000686645508,16.809999465942383,17.0,151600,17.0,0.0
KALV,2021-11-18 19:00:00-05:00,16.81999969482422,17.21500015258789,16.389999389648438,16.610000610351562,90200,16.610000610351562,0.0
KALV,2021-11-21 19:00:00-05:00,16.729999542236328,16.760000228881836,16.190000534057617,16.270000457763672,152300,16.270000457763672,0.0
KALV,2021-11-22 19:00:00-05:00,16.15999984741211,16.93000030517578,15.479999542236328,15.989999771118164,485100,15.989999771118164,0.0
KALV,2021-11-23 19:00:00-05:00,15.899999618530273,16.40999984741211,15.720000267028809,15.9399995803833,108500,15.9399995803833,0.0
KALV,2021-11-25 19:00:00-05:00,15.630000114440918,15.979999542236328,14.904999732971191,15.079999923706055,123200,15.079999923706055,0.0
KALV,2021-11-28 19:00:00-05:00,15.399999618530273,16.360000610351562,14.670000076293945,14.8100004196167,132400,14.8100004196167,0.0
KALV,2021-11-29 19:00:00-05:00,14.680000305175781,14.949999809265137,14.270000457763672,14.5,518400,14.5,0.0
KALV,2021-11-30 19:00:00-05:00,14.859999656677246,14.960000038146973,13.600000381469727,13.630000114440918,456000,13.630000114440918,0.0
KALV,2021-12-01 19:00:00-05:00,13.789999961853027,14.024999618530273,13.194999694824219,13.449999809265137,557000,13.449999809265137,0.0
KALV,2021-12-02 19:00:00-05:00,13.539999961853027,13.640000343322754,12.119999885559082,12.359999656677246,402000,12.359999656677246,0.0
KALV,2021-12-05 19:00:00-05:00,12.40999984741211,12.855999946594238,11.989999771118164,12.479999542236328,207300,12.479999542236328,0.0
KALV,2021-12-06 19:00:00-05:00,12.920000076293945,13.5,12.600000381469727,13.1899995803833,233500,13.1899995803833,0.0
KALV,2021-12-07 19:00:00-05:00,13.300000190734863,13.699999809265137,13.130000114440918,13.5600004196167,286000,13.5600004196167,0.0
KALV,2021-12-08 19:00:00-05:00,13.520000457763672,14.199999809265137,13.520000457763672,13.729999542236328,169100,13.729999542236328,0.0
KALV,2021-12-09 19:00:00-05:00,13.489999771118164,14.079999923706055,13.029999732971191,13.510000228881836,174800,13.510000228881836,0.0
KALV,2021-12-12 19:00:00-05:00,13.350000381469727,13.949999809265137,13.279999732971191,13.710000038146973,201400,13.710000038146973,0.0
KALV,2021-12-13 19:00:00-05:00,13.479999542236328,13.9399995803833,12.960000038146973,13.15999984741211,194800,13.15999984741211,0.0
KALV,2021-12-14 19:00:00-05:00,13.130000114440918,13.6899995803833,12.569999694824219,13.569999694824219,259000,13.569999694824219,0.0
KALV,2021-12-15 19:00:00-05:00,13.630000114440918,13.880000114440918,13.079999923706055,13.149999618530273,256500,13.149999618530273,0.0
KALV,2021-12-16 19:00:00-05:00,13.170000076293945,13.744999885559082,12.850000381469727,13.199999809265137,541300,13.199999809265137,0.0
KALV,2021-12-19 19:00:00-05:00,12.90999984741211,13.630000114440918,12.579999923706055,13.369999885559082,203200,13.369999885559082,0.0
KALV,2021-12-20 19:00:00-05:00,13.4399995803833,13.979999542236328,13.25,13.90999984741211,237400,13.90999984741211,0.0
KALV,2021-12-21 19:00:00-05:00,13.9399995803833,14.130000114440918,13.670000076293945,14.100000381469727,149000,14.100000381469727,0.0
KALV,2021-12-22 19:00:00-05:00,14.079999923706055,14.5,14.079999923706055,14.4399995803833,86400,14.4399995803833,0.0
KALV,2021-12-26 19:00:00-05:00,14.470000267028809,14.539999961853027,13.989999771118164,14.100000381469727,103000,14.100000381469727,0.0
KALV,2021-12-27 19:00:00-05:00,14.020000457763672,14.399999618530273,13.930000305175781,14.010000228881836,118900,14.010000228881836,0.0
KALV,2021-12-28 19:00:00-05:00,14.109999656677246,14.109999656677246,13.15999984741211,13.239999771118164,640000,13.239999771118164,0.0
KALV,2021-12-29 19:00:00-05:00,13.180000305175781,14.0,13.180000305175781,13.579999923706055,82900,13.579999923706055,0.0
KALV,2021-12-30 19:00:00-05:00,13.550000190734863,14.0,13.199999809265137,13.229999542236328,59900,13.229999542236328,0.0
KALV,2022-01-02 19:00:00-05:00,13.270000457763672,14.039999961853027,13.140000343322754,13.90999984741211,152200,13.90999984741211,0.0
KALV,2022-01-03 19:00:00-05:00,14.029999732971191,14.1850004196167,13.289999961853027,13.609999656677246,166600,13.609999656677246,0.0
KALV,2022-01-04 19:00:00-05:00,13.479999542236328,13.609999656677246,12.760000228881836,12.84000015258789,146900,12.84000015258789,0.0
KALV,2022-01-05 19:00:00-05:00,12.800000190734863,13.364999771118164,12.5,13.270000457763672,156000,13.270000457763672,0.0
KALV,2022-01-06 19:00:00-05:00,13.020000457763672,13.729999542236328,12.861000061035156,12.989999771118164,168200,12.989999771118164,0.0
KALV,2022-01-09 19:00:00-05:00,12.770000457763672,13.079999923706055,12.350000381469727,12.920000076293945,170300,12.920000076293945,0.0
KALV,2022-01-10 19:00:00-05:00,12.970000267028809,13.335000038146973,12.579999923706055,13.100000381469727,80400,13.100000381469727,0.0
KALV,2022-01-11 19:00:00-05:00,13.279999732971191,13.279999732971191,12.420000076293945,12.449999809265137,168800,12.449999809265137,0.0
KALV,2022-01-12 19:00:00-05:00,12.630000114440918,12.75,11.890000343322754,11.979999542236328,172700,11.979999542236328,0.0
KALV,2022-01-13 19:00:00-05:00,11.84000015258789,12.645000457763672,11.649999618530273,12.539999961853027,244200,12.539999961853027,0.0
KALV,2022-01-17 19:00:00-05:00,12.260000228881836,12.279999732971191,11.680000305175781,11.800000190734863,209200,11.800000190734863,0.0
KALV,2022-01-18 19:00:00-05:00,11.930000305175781,12.21500015258789,11.649999618530273,11.770000457763672,111200,11.770000457763672,0.0
KALV,2022-01-19 19:00:00-05:00,11.850000381469727,12.4350004196167,11.680000305175781,11.84000015258789,181000,11.84000015258789,0.0
KALV,2022-01-20 19:00:00-05:00,11.619999885559082,11.899999618530273,11.510000228881836,11.609999656677246,185900,11.609999656677246,0.0
KALV,2022-01-23 19:00:00-05:00,11.279999732971191,11.760000228881836,11.0,11.6899995803833,249800,11.6899995803833,0.0
KALV,2022-01-24 19:00:00-05:00,11.510000228881836,11.779999732971191,11.0,11.5600004196167,228700,11.5600004196167,0.0
KALV,2022-01-25 19:00:00-05:00,11.600000381469727,12.555000305175781,11.170000076293945,11.720000267028809,764500,11.720000267028809,0.0
KALV,2022-01-26 19:00:00-05:00,11.739999771118164,12.039999961853027,11.079999923706055,11.199999809265137,224300,11.199999809265137,0.0
KALV,2022-01-27 19:00:00-05:00,11.109999656677246,11.739999771118164,10.789999961853027,11.720000267028809,195400,11.720000267028809,0.0
KALV,2022-01-30 19:00:00-05:00,11.479999542236328,12.699999809265137,11.479999542236328,12.619999885559082,154000,12.619999885559082,0.0
KALV,2022-01-31 19:00:00-05:00,12.649999618530273,13.234999656677246,12.399999618530273,12.720000267028809,131200,12.720000267028809,0.0
KALV,2022-02-01 19:00:00-05:00,12.819999694824219,13.444999694824219,12.359999656677246,12.640000343322754,188800,12.640000343322754,0.0
KALV,2022-02-02 19:00:00-05:00,12.369999885559082,12.819999694824219,12.260000228881836,12.369999885559082,120800,12.369999885559082,0.0
KALV,2022-02-03 19:00:00-05:00,12.520000457763672,13.350000381469727,12.329999923706055,13.1899995803833,297600,13.1899995803833,0.0
KALV,2022-02-06 19:00:00-05:00,13.09000015258789,14.039999961853027,13.09000015258789,13.789999961853027,354600,13.789999961853027,0.0
KALV,2022-02-07 19:00:00-05:00,13.710000038146973,14.3100004196167,13.510000228881836,14.3100004196167,383900,14.3100004196167,0.0
KALV,2022-02-08 19:00:00-05:00,13.984999656677246,15.350000381469727,13.984999656677246,15.180000305175781,240200,15.180000305175781,0.0
KALV,2022-02-09 19:00:00-05:00,14.729999542236328,15.720000267028809,14.60099983215332,15.109999656677246,320000,15.109999656677246,0.0
KALV,2022-02-10 19:00:00-05:00,15.119999885559082,15.5,14.78499984741211,15.0600004196167,114300,15.0600004196167,0.0
KALV,2022-02-13 19:00:00-05:00,14.880000114440918,15.880000114440918,14.760000228881836,15.579999923706055,237500,15.579999923706055,0.0
KALV,2022-02-14 19:00:00-05:00,15.850000381469727,16.600000381469727,15.119999885559082,16.479999542236328,163600,16.479999542236328,0.0
KALV,2022-02-15 19:00:00-05:00,16.200000762939453,16.260000228881836,15.619999885559082,15.920000076293945,116200,15.920000076293945,0.0
KALV,2022-02-16 19:00:00-05:00,15.539999961853027,15.954999923706055,15.079999923706055,15.600000381469727,190000,15.600000381469727,0.0
KALV,2022-02-17 19:00:00-05:00,15.5,15.970000267028809,15.279999732971191,15.550000190734863,145600,15.550000190734863,0.0
KALV,2022-02-21 19:00:00-05:00,15.4399995803833,15.989999771118164,15.1899995803833,15.789999961853027,160000,15.789999961853027,0.0
KALV,2022-02-22 19:00:00-05:00,15.960000038146973,16.020000457763672,15.180000305175781,15.270000457763672,287300,15.270000457763672,0.0
KALV,2022-02-23 19:00:00-05:00,14.729999542236328,16.020000457763672,14.59000015258789,16.010000228881836,323100,16.010000228881836,0.0
KALV,2022-02-24 19:00:00-05:00,16.049999237060547,16.309999465942383,15.489999771118164,16.06999969482422,174200,16.06999969482422,0.0
KALV,2022-02-27 19:00:00-05:00,15.710000038146973,16.360000610351562,15.710000038146973,16.049999237060547,128300,16.049999237060547,0.0
KALV,2022-02-28 19:00:00-05:00,15.949999809265137,16.3700008392334,15.845000267028809,15.9399995803833,102300,15.9399995803833,0.0
KALV,2022-03-01 19:00:00-05:00,16.09000015258789,16.450000762939453,15.6899995803833,16.299999237060547,88900,16.299999237060547,0.0
KALV,2022-03-02 19:00:00-05:00,16.469999313354492,16.809999465942383,15.680000305175781,16.0,135200,16.0,0.0
KALV,2022-03-03 19:00:00-05:00,15.880000114440918,16.0,15.539999961853027,15.720000267028809,115500,15.720000267028809,0.0
KALV,2022-03-06 19:00:00-05:00,15.670000076293945,16.299999237060547,15.529999732971191,15.84000015258789,165300,15.84000015258789,0.0
KALV,2022-03-07 19:00:00-05:00,15.670000076293945,16.75,15.399999618530273,16.1299991607666,152900,16.1299991607666,0.0
KALV,2022-03-08 19:00:00-05:00,16.059999465942383,17.344999313354492,16.059999465942383,16.969999313354492,146900,16.969999313354492,0.0
KALV,2022-03-09 19:00:00-05:00,16.790000915527344,17.15999984741211,16.184999465942383,16.3799991607666,106700,16.3799991607666,0.0
KALV,2022-03-10 19:00:00-05:00,16.299999237060547,16.299999237060547,15.15999984741211,15.390000343322754,206300,15.390000343322754,0.0
KALV,2022-03-13 20:00:00-04:00,15.270000457763672,15.579999923706055,14.244999885559082,14.380000114440918,238600,14.380000114440918,0.0
KALV,2022-03-14 20:00:00-04:00,14.470000267028809,14.819999694824219,14.289999961853027,14.5,326700,14.5,0.0
KALV,2022-03-15 20:00:00-04:00,14.829999923706055,14.930000305175781,13.819999694824219,14.4399995803833,218200,14.4399995803833,0.0
KALV,2022-03-16 20:00:00-04:00,14.699999809265137,15.380000114440918,14.015000343322754,15.350000381469727,250200,15.350000381469727,0.0
KALV,2022-03-17 20:00:00-04:00,15.350000381469727,16.079999923706055,15.279999732971191,15.640000343322754,613800,15.640000343322754,0.0
KALV,2022-03-20 20:00:00-04:00,15.199999809265137,15.539999961853027,14.829999923706055,15.0600004196167,136700,15.0600004196167,0.0
KALV,2022-03-21 20:00:00-04:00,15.1899995803833,16.399999618530273,15.1899995803833,16.34000015258789,113400,16.34000015258789,0.0
KALV,2022-03-22 20:00:00-04:00,16.09000015258789,16.979999542236328,16.09000015258789,16.229999542236328,71200,16.229999542236328,0.0
KALV,2022-03-23 20:00:00-04:00,16.469999313354492,16.889999389648438,16.200000762939453,16.520000457763672,72900,16.520000457763672,0.0
KALV,2022-03-24 20:00:00-04:00,16.43000030517578,16.43000030517578,15.859999656677246,16.020000457763672,82600,16.020000457763672,0.0
KALV,2022-03-27 20:00:00-04:00,16.1299991607666,16.350000381469727,15.510000228881836,15.9399995803833,71500,15.9399995803833,0.0
KALV,2022-03-28 20:00:00-04:00,15.949999809265137,16.645000457763672,15.739999771118164,16.1299991607666,127500,16.1299991607666,0.0
KALV,2022-03-29 20:00:00-04:00,16.110000610351562,16.15999984741211,14.920000076293945,14.989999771118164,136200,14.989999771118164,0.0
KALV,2022-03-30 20:00:00-04:00,14.930000305175781,15.010000228881836,14.640000343322754,14.739999771118164,106500,14.739999771118164,0.0
KALV,2022-03-31 20:00:00-04:00,14.819999694824219,15.265000343322754,14.789999961853027,15.0,168500,15.0,0.0
KALV,2022-04-03 20:00:00-04:00,15.399999618530273,15.399999618530273,14.979999542236328,15.100000381469727,126800,15.100000381469727,0.0
KALV,2022-04-04 20:00:00-04:00,15.069999694824219,15.59000015258789,14.640000343322754,14.729999542236328,136300,14.729999542236328,0.0
KALV,2022-04-05 20:00:00-04:00,14.59000015258789,14.805000305175781,14.260000228881836,14.699999809265137,113900,14.699999809265137,0.0
KALV,2022-04-06 20:00:00-04:00,14.699999809265137,15.149999618530273,14.399999618530273,14.960000038146973,565600,14.960000038146973,0.0
KALV,2022-04-07 20:00:00-04:00,14.960000038146973,15.260000228881836,14.15999984741211,14.1899995803833,1109500,14.1899995803833,0.0
KALV,2022-04-10 20:00:00-04:00,13.989999771118164,14.069999694824219,13.569999694824219,13.899999618530273,151900,13.899999618530273,0.0
KALV,2022-04-11 20:00:00-04:00,14.109999656677246,14.65999984741211,13.859999656677246,14.260000228881836,105400,14.260000228881836,0.0
KALV,2022-04-12 20:00:00-04:00,14.3100004196167,14.90999984741211,14.220000267028809,14.8100004196167,166400,14.8100004196167,0.0
KALV,2022-04-13 20:00:00-04:00,14.829999923706055,14.829999923706055,14.34000015258789,14.359999656677246,98000,14.359999656677246,0.0
KALV,2022-04-17 20:00:00-04:00,14.399999618530273,14.40999984741211,13.800000190734863,13.84000015258789,153400,13.84000015258789,0.0
KALV,2022-04-18 20:00:00-04:00,13.920000076293945,14.149999618530273,13.75,13.829999923706055,127400,13.829999923706055,0.0
KALV,2022-04-19 20:00:00-04:00,13.850000381469727,14.050000190734863,13.59000015258789,13.920000076293945,201600,13.920000076293945,0.0
KALV,2022-04-20 20:00:00-04:00,14.0,14.225000381469727,13.875,14.069999694824219,239400,14.069999694824219,0.0
KALV,2022-04-21 20:00:00-04:00,13.960000038146973,14.300000190734863,13.574999809265137,13.609999656677246,131200,13.609999656677246,0.0
KALV,2022-04-24 20:00:00-04:00,13.510000228881836,13.765000343322754,13.270000457763672,13.59000015258789,144000,13.59000015258789,0.0
KALV,2022-04-25 20:00:00-04:00,13.510000228881836,13.510000228881836,12.545000076293945,12.649999618530273,221000,12.649999618530273,0.0
KALV,2022-04-26 20:00:00-04:00,12.630000114440918,13.170000076293945,12.619999885559082,12.680000305175781,134800,12.680000305175781,0.0
KALV,2022-04-27 20:00:00-04:00,12.800000190734863,12.930000305175781,12.149999618530273,12.84000015258789,161000,12.84000015258789,0.0
KALV,2022-04-28 20:00:00-04:00,12.770000457763672,13.25,12.609999656677246,12.729999542236328,172000,12.729999542236328,0.0
KALV,2022-05-01 20:00:00-04:00,12.6899995803833,13.470000267028809,12.6899995803833,13.460000038146973,212800,13.460000038146973,0.0
KALV,2022-05-02 20:00:00-04:00,13.300000190734863,13.869999885559082,12.90999984741211,13.130000114440918,258300,13.130000114440918,0.0
KALV,2022-05-03 20:00:00-04:00,13.180000305175781,13.180000305175781,12.399999618530273,12.75,185000,12.75,0.0
KALV,2022-05-04 20:00:00-04:00,12.609999656677246,12.739999771118164,11.9399995803833,12.109999656677246,254200,12.109999656677246,0.0
KALV,2022-05-05 20:00:00-04:00,11.989999771118164,12.149999618530273,11.270000457763672,11.359999656677246,185000,11.359999656677246,0.0
KALV,2022-05-08 20:00:00-04:00,11.1899995803833,11.380000114440918,10.6899995803833,10.930000305175781,332100,10.930000305175781,0.0
KALV,2022-05-09 20:00:00-04:00,11.4399995803833,11.729999542236328,11.109999656677246,11.149999618530273,553400,11.149999618530273,0.0
KALV,2022-05-10 20:00:00-04:00,11.1899995803833,11.1899995803833,9.350000381469727,9.6899995803833,770500,9.6899995803833,0.0
KALV,2022-05-11 20:00:00-04:00,9.609999656677246,10.050000190734863,9.399999618530273,9.510000228881836,373300,9.510000228881836,0.0
KALV,2022-05-12 20:00:00-04:00,9.710000038146973,9.90999984741211,9.5600004196167,9.710000038146973,410700,9.710000038146973,0.0
KALV,2022-05-15 20:00:00-04:00,9.609999656677246,9.880000114440918,9.069999694824219,9.15999984741211,358500,9.15999984741211,0.0
KALV,2022-05-16 20:00:00-04:00,9.430000305175781,9.585000038146973,9.260000228881836,9.279999732971191,645300,9.279999732971191,0.0
KALV,2022-05-17 20:00:00-04:00,9.0,9.220000267028809,8.65999984741211,9.180000305175781,423300,9.180000305175781,0.0
KALV,2022-05-18 20:00:00-04:00,9.199999809265137,9.489999771118164,9.119999885559082,9.199999809265137,208900,9.199999809265137,0.0
KALV,2022-05-19 20:00:00-04:00,9.399999618530273,9.630000114440918,8.859999656677246,9.020000457763672,311500,9.020000457763672,0.0
KALV,2022-05-22 20:00:00-04:00,9.130000114440918,9.350000381469727,8.949999809265137,9.25,217000,9.25,0.0
KALV,2022-05-23 20:00:00-04:00,9.100000381469727,9.100000381469727,8.789999961853027,8.979999542236328,150200,8.979999542236328,0.0
KALV,2022-05-24 20:00:00-04:00,8.920000076293945,9.104999542236328,8.479999542236328,8.520000457763672,1025900,8.520000457763672,0.0
KALV,2022-05-25 20:00:00-04:00,8.529999732971191,8.850000381469727,8.5,8.600000381469727,259800,8.600000381469727,0.0
KALV,2022-05-26 20:00:00-04:00,8.65999984741211,9.079999923706055,8.51099967956543,8.979999542236328,1028700,8.979999542236328,0.0
KALV,2022-05-30 20:00:00-04:00,8.949999809265137,9.180000305175781,8.829999923706055,8.890000343322754,376200,8.890000343322754,0.0
KALV,2022-05-31 20:00:00-04:00,8.960000038146973,8.960000038146973,8.399999618530273,8.739999771118164,393400,8.739999771118164,0.0
KALV,2022-06-01 20:00:00-04:00,8.770000457763672,8.920000076293945,8.614999771118164,8.6899995803833,357500,8.6899995803833,0.0
KALV,2022-06-02 20:00:00-04:00,8.6899995803833,9.050000190734863,8.6899995803833,9.0,702800,9.0,0.0
KALV,2022-06-05 20:00:00-04:00,8.949999809265137,9.3149995803833,8.550000190734863,8.680000305175781,331900,8.680000305175781,0.0
KALV,2022-06-06 20:00:00-04:00,8.670000076293945,8.920000076293945,8.5600004196167,8.850000381469727,507200,8.850000381469727,0.0
KALV,2022-06-07 20:00:00-04:00,8.729999542236328,8.729999542236328,8.114999771118164,8.399999618530273,405900,8.399999618530273,0.0
KALV,2022-06-08 20:00:00-04:00,8.350000381469727,8.84000015258789,8.210000038146973,8.550000190734863,521400,8.550000190734863,0.0
KALV,2022-06-09 20:00:00-04:00,8.390000343322754,8.470000267028809,8.180000305175781,8.350000381469727,422900,8.350000381469727,0.0
KALV,2022-06-12 20:00:00-04:00,8.109999656677246,8.329999923706055,8.0,8.15999984741211,360700,8.15999984741211,0.0
KALV,2022-06-13 20:00:00-04:00,8.319999694824219,8.399999618530273,8.079999923706055,8.380000114440918,232800,8.380000114440918,0.0
KALV,2022-06-14 20:00:00-04:00,8.460000038146973,9.010000228881836,8.460000038146973,8.90999984741211,365500,8.90999984741211,0.0
KALV,2022-06-15 20:00:00-04:00,8.65999984741211,8.789999961853027,8.390000343322754,8.479999542236328,330700,8.479999542236328,0.0
KALV,2022-06-16 20:00:00-04:00,8.470000267028809,9.399999618530273,8.470000267028809,9.119999885559082,1214400,9.119999885559082,0.0
KALV,2022-06-20 20:00:00-04:00,9.020000457763672,9.789999961853027,9.020000457763672,9.510000228881836,244900,9.510000228881836,0.0
KALV,2022-06-21 20:00:00-04:00,9.479999542236328,9.949999809265137,9.399999618530273,9.619999885559082,251700,9.619999885559082,0.0
KALV,2022-06-22 20:00:00-04:00,9.680000305175781,10.399999618530273,9.680000305175781,10.359999656677246,192100,10.359999656677246,0.0
KALV,2022-06-23 20:00:00-04:00,10.390000343322754,10.579999923706055,10.0600004196167,10.329999923706055,1065900,10.329999923706055,0.0
KALV,2022-06-26 20:00:00-04:00,10.210000038146973,10.380000114440918,9.989999771118164,10.0600004196167,137700,10.0600004196167,0.0
KALV,2022-06-27 20:00:00-04:00,10.069999694824219,10.149999618530273,9.479999542236328,9.619999885559082,107900,9.619999885559082,0.0
KALV,2022-06-28 20:00:00-04:00,9.5,9.819999694824219,9.241999626159668,9.680000305175781,114500,9.680000305175781,0.0
KALV,2022-06-29 20:00:00-04:00,9.489999771118164,9.920000076293945,9.289999961853027,9.84000015258789,99900,9.84000015258789,0.0
KALV,2022-06-30 20:00:00-04:00,9.819999694824219,10.079999923706055,9.494999885559082,9.899999618530273,104800,9.899999618530273,0.0
KALV,2022-07-04 20:00:00-04:00,9.739999771118164,9.970000267028809,9.649999618530273,9.850000381469727,148000,9.850000381469727,0.0
KALV,2022-07-05 20:00:00-04:00,9.84000015258789,10.300000190734863,9.59000015258789,10.010000228881836,117900,10.010000228881836,0.0
KALV,2022-07-06 20:00:00-04:00,10.050000190734863,11.289999961853027,10.050000190734863,10.979999542236328,173300,10.979999542236328,0.0
KALV,2022-07-07 20:00:00-04:00,10.6899995803833,11.220000267028809,10.6899995803833,11.069999694824219,130500,11.069999694824219,0.0
KALV,2022-07-10 20:00:00-04:00,11.010000228881836,11.010000228881836,10.539999961853027,10.59000015258789,115400,10.59000015258789,0.0
KALV,2022-07-11 20:00:00-04:00,10.640000343322754,11.850000381469727,10.390000343322754,11.8100004196167,362600,11.8100004196167,0.0
KALV,2022-07-12 20:00:00-04:00,11.569999694824219,12.539999961853027,10.496000289916992,12.430000305175781,187400,12.430000305175781,0.0
KALV,2022-07-13 20:00:00-04:00,12.210000038146973,12.350000381469727,11.710000038146973,12.039999961853027,111200,12.039999961853027,0.0
KALV,2022-07-14 20:00:00-04:00,11.90999984741211,12.529999732971191,11.829999923706055,12.329999923706055,188000,12.329999923706055,0.0
KALV,2022-07-17 20:00:00-04:00,12.460000038146973,12.654999732971191,12.029999732971191,12.109999656677246,158000,12.109999656677246,0.0
KALV,2022-07-18 20:00:00-04:00,12.130000114440918,12.604999542236328,11.9399995803833,12.529999732971191,166800,12.529999732971191,0.0
KALV,2022-07-19 20:00:00-04:00,12.619999885559082,13.609999656677246,12.619999885559082,13.460000038146973,346600,13.460000038146973,0.0
KALV,2022-07-20 20:00:00-04:00,13.369999885559082,13.710000038146973,13.119999885559082,13.630000114440918,169900,13.630000114440918,0.0
KALV,2022-07-21 20:00:00-04:00,13.600000381469727,13.699999809265137,13.210000038146973,13.449999809265137,239600,13.449999809265137,0.0
KALV,2022-07-24 20:00:00-04:00,13.289999961853027,13.630000114440918,13.140000343322754,13.199999809265137,138400,13.199999809265137,0.0
KALV,2022-07-25 20:00:00-04:00,13.130000114440918,13.289999961853027,12.6899995803833,12.90999984741211,104500,12.90999984741211,0.0
KALV,2022-07-26 20:00:00-04:00,12.989999771118164,13.244999885559082,12.647000312805176,13.09000015258789,92500,13.09000015258789,0.0
KALV,2022-07-27 20:00:00-04:00,13.09000015258789,13.09000015258789,12.789999961853027,12.829999923706055,73300,12.829999923706055,0.0
KALV,2022-07-28 20:00:00-04:00,12.75,12.75,12.289999961853027,12.350000381469727,109600,12.350000381469727,0.0
KALV,2022-07-31 20:00:00-04:00,12.199999809265137,12.670000076293945,12.114999771118164,12.210000038146973,70300,12.210000038146973,0.0
KALV,2022-08-01 20:00:00-04:00,12.100000381469727,12.399999618530273,11.944999694824219,12.1899995803833,65500,12.1899995803833,0.0
KALV,2022-08-02 20:00:00-04:00,12.390000343322754,13.260000228881836,12.390000343322754,13.140000343322754,163100,13.140000343322754,0.0
KALV,2022-08-03 20:00:00-04:00,13.220000267028809,13.430000305175781,13.0,13.15999984741211,151700,13.15999984741211,0.0
KALV,2022-08-04 20:00:00-04:00,12.970000267028809,13.779999732971191,12.920000076293945,13.760000228881836,152500,13.760000228881836,0.0
KALV,2022-08-07 20:00:00-04:00,13.8100004196167,14.029999732971191,12.90999984741211,13.100000381469727,156300,13.100000381469727,0.0
KALV,2022-08-08 20:00:00-04:00,12.970000267028809,13.199999809265137,12.550000190734863,12.979999542236328,68900,12.979999542236328,0.0
KALV,2022-08-09 20:00:00-04:00,13.289999961853027,13.899999618530273,12.380000114440918,13.710000038146973,138900,13.710000038146973,0.0
KALV,2022-08-10 20:00:00-04:00,13.770000457763672,14.34000015258789,12.989999771118164,13.760000228881836,228300,13.760000228881836,0.0
KALV,2022-08-11 20:00:00-04:00,13.829999923706055,14.949999809265137,13.739999771118164,14.819999694824219,260300,14.819999694824219,0.0
KALV,2022-08-14 20:00:00-04:00,14.65999984741211,15.819999694824219,14.65999984741211,15.8100004196167,211100,15.8100004196167,0.0
KALV,2022-08-15 20:00:00-04:00,15.5600004196167,15.850000381469727,14.989999771118164,15.380000114440918,654800,15.380000114440918,0.0
KALV,2022-08-16 20:00:00-04:00,15.229999542236328,15.619999885559082,14.699999809265137,15.210000038146973,238600,15.210000038146973,0.0
KALV,2022-08-17 20:00:00-04:00,14.960000038146973,15.329999923706055,14.699999809265137,15.1899995803833,165300,15.1899995803833,0.0
KALV,2022-08-18 20:00:00-04:00,14.930000305175781,15.050000190734863,14.539999961853027,15.010000228881836,216000,15.010000228881836,0.0
KALV,2022-08-21 20:00:00-04:00,15.0,16.850000381469727,14.949999809265137,16.479999542236328,314500,16.479999542236328,0.0
KALV,2022-08-22 20:00:00-04:00,16.280000686645508,16.809999465942383,16.1299991607666,16.469999313354492,185900,16.469999313354492,0.0
KALV,2022-08-23 20:00:00-04:00,16.399999618530273,16.75,16.2450008392334,16.479999542236328,86700,16.479999542236328,0.0
KALV,2022-08-24 20:00:00-04:00,16.479999542236328,17.0,16.459999084472656,16.579999923706055,118000,16.579999923706055,0.0
KALV,2022-08-25 20:00:00-04:00,16.420000076293945,16.69499969482422,16.06999969482422,16.270000457763672,271400,16.270000457763672,0.0
KALV,2022-08-28 20:00:00-04:00,16.0,16.860000610351562,16.0,16.68000030517578,155200,16.68000030517578,0.0
KALV,2022-08-29 20:00:00-04:00,16.649999618530273,16.8799991607666,16.209999084472656,16.309999465942383,165100,16.309999465942383,0.0
KALV,2022-08-30 20:00:00-04:00,16.450000762939453,16.489999771118164,15.960000038146973,16.469999313354492,180700,16.469999313354492,0.0
KALV,2022-08-31 20:00:00-04:00,16.399999618530273,16.8799991607666,16.239999771118164,16.829999923706055,130100,16.829999923706055,0.0
KALV,2022-09-01 20:00:00-04:00,16.969999313354492,17.059999465942383,16.079999923706055,16.139999389648438,152800,16.139999389648438,0.0
KALV,2022-09-05 20:00:00-04:00,16.239999771118164,16.399999618530273,15.369999885559082,15.479999542236328,274400,15.479999542236328,0.0
KALV,2022-09-06 20:00:00-04:00,15.390000343322754,15.649999618530273,15.225000381469727,15.649999618530273,171500,15.649999618530273,0.0
KALV,2022-09-07 20:00:00-04:00,15.359999656677246,16.18000030517578,15.15999984741211,15.84000015258789,122600,15.84000015258789,0.0
KALV,2022-09-08 20:00:00-04:00,16.0,16.22599983215332,15.444999694824219,15.869999885559082,103700,15.869999885559082,0.0
KALV,2022-09-11 20:00:00-04:00,16.110000610351562,16.110000610351562,15.399999618530273,15.550000190734863,63300,15.550000190734863,0.0
KALV,2022-09-12 20:00:00-04:00,15.15999984741211,15.710000038146973,14.979999542236328,15.260000228881836,141500,15.260000228881836,0.0
KALV,2022-09-13 20:00:00-04:00,15.109999656677246,15.479999542236328,14.890000343322754,15.069999694824219,219400,15.069999694824219,0.0
KALV,2022-09-14 20:00:00-04:00,15.100000381469727,15.5,14.420000076293945,14.8100004196167,197000,14.8100004196167,0.0
KALV,2022-09-15 20:00:00-04:00,14.430000305175781,15.074999809265137,13.979999542236328,14.989999771118164,413500,14.989999771118164,0.0
KALV,2022-09-18 20:00:00-04:00,15.050000190734863,15.220000267028809,14.600000381469727,15.0,320100,15.0,0.0
KALV,2022-09-19 20:00:00-04:00,15.0,15.15999984741211,14.0,14.529999732971191,269600,14.529999732971191,0.0
KALV,2022-09-20 20:00:00-04:00,14.649999618530273,14.649999618530273,13.770000457763672,13.8100004196167,100900,13.8100004196167,0.0
KALV,2022-09-21 20:00:00-04:00,13.760000228881836,13.760000228881836,13.420000076293945,13.6899995803833,77500,13.6899995803833,0.0
KALV,2022-09-22 20:00:00-04:00,13.619999885559082,13.619999885559082,13.079999923706055,13.260000228881836,117300,13.260000228881836,0.0
KALV,2022-09-25 20:00:00-04:00,13.220000267028809,13.6899995803833,13.100000381469727,13.380000114440918,78600,13.380000114440918,0.0
KALV,2022-09-26 20:00:00-04:00,13.460000038146973,14.34000015258789,13.460000038146973,14.3100004196167,133400,14.3100004196167,0.0
KALV,2022-09-27 20:00:00-04:00,14.430000305175781,15.109999656677246,14.270000457763672,14.800000190734863,134900,14.800000190734863,0.0
KALV,2022-09-28 20:00:00-04:00,14.609999656677246,14.90999984741211,13.664999961853027,14.0,99500,14.0,0.0
KALV,2022-09-29 20:00:00-04:00,14.039999961853027,14.989999771118164,14.039999961853027,14.510000228881836,82000,14.510000228881836,0.0
KALV,2022-10-02 20:00:00-04:00,14.729999542236328,14.729999542236328,14.0,14.239999771118164,61800,14.239999771118164,0.0
KALV,2022-10-03 20:00:00-04:00,6.989999771118164,7.559999942779541,5.769999980926514,5.849999904632568,5571500,5.849999904632568,0.0
KALV,2022-10-04 20:00:00-04:00,5.869999885559082,5.90500020980835,5.130000114440918,5.150000095367432,1808000,5.150000095367432,0.0
KALV,2022-10-05 20:00:00-04:00,5.170000076293945,5.260000228881836,4.880000114440918,4.929999828338623,1449700,4.929999828338623,0.0
KALV,2022-10-06 20:00:00-04:00,4.75,4.989999771118164,4.619999885559082,4.949999809265137,1001900,4.949999809265137,0.0
KALV,2022-10-09 20:00:00-04:00,4.849999904632568,4.96999979019165,4.519999980926514,4.690000057220459,607200,4.690000057220459,0.0
KALV,2022-10-10 20:00:00-04:00,4.760000228881836,4.849999904632568,4.53000020980835,4.610000133514404,670400,4.610000133514404,0.0
KALV,2022-10-11 20:00:00-04:00,4.619999885559082,4.730000019073486,4.369999885559082,4.53000020980835,721300,4.53000020980835,0.0
KALV,2022-10-12 20:00:00-04:00,4.5,4.610000133514404,4.440000057220459,4.53000020980835,584100,4.53000020980835,0.0
KALV,2022-10-13 20:00:00-04:00,4.539999961853027,4.730000019073486,4.5,4.559999942779541,520200,4.559999942779541,0.0
KALV,2022-10-16 20:00:00-04:00,4.570000171661377,4.670000076293945,4.480000019073486,4.53000020980835,396900,4.53000020980835,0.0
KALV,2022-10-17 20:00:00-04:00,4.559999942779541,4.690000057220459,4.53000020980835,4.539999961853027,335800,4.539999961853027,0.0
KALV,2022-10-18 20:00:00-04:00,4.53000020980835,4.53000020980835,4.119999885559082,4.199999809265137,702900,4.199999809265137,0.0
KALV,2022-10-19 20:00:00-04:00,4.199999809265137,4.519999980926514,4.119999885559082,4.380000114440918,437900,4.380000114440918,0.0
KALV,2022-10-20 20:00:00-04:00,4.400000095367432,4.5,4.309999942779541,4.380000114440918,382700,4.380000114440918,0.0
KALV,2022-10-23 20:00:00-04:00,4.409999847412109,4.420000076293945,4.230000019073486,4.269999980926514,276700,4.269999980926514,0.0
KALV,2022-10-24 20:00:00-04:00,4.260000228881836,4.53000020980835,4.260000228881836,4.510000228881836,330600,4.510000228881836,0.0
KALV,2022-10-25 20:00:00-04:00,4.519999980926514,4.840000152587891,4.420000076293945,4.699999809265137,289600,4.699999809265137,0.0
KALV,2022-10-26 20:00:00-04:00,4.730000019073486,5.03000020980835,4.639999866485596,5.010000228881836,612600,5.010000228881836,0.0
KALV,2022-10-27 20:00:00-04:00,5.010000228881836,5.179999828338623,4.840000152587891,5.110000133514404,290500,5.110000133514404,0.0
KALV,2022-10-30 20:00:00-04:00,4.96999979019165,5.214000225067139,4.75,5.070000171661377,512900,5.070000171661377,0.0
KALV,2022-10-31 20:00:00-04:00,5.070000171661377,5.313000202178955,5.010000228881836,5.099999904632568,265900,5.099999904632568,0.0
KALV,2022-11-01 20:00:00-04:00,5.099999904632568,5.46999979019165,4.75,5.300000190734863,624000,5.300000190734863,0.0
KALV,2022-11-02 20:00:00-04:00,5.269999980926514,5.429999828338623,5.190000057220459,5.309999942779541,306300,5.309999942779541,0.0
KALV,2022-11-03 20:00:00-04:00,5.329999923706055,5.369999885559082,4.960000038146973,5.21999979019165,268400,5.21999979019165,0.0
KALV,2022-11-06 19:00:00-05:00,5.25,5.480000019073486,5.244999885559082,5.329999923706055,236300,5.329999923706055,0.0
KALV,2022-11-07 19:00:00-05:00,5.360000133514404,5.5,5.260000228881836,5.340000152587891,200000,5.340000152587891,0.0
KALV,2022-11-08 19:00:00-05:00,5.320000171661377,5.329999923706055,5.079999923706055,5.199999809265137,268600,5.199999809265137,0.0
KALV,2022-11-09 19:00:00-05:00,5.360000133514404,5.570000171661377,5.289999961853027,5.53000020980835,268800,5.53000020980835,0.0
KALV,2022-11-10 19:00:00-05:00,5.570000171661377,5.849999904632568,5.46999979019165,5.5,372700,5.5,0.0
KALV,2022-11-13 19:00:00-05:00,5.510000228881836,5.539999961853027,5.21999979019165,5.25,138600,5.25,0.0
KALV,2022-11-14 19:00:00-05:00,5.28000020980835,5.539999961853027,5.179999828338623,5.21999979019165,177300,5.21999979019165,0.0
KALV,2022-11-15 19:00:00-05:00,5.210000038146973,5.389999866485596,4.989999771118164,5.329999923706055,288300,5.329999923706055,0.0
KALV,2022-11-16 19:00:00-05:00,5.300000190734863,5.394000053405762,5.190000057220459,5.369999885559082,207000,5.369999885559082,0.0
KALV,2022-11-17 19:00:00-05:00,5.440000057220459,5.440000057220459,5.079999923706055,5.090000152587891,114900,5.090000152587891,0.0
KALV,2022-11-20 19:00:00-05:00,5.090000152587891,5.349999904632568,4.949999809265137,5.260000228881836,344600,5.260000228881836,0.0
KALV,2022-11-21 19:00:00-05:00,5.190000057220459,5.300000190734863,5.09499979019165,5.260000228881836,127200,5.260000228881836,0.0
KALV,2022-11-22 19:00:00-05:00,5.309999942779541,5.420000076293945,4.96999979019165,5.309999942779541,230400,5.309999942779541,0.0
KALV,2022-11-24 19:00:00-05:00,5.320000171661377,5.320000171661377,5.050000190734863,5.190000057220459,46500,5.190000057220459,0.0
KALV,2022-11-27 19:00:00-05:00,5.230000019073486,5.269999980926514,5.010000228881836,5.039999961853027,143400,5.039999961853027,0.0
KALV,2022-11-28 19:00:00-05:00,5.019999980926514,5.21999979019165,4.954999923706055,5.170000076293945,159500,5.170000076293945,0.0
KALV,2022-11-29 19:00:00-05:00,5.21999979019165,5.619999885559082,5.110000133514404,5.389999866485596,236400,5.389999866485596,0.0
KALV,2022-11-30 19:00:00-05:00,5.380000114440918,5.486000061035156,5.260000228881836,5.340000152587891,99000,5.340000152587891,0.0
KALV,2022-12-01 19:00:00-05:00,5.409999847412109,5.420000076293945,5.230999946594238,5.380000114440918,182300,5.380000114440918,0.0
KALV,2022-12-04 19:00:00-05:00,5.369999885559082,5.389999866485596,5.090000152587891,5.170000076293945,195800,5.170000076293945,0.0
KALV,2022-12-05 19:00:00-05:00,5.179999828338623,5.260000228881836,5.0,5.090000152587891,126800,5.090000152587891,0.0
KALV,2022-12-06 19:00:00-05:00,5.099999904632568,5.260000228881836,5.010000228881836,5.210000038146973,123300,5.210000038146973,0.0
KALV,2022-12-07 19:00:00-05:00,5.25,5.489999771118164,5.15500020980835,5.46999979019165,193200,5.46999979019165,0.0
KALV,2022-12-08 19:00:00-05:00,5.449999809265137,5.760000228881836,5.25,5.71999979019165,275700,5.71999979019165,0.0
KALV,2022-12-11 19:00:00-05:00,5.75,5.929999828338623,5.449999809265137,5.909999847412109,276200,5.909999847412109,0.0
KALV,2022-12-12 19:00:00-05:00,6.0,6.110000133514404,5.505000114440918,5.590000152587891,868600,5.590000152587891,0.0
KALV,2022-12-13 19:00:00-05:00,5.630000114440918,5.71999979019165,5.5,5.659999847412109,202900,5.659999847412109,0.0
KALV,2022-12-14 19:00:00-05:00,5.630000114440918,5.730000019073486,5.5,5.71999979019165,187900,5.71999979019165,0.0
KALV,2022-12-15 19:00:00-05:00,5.650000095367432,5.730000019073486,5.309999942779541,5.630000114440918,471700,5.630000114440918,0.0
KALV,2022-12-18 19:00:00-05:00,5.670000076293945,5.670000076293945,5.150000095367432,5.179999828338623,152100,5.179999828338623,0.0
KALV,2022-12-19 19:00:00-05:00,5.179999828338623,5.289999961853027,5.079999923706055,5.239999771118164,402500,5.239999771118164,0.0
KALV,2022-12-20 19:00:00-05:00,5.269999980926514,5.474999904632568,5.119999885559082,5.449999809265137,143400,5.449999809265137,0.0
KALV,2022-12-21 19:00:00-05:00,5.429999828338623,5.480000019073486,5.380000114440918,5.449999809265137,87300,5.449999809265137,0.0
KALV,2022-12-22 19:00:00-05:00,5.389999866485596,5.670000076293945,5.090000152587891,5.110000133514404,77300,5.110000133514404,0.0
KALV,2022-12-26 19:00:00-05:00,5.75,6.230000019073486,5.699999809265137,5.880000114440918,1350800,5.880000114440918,0.0
KALV,2022-12-27 19:00:00-05:00,5.880000114440918,6.289999961853027,5.869999885559082,6.21999979019165,273800,6.21999979019165,0.0
KALV,2022-12-28 19:00:00-05:00,6.230000019073486,6.869999885559082,6.168000221252441,6.829999923706055,326400,6.829999923706055,0.0
KALV,2022-12-29 19:00:00-05:00,6.789999961853027,6.889999866485596,6.630000114440918,6.760000228881836,184400,6.760000228881836,0.0
KALV,2023-01-02 19:00:00-05:00,6.639999866485596,7.079999923706055,6.5,6.630000114440918,298400,6.630000114440918,0.0
KALV,2023-01-03 19:00:00-05:00,6.659999847412109,6.920000076293945,6.329999923706055,6.78000020980835,295600,6.78000020980835,0.0
KALV,2023-01-04 19:00:00-05:00,6.820000171661377,6.840000152587891,6.199999809265137,6.5,217200,6.5,0.0
KALV,2023-01-05 19:00:00-05:00,6.489999771118164,6.760000228881836,6.300000190734863,6.659999847412109,170000,6.659999847412109,0.0
KALV,2023-01-08 19:00:00-05:00,6.659999847412109,6.800000190734863,6.460000038146973,6.599999904632568,241300,6.599999904632568,0.0
KALV,2023-01-09 19:00:00-05:00,6.550000190734863,7.150000095367432,6.550000190734863,6.78000020980835,522000,6.78000020980835,0.0
KALV,2023-01-10 19:00:00-05:00,6.78000020980835,6.869999885559082,6.579999923706055,6.820000171661377,396500,6.820000171661377,0.0
KALV,2023-01-11 19:00:00-05:00,6.820000171661377,7.090000152587891,6.570000171661377,7.010000228881836,382700,7.010000228881836,0.0
KALV,2023-01-12 19:00:00-05:00,7.0,7.230000019073486,6.940000057220459,7.099999904632568,348200,7.099999904632568,0.0
KALV,2023-01-16 19:00:00-05:00,7.090000152587891,7.21999979019165,6.90500020980835,7.130000114440918,222000,7.130000114440918,0.0
KALV,2023-01-17 19:00:00-05:00,7.079999923706055,7.190000057220459,6.96999979019165,7.039999961853027,160600,7.039999961853027,0.0
KALV,2023-01-18 19:00:00-05:00,6.989999771118164,7.139999866485596,6.909999847412109,7.059999942779541,223100,7.059999942779541,0.0
KALV,2023-01-19 19:00:00-05:00,7.150000095367432,7.46999979019165,7.135000228881836,7.440000057220459,655000,7.440000057220459,0.0
KALV,2023-01-22 19:00:00-05:00,7.429999828338623,8.045000076293945,7.340000152587891,7.949999809265137,778400,7.949999809265137,0.0
KALV,2023-01-23 19:00:00-05:00,8.130000114440918,8.399999618530273,7.889999866485596,8.229999542236328,930100,8.229999542236328,0.0
KALV,2023-01-24 19:00:00-05:00,8.229999542236328,8.505000114440918,7.769999980926514,7.989999771118164,1150800,7.989999771118164,0.0
KALV,2023-01-25 19:00:00-05:00,8.069999694824219,8.539999961853027,7.914999961853027,8.390000343322754,731100,8.390000343322754,0.0
KALV,2023-01-26 19:00:00-05:00,8.399999618530273,8.470000267028809,7.940000057220459,8.130000114440918,336000,8.130000114440918,0.0
KALV,2023-01-29 19:00:00-05:00,8.15999984741211,8.15999984741211,7.739999771118164,7.829999923706055,139100,7.829999923706055,0.0
KALV,2023-01-30 19:00:00-05:00,7.869999885559082,8.039999961853027,7.809999942779541,7.960000038146973,184200,7.960000038146973,0.0
KALV,2023-01-31 19:00:00-05:00,7.949999809265137,7.949999809265137,7.610000133514404,7.639999866485596,224700,7.639999866485596,0.0
KALV,2023-02-01 19:00:00-05:00,7.699999809265137,7.800000190734863,7.519999980926514,7.619999885559082,251900,7.619999885559082,0.0
KALV,2023-02-02 19:00:00-05:00,7.539999961853027,7.989999771118164,7.53000020980835,7.869999885559082,226300,7.869999885559082,0.0
KALV,2023-02-05 19:00:00-05:00,7.909999847412109,8.229999542236328,7.809999942779541,8.069999694824219,331000,8.069999694824219,0.0
KALV,2023-02-06 19:00:00-05:00,8.270000457763672,8.359999656677246,7.909999847412109,8.329999923706055,171700,8.329999923706055,0.0
KALV,2023-02-07 19:00:00-05:00,8.399999618530273,8.539999961853027,7.929999828338623,7.929999828338623,312200,7.929999828338623,0.0
KALV,2023-02-08 19:00:00-05:00,7.940000057220459,8.131999969482422,7.670000076293945,7.670000076293945,191900,7.670000076293945,0.0
KALV,2023-02-09 19:00:00-05:00,7.53000020980835,8.010000228881836,7.409999847412109,7.960000038146973,270800,7.960000038146973,0.0
KALV,2023-02-12 19:00:00-05:00,8.010000228881836,8.326000213623047,7.659999847412109,8.149999618530273,137500,8.149999618530273,0.0
KALV,2023-02-13 19:00:00-05:00,8.130000114440918,8.140000343322754,7.690000057220459,7.929999828338623,207000,7.929999828338623,0.0
KALV,2023-02-14 19:00:00-05:00,7.920000076293945,8.015000343322754,7.659999847412109,7.730000019073486,799500,7.730000019073486,0.0
KALV,2023-02-15 19:00:00-05:00,7.860000133514404,7.860000133514404,7.414999961853027,7.619999885559082,383400,7.619999885559082,0.0
KALV,2023-02-16 19:00:00-05:00,7.679999828338623,8.229999542236328,7.480000019073486,8.119999885559082,192100,8.119999885559082,0.0
KALV,2023-02-20 19:00:00-05:00,8.039999961853027,8.0600004196167,7.739999771118164,7.809999942779541,224000,7.809999942779541,0.0
KALV,2023-02-21 19:00:00-05:00,7.659999847412109,8.0,7.630000114440918,7.920000076293945,369900,7.920000076293945,0.0
KALV,2023-02-22 19:00:00-05:00,7.889999866485596,7.989999771118164,7.735000133514404,7.880000114440918,121200,7.880000114440918,0.0
KALV,2023-02-23 19:00:00-05:00,7.809999942779541,7.810999870300293,7.394999980926514,7.5,197700,7.5,0.0
KALV,2023-02-26 19:00:00-05:00,7.460000038146973,7.559999942779541,7.300000190734863,7.320000171661377,238400,7.320000171661377,0.0
KALV,2023-02-27 19:00:00-05:00,7.139999866485596,7.519999980926514,7.010000228881836,7.329999923706055,1460000,7.329999923706055,0.0
KALV,2023-02-28 19:00:00-05:00,7.380000114440918,7.635000228881836,7.349999904632568,7.599999904632568,288500,7.599999904632568,0.0
KALV,2023-03-01 19:00:00-05:00,7.590000152587891,7.96999979019165,7.5,7.900000095367432,317000,7.900000095367432,0.0
KALV,2023-03-02 19:00:00-05:00,7.900000095367432,8.3100004196167,7.619999885559082,8.170000076293945,271700,8.170000076293945,0.0
KALV,2023-03-05 19:00:00-05:00,8.149999618530273,8.15999984741211,7.590000152587891,7.650000095367432,197300,7.650000095367432,0.0
KALV,2023-03-06 19:00:00-05:00,7.599999904632568,7.929999828338623,7.590000152587891,7.679999828338623,144400,7.679999828338623,0.0
KALV,2023-03-07 19:00:00-05:00,7.630000114440918,7.800000190734863,7.440000057220459,7.769999980926514,165300,7.769999980926514,0.0
KALV,2023-03-08 19:00:00-05:00,7.869999885559082,8.270000457763672,7.300000190734863,7.349999904632568,375200,7.349999904632568,0.0
KALV,2023-03-09 19:00:00-05:00,7.489999771118164,7.489999771118164,6.579999923706055,6.960000038146973,518700,6.960000038146973,0.0
KALV,2023-03-12 20:00:00-04:00,6.889999866485596,7.639999866485596,6.889999866485596,7.489999771118164,201300,7.489999771118164,0.0
KALV,2023-03-13 20:00:00-04:00,7.610000133514404,7.789999961853027,7.369999885559082,7.670000076293945,331200,7.670000076293945,0.0
KALV,2023-03-14 20:00:00-04:00,7.559999942779541,7.679999828338623,7.25,7.449999809265137,255800,7.449999809265137,0.0
KALV,2023-03-15 20:00:00-04:00,7.389999866485596,7.559999942779541,7.239999771118164,7.449999809265137,297900,7.449999809265137,0.0
KALV,2023-03-16 20:00:00-04:00,7.340000152587891,7.489999771118164,7.199999809265137,7.389999866485596,425200,7.389999866485596,0.0
KALV,2023-03-19 20:00:00-04:00,7.369999885559082,7.369999885559082,6.75,7.019999980926514,398600,7.019999980926514,0.0
KALV,2023-03-20 20:00:00-04:00,7.159999847412109,7.159999847412109,6.909999847412109,7.079999923706055,304300,7.079999923706055,0.0
KALV,2023-03-21 20:00:00-04:00,7.079999923706055,7.079999923706055,6.255000114440918,6.300000190734863,415100,6.300000190734863,0.0
KALV,2023-03-22 20:00:00-04:00,6.360000133514404,6.6620001792907715,6.313000202178955,6.5,299600,6.5,0.0
KALV,2023-03-23 20:00:00-04:00,6.429999828338623,6.579999923706055,6.289999961853027,6.510000228881836,114400,6.510000228881836,0.0
KALV,2023-03-26 20:00:00-04:00,6.550000190734863,6.800000190734863,6.5,6.610000133514404,180100,6.610000133514404,0.0
KALV,2023-03-27 20:00:00-04:00,6.630000114440918,6.920000076293945,6.599999904632568,6.809999942779541,118200,6.809999942779541,0.0
KALV,2023-03-28 20:00:00-04:00,6.829999923706055,7.460000038146973,6.829999923706055,7.449999809265137,409100,7.449999809265137,0.0
KALV,2023-03-29 20:00:00-04:00,7.46999979019165,7.630000114440918,7.329999923706055,7.53000020980835,224300,7.53000020980835,0.0
KALV,2023-03-30 20:00:00-04:00,7.579999923706055,7.920000076293945,7.445000171661377,7.860000133514404,511600,7.860000133514404,0.0
KALV,2023-04-02 20:00:00-04:00,7.880000114440918,8.199999809265137,7.869999885559082,8.199999809265137,429500,8.199999809265137,0.0
KALV,2023-04-03 20:00:00-04:00,8.229999542236328,8.270000457763672,7.840000152587891,8.020000457763672,169800,8.020000457763672,0.0
KALV,2023-04-04 20:00:00-04:00,8.0,8.029999732971191,7.630000114440918,7.730000019073486,214100,7.730000019073486,0.0
KALV,2023-04-05 20:00:00-04:00,7.699999809265137,8.09000015258789,7.53000020980835,7.980000019073486,228900,7.980000019073486,0.0
KALV,2023-04-09 20:00:00-04:00,7.960000038146973,8.194999694824219,7.670000076293945,8.1899995803833,256900,8.1899995803833,0.0
KALV,2023-04-10 20:00:00-04:00,8.210000038146973,8.5,8.039999961853027,8.470000267028809,168800,8.470000267028809,0.0
KALV,2023-04-11 20:00:00-04:00,8.529999732971191,8.529999732971191,7.920000076293945,7.980000019073486,174700,7.980000019073486,0.0
KALV,2023-04-12 20:00:00-04:00,8.010000228881836,8.350000381469727,7.809999942779541,8.140000343322754,169500,8.140000343322754,0.0
KALV,2023-04-13 20:00:00-04:00,8.15999984741211,8.15999984741211,7.630000114440918,7.909999847412109,187300,7.909999847412109,0.0
KALV,2023-04-16 20:00:00-04:00,7.960000038146973,8.369999885559082,7.909999847412109,8.0600004196167,491900,8.0600004196167,0.0
KALV,2023-04-17 20:00:00-04:00,8.029999732971191,8.069999694824219,7.75,7.900000095367432,438100,7.900000095367432,0.0
KALV,2023-04-18 20:00:00-04:00,7.869999885559082,8.25,7.769999980926514,8.220000267028809,164300,8.220000267028809,0.0
KALV,2023-04-19 20:00:00-04:00,8.180000305175781,8.25,8.069999694824219,8.15999984741211,71500,8.15999984741211,0.0
KALV,2023-04-20 20:00:00-04:00,8.140000343322754,8.289999961853027,8.0,8.199999809265137,163700,8.199999809265137,0.0
KALV,2023-04-23 20:00:00-04:00,8.210000038146973,8.25,7.96999979019165,8.020000457763672,105800,8.020000457763672,0.0
KALV,2023-04-24 20:00:00-04:00,7.96999979019165,8.260000228881836,7.96999979019165,8.050000190734863,131300,8.050000190734863,0.0
KALV,2023-04-25 20:00:00-04:00,8.020000457763672,8.079000473022461,7.875,8.0,393200,8.0,0.0
KALV,2023-04-26 20:00:00-04:00,8.029999732971191,8.529999732971191,7.940000057220459,8.359999656677246,126000,8.359999656677246,0.0
KALV,2023-04-27 20:00:00-04:00,8.329999923706055,8.6899995803833,8.329999923706055,8.529999732971191,179500,8.529999732971191,0.0
KALV,2023-04-30 20:00:00-04:00,8.529999732971191,8.970000267028809,8.390000343322754,8.869999885559082,288900,8.869999885559082,0.0
KALV,2023-05-01 20:00:00-04:00,8.859999656677246,9.0,8.824999809265137,8.899999618530273,209000,8.899999618530273,0.0
KALV,2023-05-02 20:00:00-04:00,8.90999984741211,9.359999656677246,8.819999694824219,9.170000076293945,661500,9.170000076293945,0.0
KALV,2023-05-03 20:00:00-04:00,9.180000305175781,9.4399995803833,9.100000381469727,9.34000015258789,141500,9.34000015258789,0.0
KALV,2023-05-04 20:00:00-04:00,9.449999809265137,9.649999618530273,9.449999809265137,9.619999885559082,164200,9.619999885559082,0.0
KALV,2023-05-07 20:00:00-04:00,9.489999771118164,9.649999618530273,9.359999656677246,9.539999961853027,303600,9.539999961853027,0.0
KALV,2023-05-08 20:00:00-04:00,9.470000267028809,9.550000190734863,9.345000267028809,9.420000076293945,87500,9.420000076293945,0.0
KALV,2023-05-09 20:00:00-04:00,9.569999694824219,9.880000114440918,9.210000038146973,9.729999542236328,186700,9.729999542236328,0.0
KALV,2023-05-10 20:00:00-04:00,9.579999923706055,9.765000343322754,9.449999809265137,9.729999542236328,104500,9.729999542236328,0.0
KALV,2023-05-11 20:00:00-04:00,9.789999961853027,9.829999923706055,9.619999885559082,9.789999961853027,103800,9.789999961853027,0.0
KALV,2023-05-14 20:00:00-04:00,9.699999809265137,10.350000381469727,9.329999923706055,10.109999656677246,156400,10.109999656677246,0.0
KALV,2023-05-15 20:00:00-04:00,10.079999923706055,10.15999984741211,9.890000343322754,10.050000190734863,230100,10.050000190734863,0.0
KALV,2023-05-16 20:00:00-04:00,10.130000114440918,10.399999618530273,9.930000305175781,10.289999961853027,228600,10.289999961853027,0.0
KALV,2023-05-17 20:00:00-04:00,10.270000457763672,10.430000305175781,9.989999771118164,10.399999618530273,487000,10.399999618530273,0.0
KALV,2023-05-18 20:00:00-04:00,10.470000267028809,10.760000228881836,10.460000038146973,10.529999732971191,159200,10.529999732971191,0.0
KALV,2023-05-21 20:00:00-04:00,10.40999984741211,10.609999656677246,10.100000381469727,10.569999694824219,323600,10.569999694824219,0.0
KALV,2023-05-22 20:00:00-04:00,10.569999694824219,10.949999809265137,10.550000190734863,10.569999694824219,166100,10.569999694824219,0.0
KALV,2023-05-23 20:00:00-04:00,10.5,10.670000076293945,10.329999923706055,10.380000114440918,220800,10.380000114440918,0.0
KALV,2023-05-24 20:00:00-04:00,10.390000343322754,10.569999694824219,9.739999771118164,9.760000228881836,155500,9.760000228881836,0.0
KALV,2023-05-25 20:00:00-04:00,9.760000228881836,9.859999656677246,9.029999732971191,9.479999542236328,247400,9.479999542236328,0.0
KALV,2023-05-29 20:00:00-04:00,9.510000228881836,9.760000228881836,9.199999809265137,9.319999694824219,138400,9.319999694824219,0.0
KALV,2023-05-30 20:00:00-04:00,9.460000038146973,9.800000190734863,9.3100004196167,9.75,121900,9.75,0.0
KALV,2023-05-31 20:00:00-04:00,9.729999542236328,10.239999771118164,9.675000190734863,10.079999923706055,191500,10.079999923706055,0.0
KALV,2023-06-01 20:00:00-04:00,10.1899995803833,10.260000228881836,9.970000267028809,10.0,143200,10.0,0.0
KALV,2023-06-04 20:00:00-04:00,9.960000038146973,10.229999542236328,9.779999732971191,10.180000305175781,306100,10.180000305175781,0.0
KALV,2023-06-05 20:00:00-04:00,10.220000267028809,10.489999771118164,10.029999732971191,10.34000015258789,177000,10.34000015258789,0.0
KALV,2023-06-06 20:00:00-04:00,10.3100004196167,10.479999542236328,9.84000015258789,9.880000114440918,196400,9.880000114440918,0.0
KALV,2023-06-07 20:00:00-04:00,9.779999732971191,10.069999694824219,9.774999618530273,9.989999771118164,188800,9.989999771118164,0.0
KALV,2023-06-08 20:00:00-04:00,10.039999961853027,10.039999961853027,9.770000457763672,9.90999984741211,295900,9.90999984741211,0.0
KALV,2023-06-11 20:00:00-04:00,9.960000038146973,10.229999542236328,9.600000381469727,9.649999618530273,181600,9.649999618530273,0.0
KALV,2023-06-12 20:00:00-04:00,9.630000114440918,9.885000228881836,9.619999885559082,9.75,101700,9.75,0.0
KALV,2023-06-13 20:00:00-04:00,9.75,9.800000190734863,9.510000228881836,9.600000381469727,117200,9.600000381469727,0.0
KALV,2023-06-14 20:00:00-04:00,9.579999923706055,9.6899995803833,9.270000457763672,9.630000114440918,123200,9.630000114440918,0.0
KALV,2023-06-15 20:00:00-04:00,9.739999771118164,9.779999732971191,9.449999809265137,9.649999618530273,251900,9.649999618530273,0.0
KALV,2023-06-19 20:00:00-04:00,9.640000343322754,9.739999771118164,9.390000343322754,9.630000114440918,106800,9.630000114440918,0.0
KALV,2023-06-20 20:00:00-04:00,9.539999961853027,9.819999694824219,9.390000343322754,9.779999732971191,219300,9.779999732971191,0.0
KALV,2023-06-21 20:00:00-04:00,9.760000228881836,10.100000381469727,9.640000343322754,9.9399995803833,124700,9.9399995803833,0.0
KALV,2023-06-22 20:00:00-04:00,9.850000381469727,9.850000381469727,9.010000228881836,9.180000305175781,434100,9.180000305175781,0.0
KALV,2023-06-25 20:00:00-04:00,9.119999885559082,9.279999732971191,8.960000038146973,9.010000228881836,151800,9.010000228881836,0.0
KALV,2023-06-26 20:00:00-04:00,8.979999542236328,9.0,8.800000190734863,8.880000114440918,72100,8.880000114440918,0.0
KALV,2023-06-27 20:00:00-04:00,8.899999618530273,9.210000038146973,8.75,9.15999984741211,179800,9.15999984741211,0.0
KALV,2023-06-28 20:00:00-04:00,9.149999618530273,9.239999771118164,8.970000267028809,9.0,65800,9.0,0.0
KALV,2023-06-29 20:00:00-04:00,9.0600004196167,9.220000267028809,9.0,9.0,226400,9.0,0.0
KALV,2023-07-02 20:00:00-04:00,9.0,9.5,8.760000228881836,9.039999961853027,77000,9.039999961853027,0.0
KALV,2023-07-04 20:00:00-04:00,9.010000228881836,9.270000457763672,8.949999809265137,9.140000343322754,139300,9.140000343322754,0.0
KALV,2023-07-05 20:00:00-04:00,9.119999885559082,9.17199993133545,8.859999656677246,8.949999809265137,124200,8.949999809265137,0.0
KALV,2023-07-06 20:00:00-04:00,9.279999732971191,10.369999885559082,9.25,10.289999961853027,204100,10.289999961853027,0.0
KALV,2023-07-09 20:00:00-04:00,10.40999984741211,11.0,10.201000213623047,10.470000267028809,343200,10.470000267028809,0.0
KALV,2023-07-10 20:00:00-04:00,10.430000305175781,10.4399995803833,9.779999732971191,9.800000190734863,191600,9.800000190734863,0.0
KALV,2023-07-11 20:00:00-04:00,10.09000015258789,10.489999771118164,9.529999732971191,9.630000114440918,179200,9.630000114440918,0.0
KALV,2023-07-12 20:00:00-04:00,9.65999984741211,9.770000457763672,9.395000457763672,9.760000228881836,138900,9.760000228881836,0.0
KALV,2023-07-13 20:00:00-04:00,9.770000457763672,9.770000457763672,9.34000015258789,9.640000343322754,100400,9.640000343322754,0.0
KALV,2023-07-16 20:00:00-04:00,9.680000305175781,10.010000228881836,9.5600004196167,9.59000015258789,71500,9.59000015258789,0.0
KALV,2023-07-17 20:00:00-04:00,9.529999732971191,9.630000114440918,9.140000343322754,9.34000015258789,138800,9.34000015258789,0.0
KALV,2023-07-18 20:00:00-04:00,9.40999984741211,9.9399995803833,9.390000343322754,9.760000228881836,141800,9.760000228881836,0.0
KALV,2023-07-19 20:00:00-04:00,9.779999732971191,9.779999732971191,9.479999542236328,9.649999618530273,107200,9.649999618530273,0.0
KALV,2023-07-20 20:00:00-04:00,9.720000267028809,9.920000076293945,9.460000038146973,9.829999923706055,112000,9.829999923706055,0.0
KALV,2023-07-23 20:00:00-04:00,9.829999923706055,9.829999923706055,9.460000038146973,9.510000228881836,90200,9.510000228881836,0.0
KALV,2023-07-24 20:00:00-04:00,9.510000228881836,9.569999694824219,9.125,9.5,81600,9.5,0.0
KALV,2023-07-25 20:00:00-04:00,9.5,9.75,9.395000457763672,9.510000228881836,96500,9.510000228881836,0.0
KALV,2023-07-26 20:00:00-04:00,9.600000381469727,9.600000381469727,9.265000343322754,9.550000190734863,135800,9.550000190734863,0.0
KALV,2023-07-27 20:00:00-04:00,9.609999656677246,9.880000114440918,9.430000305175781,9.789999961853027,126900,9.789999961853027,0.0
KALV,2023-07-30 20:00:00-04:00,9.800000190734863,10.229999542236328,9.680000305175781,10.100000381469727,153100,10.100000381469727,0.0
KALV,2023-07-31 20:00:00-04:00,10.329999923706055,10.760000228881836,10.0,10.65999984741211,236800,10.65999984741211,0.0
KALV,2023-08-01 20:00:00-04:00,10.789999961853027,11.029999732971191,10.1899995803833,10.800000190734863,305900,10.800000190734863,0.0
KALV,2023-08-02 20:00:00-04:00,10.829999923706055,11.1899995803833,10.720000267028809,11.069999694824219,407800,11.069999694824219,0.0
KALV,2023-08-03 20:00:00-04:00,11.130000114440918,11.239999771118164,10.720000267028809,11.050000190734863,517800,11.050000190734863,0.0
KALV,2023-08-06 20:00:00-04:00,11.050000190734863,11.100000381469727,10.140000343322754,10.899999618530273,487600,10.899999618530273,0.0
KALV,2023-08-07 20:00:00-04:00,10.899999618530273,11.130000114440918,10.520000457763672,10.8100004196167,198800,10.8100004196167,0.0
KALV,2023-08-08 20:00:00-04:00,10.869999885559082,11.0,10.59000015258789,10.729999542236328,183500,10.729999542236328,0.0
KALV,2023-08-09 20:00:00-04:00,10.779999732971191,10.90999984741211,10.640000343322754,10.84000015258789,82300,10.84000015258789,0.0
KALV,2023-08-10 20:00:00-04:00,10.829999923706055,11.220000267028809,10.800000190734863,10.979999542236328,189200,10.979999542236328,0.0
KALV,2023-08-13 20:00:00-04:00,10.970000267028809,10.970000267028809,10.4399995803833,10.609999656677246,204400,10.609999656677246,0.0
KALV,2023-08-14 20:00:00-04:00,10.609999656677246,10.979999542236328,10.5,10.8100004196167,144400,10.8100004196167,0.0
KALV,2023-08-15 20:00:00-04:00,10.75,10.960000038146973,10.199999809265137,10.779999732971191,381400,10.779999732971191,0.0
KALV,2023-08-16 20:00:00-04:00,10.770000457763672,10.979999542236328,10.5600004196167,10.930000305175781,161900,10.930000305175781,0.0
KALV,2023-08-17 20:00:00-04:00,10.699999809265137,10.960000038146973,10.489999771118164,10.779999732971191,286600,10.779999732971191,0.0
KALV,2023-08-20 20:00:00-04:00,10.779999732971191,11.050000190734863,10.720000267028809,10.970000267028809,182200,10.970000267028809,0.0
KALV,2023-08-21 20:00:00-04:00,10.970000267028809,11.449999809265137,10.789999961853027,11.0,193300,11.0,0.0
KALV,2023-08-22 20:00:00-04:00,11.029999732971191,11.177000045776367,10.90999984741211,10.930000305175781,157200,10.930000305175781,0.0
KALV,2023-08-23 20:00:00-04:00,10.9399995803833,10.9399995803833,10.460000038146973,10.604999542236328,479200,10.604999542236328,0.0
KALV,2023-08-24 20:00:00-04:00,10.600000381469727,11.109999656677246,10.321000099182129,10.979999542236328,333700,10.979999542236328,0.0
KALV,2023-08-27 20:00:00-04:00,11.020000457763672,11.119999885559082,10.789999961853027,10.819999694824219,152200,10.819999694824219,0.0
KALV,2023-08-28 20:00:00-04:00,10.819999694824219,11.020000457763672,10.479999542236328,10.859999656677246,168200,10.859999656677246,0.0
KALV,2023-08-29 20:00:00-04:00,10.869999885559082,11.369999885559082,10.720000267028809,11.350000381469727,125600,11.350000381469727,0.0
KALV,2023-08-30 20:00:00-04:00,11.40999984741211,11.40999984741211,10.420000076293945,10.850000381469727,375600,10.850000381469727,0.0
KALV,2023-08-31 20:00:00-04:00,10.930000305175781,11.015000343322754,10.640000343322754,10.65999984741211,117100,10.65999984741211,0.0
KALV,2023-09-04 20:00:00-04:00,10.630000114440918,10.902999877929688,10.354999542236328,10.579999923706055,292800,10.579999923706055,0.0
KALV,2023-09-05 20:00:00-04:00,10.59000015258789,11.074999809265137,10.329999923706055,10.774999618530273,252100,10.774999618530273,0.0
KALV,2023-09-06 20:00:00-04:00,10.699999809265137,11.25,10.350000381469727,10.84000015258789,396400,10.84000015258789,0.0
KALV,2023-09-07 20:00:00-04:00,10.9399995803833,10.9399995803833,10.34000015258789,10.350000381469727,372800,10.350000381469727,0.0
KALV,2023-09-10 20:00:00-04:00,10.380000114440918,10.710000038146973,10.28499984741211,10.539999961853027,240800,10.539999961853027,0.0
KALV,2023-09-11 20:00:00-04:00,10.5,10.600000381469727,10.1899995803833,10.319999694824219,180600,10.319999694824219,0.0
KALV,2023-09-12 20:00:00-04:00,10.380000114440918,10.449999809265137,10.050000190734863,10.09000015258789,172900,10.09000015258789,0.0
KALV,2023-09-13 20:00:00-04:00,10.069999694824219,10.220000267028809,9.880000114440918,9.970000267028809,138900,9.970000267028809,0.0
KALV,2023-09-14 20:00:00-04:00,9.989999771118164,10.029999732971191,9.609999656677246,9.819999694824219,450100,9.819999694824219,0.0
KALV,2023-09-17 20:00:00-04:00,9.829999923706055,9.890000343322754,9.59000015258789,9.800000190734863,99000,9.800000190734863,0.0
KALV,2023-09-18 20:00:00-04:00,9.800000190734863,10.029999732971191,9.739999771118164,9.920000076293945,161000,9.920000076293945,0.0
KALV,2023-09-19 20:00:00-04:00,9.9399995803833,9.975000381469727,9.460000038146973,9.515000343322754,129000,9.515000343322754,0.0
KALV,2023-09-20 20:00:00-04:00,9.470000267028809,9.779999732971191,9.364999771118164,9.5600004196167,297800,9.5600004196167,0.0
KALV,2023-09-21 20:00:00-04:00,9.569999694824219,9.569999694824219,9.079999923706055,9.119999885559082,139000,9.119999885559082,0.0
KALV,2023-09-24 20:00:00-04:00,9.0600004196167,9.630000114440918,8.984999656677246,9.579999923706055,360700,9.579999923706055,0.0
KALV,2023-09-25 20:00:00-04:00,9.609999656677246,10.319999694824219,9.609999656677246,10.079999923706055,359100,10.079999923706055,0.0
KALV,2023-09-26 20:00:00-04:00,10.0,10.289999961853027,9.75,9.859999656677246,206600,9.859999656677246,0.0
KALV,2023-09-27 20:00:00-04:00,9.84000015258789,9.989999771118164,9.600000381469727,9.65999984741211,267900,9.65999984741211,0.0
KALV,2023-09-28 20:00:00-04:00,9.680000305175781,9.75,9.15999984741211,9.630000114440918,255600,9.630000114440918,0.0
KALV,2023-10-01 20:00:00-04:00,9.579999923706055,9.670000076293945,8.829999923706055,8.979999542236328,2204300,8.979999542236328,0.0
KALV,2023-10-02 20:00:00-04:00,9.050000190734863,9.899999618530273,8.289999961853027,8.579999923706055,1006800,8.579999923706055,0.0
KALV,2023-10-03 20:00:00-04:00,8.579999923706055,9.329999923706055,8.4399995803833,9.039999961853027,316500,9.039999961853027,0.0
KALV,2023-10-04 20:00:00-04:00,9.0,9.880000114440918,8.930000305175781,9.8100004196167,257800,9.8100004196167,0.0
KALV,2023-10-05 20:00:00-04:00,9.760000228881836,9.779999732971191,8.859999656677246,9.460000038146973,196800,9.460000038146973,0.0
KALV,2023-10-08 20:00:00-04:00,9.350000381469727,9.449999809265137,9.0,9.399999618530273,291000,9.399999618530273,0.0
KALV,2023-10-09 20:00:00-04:00,9.4399995803833,9.859999656677246,9.34000015258789,9.630000114440918,87800,9.630000114440918,0.0
KALV,2023-10-10 20:00:00-04:00,9.600000381469727,9.890000343322754,9.510000228881836,9.640000343322754,136300,9.640000343322754,0.0
KALV,2023-10-11 20:00:00-04:00,9.630000114440918,9.630000114440918,8.970000267028809,9.180000305175781,174100,9.180000305175781,0.0
KALV,2023-10-12 20:00:00-04:00,9.1899995803833,9.229999542236328,8.960000038146973,9.079999923706055,193700,9.079999923706055,0.0
KALV,2023-10-15 20:00:00-04:00,9.09000015258789,9.470000267028809,8.960000038146973,9.25,120400,9.25,0.0
KALV,2023-10-16 20:00:00-04:00,9.25,9.604999542236328,9.149999618530273,9.489999771118164,370600,9.489999771118164,0.0
KALV,2023-10-17 20:00:00-04:00,9.449999809265137,9.449999809265137,8.90999984741211,9.149999618530273,281000,9.149999618530273,0.0
KALV,2023-10-18 20:00:00-04:00,9.140000343322754,9.154999732971191,8.609999656677246,8.850000381469727,159700,8.850000381469727,0.0
KALV,2023-10-19 20:00:00-04:00,8.890000343322754,9.050000190734863,8.720000267028809,8.859999656677246,172000,8.859999656677246,0.0
KALV,2023-10-22 20:00:00-04:00,8.84000015258789,8.84000015258789,8.399999618530273,8.510000228881836,210500,8.510000228881836,0.0
KALV,2023-10-23 20:00:00-04:00,8.569999694824219,8.880000114440918,8.5,8.5,185000,8.5,0.0
KALV,2023-10-24 20:00:00-04:00,8.479999542236328,8.600000381469727,7.800000190734863,7.929999828338623,173100,7.929999828338623,0.0
KALV,2023-10-25 20:00:00-04:00,7.909999847412109,8.4399995803833,7.849999904632568,8.050000190734863,178400,8.050000190734863,0.0
KALV,2023-10-26 20:00:00-04:00,8.0,8.0600004196167,7.820000171661377,7.989999771118164,198400,7.989999771118164,0.0
KALV,2023-10-29 20:00:00-04:00,7.980000019073486,8.109999656677246,7.769999980926514,8.020000457763672,176000,8.020000457763672,0.0
KALV,2023-10-30 20:00:00-04:00,8.020000457763672,8.5649995803833,7.989999771118164,8.489999771118164,219600,8.489999771118164,0.0
KALV,2023-10-31 20:00:00-04:00,8.25,8.770000457763672,8.140000343322754,8.770000457763672,162200,8.770000457763672,0.0
KALV,2023-11-01 20:00:00-04:00,8.819999694824219,9.0,8.579999923706055,8.664999961853027,320400,8.664999961853027,0.0
KALV,2023-11-02 20:00:00-04:00,8.880000114440918,8.989999771118164,8.5,8.670000076293945,363200,8.670000076293945,0.0
KALV,2023-11-05 19:00:00-05:00,8.6899995803833,8.829999923706055,8.369999885559082,8.5,286700,8.5,0.0
KALV,2023-11-06 19:00:00-05:00,8.670000076293945,8.670000076293945,8.149999618530273,8.359999656677246,442400,8.359999656677246,0.0
KALV,2023-11-07 19:00:00-05:00,8.350000381469727,8.399999618530273,8.1899995803833,8.270000457763672,460000,8.270000457763672,0.0
KALV,2023-11-08 19:00:00-05:00,8.279999732971191,8.4399995803833,7.699999809265137,7.840000152587891,312000,7.840000152587891,0.0
KALV,2023-11-09 19:00:00-05:00,7.900000095367432,8.140000343322754,7.800000190734863,8.069999694824219,378800,8.069999694824219,0.0
KALV,2023-11-12 19:00:00-05:00,8.199999809265137,8.229999542236328,7.210000038146973,7.71999979019165,328800,7.71999979019165,0.0
KALV,2023-11-13 19:00:00-05:00,7.980000019073486,8.1899995803833,7.610000133514404,7.78000020980835,260500,7.78000020980835,0.0
KALV,2023-11-14 19:00:00-05:00,7.78000020980835,8.145999908447266,7.639999866485596,7.690000057220459,208800,7.690000057220459,0.0
KALV,2023-11-15 19:00:00-05:00,7.730000019073486,7.994999885559082,7.5,7.610000133514404,137200,7.610000133514404,0.0
KALV,2023-11-16 19:00:00-05:00,7.690000057220459,8.199999809265137,7.650000095367432,8.119999885559082,312700,8.119999885559082,0.0
KALV,2023-11-19 19:00:00-05:00,8.109999656677246,8.670000076293945,8.0,8.210000038146973,316400,8.210000038146973,0.0
KALV,2023-11-20 19:00:00-05:00,8.100000381469727,8.3100004196167,7.699999809265137,7.730000019073486,620700,7.730000019073486,0.0
KALV,2023-11-21 19:00:00-05:00,7.980000019073486,7.980000019073486,7.473999977111816,7.579999923706055,195600,7.579999923706055,0.0
KALV,2023-11-23 19:00:00-05:00,7.610000133514404,8.149999618530273,7.519999980926514,8.149999618530273,123200,8.149999618530273,0.0
KALV,2023-11-26 19:00:00-05:00,8.1899995803833,8.40999984741211,7.840000152587891,8.079999923706055,154300,8.079999923706055,0.0
KALV,2023-11-27 19:00:00-05:00,8.100000381469727,8.539999961853027,7.860000133514404,8.359999656677246,158700,8.359999656677246,0.0
KALV,2023-11-28 19:00:00-05:00,8.5,8.829999923706055,8.3100004196167,8.420000076293945,162400,8.420000076293945,0.0
KALV,2023-11-29 19:00:00-05:00,8.510000228881836,8.649999618530273,8.220000267028809,8.4399995803833,218100,8.4399995803833,0.0
KALV,2023-11-30 19:00:00-05:00,8.510000228881836,8.979999542236328,8.510000228881836,8.819999694824219,242800,8.819999694824219,0.0
KALV,2023-12-03 19:00:00-05:00,8.899999618530273,9.109999656677246,8.645000457763672,8.890000343322754,173900,8.890000343322754,0.0
KALV,2023-12-04 19:00:00-05:00,8.899999618530273,9.130000114440918,8.789999961853027,8.920000076293945,188700,8.920000076293945,0.0
KALV,2023-12-05 19:00:00-05:00,8.960000038146973,9.220000267028809,8.800000190734863,8.970000267028809,130900,8.970000267028809,0.0
KALV,2023-12-06 19:00:00-05:00,8.920000076293945,9.0,8.4399995803833,8.970000267028809,229300,8.970000267028809,0.0
KALV,2023-12-07 19:00:00-05:00,8.899999618530273,8.899999618530273,7.920000076293945,8.15999984741211,380900,8.15999984741211,0.0
KALV,2023-12-10 19:00:00-05:00,8.1899995803833,8.850000381469727,7.389999866485596,8.789999961853027,622900,8.789999961853027,0.0
KALV,2023-12-11 19:00:00-05:00,8.880000114440918,9.949999809265137,8.1899995803833,9.760000228881836,548400,9.760000228881836,0.0
KALV,2023-12-12 19:00:00-05:00,9.75,10.1899995803833,9.307000160217285,9.899999618530273,306500,9.899999618530273,0.0
KALV,2023-12-13 19:00:00-05:00,10.140000343322754,10.779999732971191,9.859999656677246,10.5,469400,10.5,0.0
KALV,2023-12-14 19:00:00-05:00,10.539999961853027,10.930000305175781,10.1850004196167,10.680000305175781,1306100,10.680000305175781,0.0
KALV,2023-12-17 19:00:00-05:00,10.520000457763672,10.770000457763672,10.319999694824219,10.649999618530273,278000,10.649999618530273,0.0
KALV,2023-12-18 19:00:00-05:00,10.760000228881836,11.229999542236328,10.430000305175781,11.0600004196167,313400,11.0600004196167,0.0
KALV,2023-12-19 19:00:00-05:00,11.010000228881836,11.600000381469727,10.819999694824219,11.0,327600,11.0,0.0
KALV,2023-12-20 19:00:00-05:00,11.1899995803833,11.399999618530273,10.649999618530273,11.270000457763672,149900,11.270000457763672,0.0
KALV,2023-12-21 19:00:00-05:00,11.420000076293945,11.800000190734863,11.260000228881836,11.675000190734863,316200,11.675000190734863,0.0
KALV,2023-12-25 19:00:00-05:00,11.739999771118164,11.930000305175781,11.319999694824219,11.829999923706055,342000,11.829999923706055,0.0
KALV,2023-12-26 19:00:00-05:00,11.989999771118164,12.119999885559082,11.569999694824219,12.039999961853027,347800,12.039999961853027,0.0
KALV,2023-12-27 19:00:00-05:00,11.9399995803833,12.744999885559082,11.699999809265137,12.079999923706055,1219900,12.079999923706055,0.0
KALV,2023-12-28 19:00:00-05:00,12.140000343322754,12.600000381469727,11.930000305175781,12.25,232400,12.25,0.0
KALV,2024-01-01 19:00:00-05:00,12.529999732971191,13.0,11.979999542236328,12.149999618530273,416200,12.149999618530273,0.0
KALV,2024-01-02 19:00:00-05:00,12.140000343322754,12.5600004196167,11.930000305175781,12.130000114440918,305100,12.130000114440918,0.0
KALV,2024-01-03 19:00:00-05:00,12.130000114440918,12.220000267028809,11.600000381469727,11.729999542236328,370000,11.729999542236328,0.0
KALV,2024-01-04 19:00:00-05:00,11.520000457763672,11.710000038146973,11.180000305175781,11.369999885559082,424300,11.369999885559082,0.0
KALV,2024-01-07 19:00:00-05:00,11.710000038146973,13.050000190734863,11.579999923706055,13.0,547600,13.0,0.0
KALV,2024-01-08 19:00:00-05:00,12.880000114440918,13.0,12.329999923706055,12.770000457763672,477000,12.770000457763672,0.0
KALV,2024-01-09 19:00:00-05:00,12.609999656677246,13.130000114440918,12.369999885559082,12.710000038146973,386500,12.710000038146973,0.0
KALV,2024-01-10 19:00:00-05:00,12.739999771118164,13.137999534606934,12.420000076293945,13.119999885559082,475900,13.119999885559082,0.0
KALV,2024-01-11 19:00:00-05:00,13.25,13.369999885559082,12.75,12.960000038146973,465100,12.960000038146973,0.0
KALV,2024-01-15 19:00:00-05:00,12.979999542236328,13.09000015258789,12.529999732971191,12.829999923706055,316200,12.829999923706055,0.0
KALV,2024-01-16 19:00:00-05:00,12.710000038146973,13.15999984741211,12.25,13.0,547600,13.0,0.0
KALV,2024-01-17 19:00:00-05:00,13.050000190734863,13.050000190734863,12.390000343322754,12.460000038146973,226000,12.460000038146973,0.0
KALV,2024-01-18 19:00:00-05:00,12.470000267028809,12.59000015258789,12.16100025177002,12.40999984741211,286400,12.40999984741211,0.0
KALV,2024-01-21 19:00:00-05:00,12.670000076293945,13.109999656677246,12.369999885559082,12.989999771118164,478100,12.989999771118164,0.0
KALV,2024-01-22 19:00:00-05:00,13.050000190734863,13.069999694824219,12.369999885559082,12.510000228881836,209600,12.510000228881836,0.0
KALV,2024-01-23 19:00:00-05:00,12.640000343322754,12.640000343322754,12.0,12.15999984741211,212400,12.15999984741211,0.0
KALV,2024-01-24 19:00:00-05:00,12.5,13.109999656677246,12.5,12.850000381469727,280900,12.850000381469727,0.0
KALV,2024-01-25 19:00:00-05:00,12.850000381469727,13.470000267028809,12.720000267028809,13.369999885559082,509100,13.369999885559082,0.0
KALV,2024-01-28 19:00:00-05:00,13.399999618530273,14.5600004196167,13.149999618530273,14.329999923706055,628100,14.329999923706055,0.0
KALV,2024-01-29 19:00:00-05:00,14.390000343322754,14.9399995803833,14.149999618530273,14.8100004196167,936200,14.8100004196167,0.0
KALV,2024-01-30 19:00:00-05:00,14.760000228881836,16.209999084472656,14.503999710083008,15.770000457763672,922700,15.770000457763672,0.0
KALV,2024-01-31 19:00:00-05:00,15.8100004196167,16.8799991607666,15.369999885559082,15.739999771118164,902000,15.739999771118164,0.0
KALV,2024-02-01 19:00:00-05:00,15.5600004196167,16.079999923706055,15.09000015258789,15.220000267028809,630800,15.220000267028809,0.0
KALV,2024-02-04 19:00:00-05:00,15.199999809265137,16.1200008392334,15.010000228881836,15.850000381469727,422100,15.850000381469727,0.0
KALV,2024-02-05 19:00:00-05:00,15.720000267028809,16.110000610351562,14.710000038146973,14.829999923706055,510100,14.829999923706055,0.0
KALV,2024-02-06 19:00:00-05:00,14.789999961853027,14.979999542236328,14.3100004196167,14.449999809265137,667000,14.449999809265137,0.0
KALV,2024-02-07 19:00:00-05:00,14.479999542236328,14.90999984741211,14.350000381469727,14.899999618530273,445000,14.899999618530273,0.0
KALV,2024-02-08 19:00:00-05:00,15.470000267028809,16.239999771118164,15.300000190734863,16.0,451700,16.0,0.0
KALV,2024-02-11 19:00:00-05:00,16.040000915527344,16.399999618530273,15.800000190734863,16.040000915527344,453500,16.040000915527344,0.0
KALV,2024-02-12 19:00:00-05:00,15.84000015258789,16.12700080871582,13.260000228881836,14.850000381469727,4457300,14.850000381469727,0.0
KALV,2024-02-13 19:00:00-05:00,14.949999809265137,15.25,14.369999885559082,14.399999618530273,1605100,14.399999618530273,0.0
KALV,2024-02-14 19:00:00-05:00,16.079999923706055,16.878999710083008,14.649999618530273,14.760000228881836,7340100,14.760000228881836,0.0
KALV,2024-02-15 19:00:00-05:00,14.65999984741211,15.0,14.3100004196167,14.859999656677246,1209500,14.859999656677246,0.0
KALV,2024-02-19 19:00:00-05:00,14.600000381469727,14.779999732971191,13.611000061035156,13.800000190734863,1385400,13.800000190734863,0.0
KALV,2024-02-20 19:00:00-05:00,13.760000228881836,13.890000343322754,13.029999732971191,13.039999961853027,1011200,13.039999961853027,0.0
KALV,2024-02-21 19:00:00-05:00,13.109999656677246,13.164999961853027,12.479999542236328,12.579999923706055,1269400,12.579999923706055,0.0
KALV,2024-02-22 19:00:00-05:00,12.5,12.697999954223633,11.930000305175781,12.579999923706055,1303300,12.579999923706055,0.0
KALV,2024-02-25 19:00:00-05:00,13.100000381469727,13.760000228881836,12.720000267028809,13.6899995803833,964700,13.6899995803833,0.0
KALV,2024-02-26 19:00:00-05:00,13.869999885559082,14.800000190734863,13.819999694824219,14.619999885559082,1040200,14.619999885559082,0.0
KALV,2024-02-27 19:00:00-05:00,14.600000381469727,14.640000343322754,13.319999694824219,13.390000343322754,960500,13.390000343322754,0.0
KALV,2024-02-28 19:00:00-05:00,13.579999923706055,13.8100004196167,13.430999755859375,13.649999618530273,649000,13.649999618530273,0.0
KALV,2024-02-29 19:00:00-05:00,13.729999542236328,14.279999732971191,13.680000305175781,14.140000343322754,501900,14.140000343322754,0.0
KALV,2024-03-03 19:00:00-05:00,14.270000457763672,14.270000457763672,13.854999542236328,14.029999732971191,414200,14.029999732971191,0.0
KALV,2024-03-04 19:00:00-05:00,13.90999984741211,14.210000038146973,13.859999656677246,13.979999542236328,434300,13.979999542236328,0.0
KALV,2024-03-05 19:00:00-05:00,14.109999656677246,14.619999885559082,14.0,14.380000114440918,563100,14.380000114440918,0.0
KALV,2024-03-06 19:00:00-05:00,13.789999961853027,14.449999809265137,12.864999771118164,14.005000114440918,1128300,14.005000114440918,0.0
KALV,2024-03-07 19:00:00-05:00,14.140000343322754,14.529999732971191,13.75,14.359999656677246,1217100,14.359999656677246,0.0
KALV,2024-03-10 20:00:00-04:00,14.039999961853027,14.4399995803833,13.0600004196167,13.100000381469727,664500,13.100000381469727,0.0
KALV,2024-03-11 20:00:00-04:00,12.859999656677246,13.069999694824219,12.3100004196167,12.489999771118164,589000,12.489999771118164,0.0
KALV,2024-03-12 20:00:00-04:00,12.579999923706055,12.779999732971191,12.420000076293945,12.489999771118164,408300,12.489999771118164,0.0
KALV,2024-03-13 20:00:00-04:00,12.420000076293945,12.569999694824219,12.119999885559082,12.430000305175781,461800,12.430000305175781,0.0
KALV,2024-03-14 20:00:00-04:00,12.420000076293945,12.5600004196167,11.869999885559082,11.930000305175781,792500,11.930000305175781,0.0
KALV,2024-03-17 20:00:00-04:00,11.920000076293945,12.350000381469727,11.579999923706055,11.989999771118164,560300,11.989999771118164,0.0
KALV,2024-03-18 20:00:00-04:00,11.869999885559082,12.380000114440918,11.645000457763672,11.84000015258789,454900,11.84000015258789,0.0
KALV,2024-03-19 20:00:00-04:00,12.0,12.239999771118164,11.75,12.229999542236328,446800,12.229999542236328,0.0
KALV,2024-03-20 20:00:00-04:00,12.300000190734863,12.699999809265137,12.0649995803833,12.149999618530273,280300,12.149999618530273,0.0
KALV,2024-03-21 20:00:00-04:00,12.170000076293945,12.289999961853027,11.739999771118164,11.850000381469727,270700,11.850000381469727,0.0
KALV,2024-03-24 20:00:00-04:00,11.739999771118164,11.84000015258789,11.039999961853027,11.130000114440918,514100,11.130000114440918,0.0
KALV,2024-03-25 20:00:00-04:00,11.220000267028809,11.380000114440918,10.699999809265137,11.109999656677246,520300,11.109999656677246,0.0
KALV,2024-03-26 20:00:00-04:00,11.199999809265137,11.40999984741211,10.970000267028809,11.069999694824219,266000,11.069999694824219,0.0
KALV,2024-03-27 20:00:00-04:00,11.079999923706055,12.456000328063965,10.920000076293945,11.859999656677246,2152900,11.859999656677246,0.0
KALV,2024-03-31 20:00:00-04:00,11.770000457763672,11.789999961853027,11.029999732971191,11.399999618530273,817300,11.399999618530273,0.0
KALV,2024-04-01 20:00:00-04:00,11.149999618530273,11.479999542236328,10.914999961853027,11.039999961853027,1473200,11.039999961853027,0.0
KALV,2024-04-02 20:00:00-04:00,11.010000228881836,11.34000015258789,10.8100004196167,11.260000228881836,221900,11.260000228881836,0.0
KALV,2024-04-03 20:00:00-04:00,11.300000190734863,11.420000076293945,10.944999694824219,11.210000038146973,500300,11.210000038146973,0.0
KALV,2024-04-04 20:00:00-04:00,11.130000114440918,11.375,10.970000267028809,11.09000015258789,184400,11.09000015258789,0.0
KALV,2024-04-07 20:00:00-04:00,11.109999656677246,11.196999549865723,10.819999694824219,11.039999961853027,210200,11.039999961853027,0.0
KALV,2024-04-08 20:00:00-04:00,11.09000015258789,11.850000381469727,11.020000457763672,11.8100004196167,571600,11.8100004196167,0.0
KALV,2024-04-09 20:00:00-04:00,11.720000267028809,11.9399995803833,11.369999885559082,11.930000305175781,554600,11.930000305175781,0.0
KALV,2024-04-10 20:00:00-04:00,11.869999885559082,12.260000228881836,11.710000038146973,12.100000381469727,312100,12.100000381469727,0.0
KALV,2024-04-11 20:00:00-04:00,11.880000114440918,12.050000190734863,11.699999809265137,11.890000343322754,237900,11.890000343322754,0.0
KALV,2024-04-14 20:00:00-04:00,11.819999694824219,12.010000228881836,11.5,11.739999771118164,313500,11.739999771118164,0.0
KALV,2024-04-15 20:00:00-04:00,11.529999732971191,12.170000076293945,11.470000267028809,11.880000114440918,489700,11.880000114440918,0.0
KALV,2024-04-16 20:00:00-04:00,11.800000190734863,11.9399995803833,11.649999618530273,11.649999618530273,298700,11.649999618530273,0.0
KALV,2024-04-17 20:00:00-04:00,11.529999732971191,11.75,11.279999732971191,11.5,408700,11.5,0.0
KALV,2024-04-18 20:00:00-04:00,11.420000076293945,11.779999732971191,11.270000457763672,11.569999694824219,347000,11.569999694824219,0.0
KALV,2024-04-21 20:00:00-04:00,11.609999656677246,11.779999732971191,11.354999542236328,11.4399995803833,289200,11.4399995803833,0.0
KALV,2024-04-22 20:00:00-04:00,11.430000305175781,11.710000038146973,11.1899995803833,11.210000038146973,192500,11.210000038146973,0.0
KALV,2024-04-23 20:00:00-04:00,11.180000305175781,11.180000305175781,10.319999694824219,10.350000381469727,482300,10.350000381469727,0.0
KALV,2024-04-24 20:00:00-04:00,10.119999885559082,10.520000457763672,10.104999542236328,10.489999771118164,363800,10.489999771118164,0.0
KALV,2024-04-25 20:00:00-04:00,10.5,10.8100004196167,10.260000228881836,10.779999732971191,241400,10.779999732971191,0.0
KALV,2024-04-28 20:00:00-04:00,10.920000076293945,11.1899995803833,10.880000114440918,11.010000228881836,194300,11.010000228881836,0.0
KALV,2024-04-29 20:00:00-04:00,11.0,11.399999618530273,10.920000076293945,11.350000381469727,321800,11.350000381469727,0.0
KALV,2024-04-30 20:00:00-04:00,11.350000381469727,12.520000457763672,11.350000381469727,12.180000305175781,482100,12.180000305175781,0.0
KALV,2024-05-01 20:00:00-04:00,12.229999542236328,12.300000190734863,11.75,12.170000076293945,571500,12.170000076293945,0.0
KALV,2024-05-02 20:00:00-04:00,12.239999771118164,12.479999542236328,11.954999923706055,12.130000114440918,199700,12.130000114440918,0.0
KALV,2024-05-05 20:00:00-04:00,12.220000267028809,12.220000267028809,12.020000457763672,12.140000343322754,193100,12.140000343322754,0.0
KALV,2024-05-06 20:00:00-04:00,12.180000305175781,12.279999732971191,11.970000267028809,12.1899995803833,131200,12.1899995803833,0.0
KALV,2024-05-07 20:00:00-04:00,12.069999694824219,12.25,12.0,12.0600004196167,160800,12.0600004196167,0.0
KALV,2024-05-08 20:00:00-04:00,12.0,12.210000038146973,11.979999542236328,12.09000015258789,129000,12.09000015258789,0.0
KALV,2024-05-09 20:00:00-04:00,12.100000381469727,12.149999618530273,11.789999961853027,12.079999923706055,217900,12.079999923706055,0.0
KALV,2024-05-12 20:00:00-04:00,12.149999618530273,12.430000305175781,11.90999984741211,12.0,206900,12.0,0.0
KALV,2024-05-13 20:00:00-04:00,12.130000114440918,12.550000190734863,12.0600004196167,12.489999771118164,235900,12.489999771118164,0.0
KALV,2024-05-14 20:00:00-04:00,12.699999809265137,12.920000076293945,11.930000305175781,12.010000228881836,272300,12.010000228881836,0.0
KALV,2024-05-15 20:00:00-04:00,11.960000038146973,12.270000457763672,11.760000228881836,12.069999694824219,306600,12.069999694824219,0.0
KALV,2024-05-16 20:00:00-04:00,12.0600004196167,12.15999984741211,11.699999809265137,11.920000076293945,337600,11.920000076293945,0.0
KALV,2024-05-19 20:00:00-04:00,11.899999618530273,11.979999542236328,11.430000305175781,11.880000114440918,379100,11.880000114440918,0.0
KALV,2024-05-20 20:00:00-04:00,11.920000076293945,11.979999542236328,11.319999694824219,11.609999656677246,432700,11.609999656677246,0.0
KALV,2024-05-21 20:00:00-04:00,11.470000267028809,11.859999656677246,11.470000267028809,11.6899995803833,368300,11.6899995803833,0.0
KALV,2024-05-22 20:00:00-04:00,11.680000305175781,11.6899995803833,10.920000076293945,11.289999961853027,548900,11.289999961853027,0.0
KALV,2024-05-23 20:00:00-04:00,11.300000190734863,11.449999809265137,11.149999618530273,11.300000190734863,242600,11.300000190734863,0.0
KALV,2024-05-27 20:00:00-04:00,11.329999923706055,11.496999740600586,10.928999900817871,11.079999923706055,362700,11.079999923706055,0.0
KALV,2024-05-28 20:00:00-04:00,11.010000228881836,11.300000190734863,10.949999809265137,11.149999618530273,246300,11.149999618530273,0.0
KALV,2024-05-29 20:00:00-04:00,11.100000381469727,11.3100004196167,11.050000190734863,11.25,152000,11.25,0.0
KALV,2024-05-30 20:00:00-04:00,11.300000190734863,11.989999771118164,11.300000190734863,11.670000076293945,234800,11.670000076293945,0.0
KALV,2024-06-02 20:00:00-04:00,11.619999885559082,12.154999732971191,11.619999885559082,12.109999656677246,548900,12.109999656677246,0.0
KALV,2024-06-03 20:00:00-04:00,12.119999885559082,12.119999885559082,11.609999656677246,11.859999656677246,219500,11.859999656677246,0.0
KALV,2024-06-04 20:00:00-04:00,11.84000015258789,12.1899995803833,11.770000457763672,12.069999694824219,172200,12.069999694824219,0.0
KALV,2024-06-05 20:00:00-04:00,12.079999923706055,12.079999923706055,11.760000228881836,11.850000381469727,104200,11.850000381469727,0.0
KALV,2024-06-06 20:00:00-04:00,11.529999732971191,11.800000190734863,11.350000381469727,11.680000305175781,243200,11.680000305175781,0.0
KALV,2024-06-09 20:00:00-04:00,11.609999656677246,12.140000343322754,11.59000015258789,12.039999961853027,203100,12.039999961853027,0.0
KALV,2024-06-10 20:00:00-04:00,11.899999618530273,12.239999771118164,11.866000175476074,12.180000305175781,188000,12.180000305175781,0.0
KALV,2024-06-11 20:00:00-04:00,12.470000267028809,12.65999984741211,12.170000076293945,12.350000381469727,302100,12.350000381469727,0.0
KALV,2024-06-12 20:00:00-04:00,12.350000381469727,12.5600004196167,12.0600004196167,12.260000228881836,168300,12.260000228881836,0.0
KALV,2024-06-13 20:00:00-04:00,12.210000038146973,12.210000038146973,11.970000267028809,12.069999694824219,229600,12.069999694824219,0.0
KALV,2024-06-16 20:00:00-04:00,11.989999771118164,12.128999710083008,11.6899995803833,11.819999694824219,156400,11.819999694824219,0.0
KALV,2024-06-17 20:00:00-04:00,11.770000457763672,11.819999694824219,11.279999732971191,11.369999885559082,227000,11.369999885559082,0.0
KALV,2024-06-19 20:00:00-04:00,11.329999923706055,11.350000381469727,11.069999694824219,11.210000038146973,161800,11.210000038146973,0.0
KALV,2024-06-20 20:00:00-04:00,11.319999694824219,11.779999732971191,11.319999694824219,11.739999771118164,936300,11.739999771118164,0.0
KALV,2024-06-23 20:00:00-04:00,11.770000457763672,11.970000267028809,11.609999656677246,11.720000267028809,167800,11.720000267028809,0.0
KALV,2024-06-24 20:00:00-04:00,11.720000267028809,11.819999694824219,11.4399995803833,11.550000190734863,172300,11.550000190734863,0.0
KALV,2024-06-25 20:00:00-04:00,11.5600004196167,11.890000343322754,10.845000267028809,11.3100004196167,635700,11.3100004196167,0.0
KALV,2024-06-26 20:00:00-04:00,11.289999961853027,12.0600004196167,11.265000343322754,12.050000190734863,251700,12.050000190734863,0.0
KALV,2024-06-27 20:00:00-04:00,12.199999809265137,12.199999809265137,11.420000076293945,11.779999732971191,2314200,11.779999732971191,0.0
KALV,2024-06-30 20:00:00-04:00,11.65999984741211,11.979999542236328,11.529999732971191,11.890000343322754,306500,11.890000343322754,0.0
KALV,2024-07-01 20:00:00-04:00,11.90999984741211,12.0,11.479999542236328,11.510000228881836,249900,11.510000228881836,0.0
KALV,2024-07-02 20:00:00-04:00,11.4399995803833,11.760000228881836,11.4399995803833,11.720000267028809,139500,11.720000267028809,0.0
KALV,2024-07-04 20:00:00-04:00,11.550000190734863,12.069999694824219,11.449999809265137,11.789999961853027,267600,11.789999961853027,0.0
KALV,2024-07-07 20:00:00-04:00,11.90999984741211,12.430000305175781,11.720000267028809,12.199999809265137,305800,12.199999809265137,0.0
KALV,2024-07-08 20:00:00-04:00,12.149999618530273,12.329999923706055,12.010000228881836,12.279999732971191,389600,12.279999732971191,0.0
KALV,2024-07-09 20:00:00-04:00,12.319999694824219,12.59000015258789,11.920000076293945,12.569999694824219,294000,12.569999694824219,0.0
KALV,2024-07-10 20:00:00-04:00,12.600000381469727,12.729999542236328,12.015000343322754,12.5,362700,12.5,0.0
KALV,2024-07-11 20:00:00-04:00,12.630000114440918,13.220000267028809,12.369999885559082,13.039999961853027,598200,13.039999961853027,0.0
KALV,2024-07-14 20:00:00-04:00,13.180000305175781,15.390000343322754,13.180000305175781,14.960000038146973,969000,14.960000038146973,0.0
KALV,2024-07-15 20:00:00-04:00,14.979999542236328,15.399999618530273,14.899999618530273,15.25,803500,15.25,0.0
KALV,2024-07-16 20:00:00-04:00,15.0,15.170000076293945,14.75,14.970000267028809,355900,14.970000267028809,0.0
KALV,2024-07-17 20:00:00-04:00,14.9399995803833,14.9399995803833,14.0,14.199999809265137,275000,14.199999809265137,0.0
KALV,2024-07-18 20:00:00-04:00,14.279999732971191,14.645000457763672,14.180000305175781,14.550000190734863,203000,14.550000190734863,0.0
KALV,2024-07-21 20:00:00-04:00,14.600000381469727,15.199999809265137,14.420000076293945,15.140000343322754,211200,15.140000343322754,0.0
KALV,2024-07-23 12:40:25-04:00,14.920000076293945,15.5,14.920000076293945,15.399999618530273,97222,15.399999618530273,0.0
