symbol,date,open,high,low,close,volume,adjclose,dividends
NNI,2003-12-11 19:00:00-05:00,21.799999237060547,22.200000762939453,21.600000381469727,21.649999618530273,878400,16.60660743713379,0.0
NNI,2003-12-14 19:00:00-05:00,21.649999618530273,21.75,20.860000610351562,21.0,968600,16.108036041259766,0.0
NNI,2003-12-15 19:00:00-05:00,21.200000762939453,22.350000381469727,21.0,22.100000381469727,614400,16.951780319213867,0.0
NNI,2003-12-16 19:00:00-05:00,22.100000381469727,22.200000762939453,21.649999618530273,21.799999237060547,107400,16.721677780151367,0.0
NNI,2003-12-17 19:00:00-05:00,21.899999618530273,21.940000534057617,21.700000762939453,21.850000381469727,142600,16.76002311706543,0.0
NNI,2003-12-18 19:00:00-05:00,21.850000381469727,21.950000762939453,21.649999618530273,21.700000762939453,172500,16.644968032836914,0.0
NNI,2003-12-21 19:00:00-05:00,21.700000762939453,21.75,21.649999618530273,21.68000030517578,171500,16.629634857177734,0.0
NNI,2003-12-22 19:00:00-05:00,21.75,21.780000686645508,21.649999618530273,21.75,104900,16.683313369750977,0.0
NNI,2003-12-23 19:00:00-05:00,21.81999969482422,21.81999969482422,21.649999618530273,21.729999542236328,60400,16.66797637939453,0.0
NNI,2003-12-25 19:00:00-05:00,21.649999618530273,21.739999771118164,21.649999618530273,21.65999984741211,19600,16.614290237426758,0.0
NNI,2003-12-28 19:00:00-05:00,21.700000762939453,22.149999618530273,21.700000762939453,21.950000762939453,134600,16.83672332763672,0.0
NNI,2003-12-29 19:00:00-05:00,21.969999313354492,22.049999237060547,21.8799991607666,21.959999084472656,171000,16.84439468383789,0.0
NNI,2003-12-30 19:00:00-05:00,21.90999984741211,22.399999618530273,21.850000381469727,22.399999618530273,212900,17.181901931762695,0.0
NNI,2004-01-01 19:00:00-05:00,22.299999237060547,22.309999465942383,22.0,22.0,77800,16.875078201293945,0.0
NNI,2004-01-04 19:00:00-05:00,22.0,22.31999969482422,22.0,22.299999237060547,107400,17.105194091796875,0.0
NNI,2004-01-05 19:00:00-05:00,22.229999542236328,22.350000381469727,22.100000381469727,22.110000610351562,96800,16.95945167541504,0.0
NNI,2004-01-06 19:00:00-05:00,22.06999969482422,22.350000381469727,22.0,22.170000076293945,182300,17.005477905273438,0.0
NNI,2004-01-07 19:00:00-05:00,22.170000076293945,22.799999237060547,22.170000076293945,22.469999313354492,282300,17.23558807373047,0.0
NNI,2004-01-08 19:00:00-05:00,22.469999313354492,22.600000381469727,22.31999969482422,22.440000534057617,118000,17.21257972717285,0.0
NNI,2004-01-11 19:00:00-05:00,22.3799991607666,22.5,22.059999465942383,22.5,70200,17.25860023498535,0.0
NNI,2004-01-12 19:00:00-05:00,22.450000762939453,23.309999465942383,22.450000762939453,23.149999618530273,134400,17.757186889648438,0.0
NNI,2004-01-13 19:00:00-05:00,23.149999618530273,23.219999313354492,22.649999618530273,22.899999618530273,275200,17.565414428710938,0.0
NNI,2004-01-14 19:00:00-05:00,22.829999923706055,23.209999084472656,22.829999923706055,23.100000381469727,59100,17.718833923339844,0.0
NNI,2004-01-15 19:00:00-05:00,23.100000381469727,23.18000030517578,22.950000762939453,22.950000762939453,89900,17.603775024414062,0.0
NNI,2004-01-19 19:00:00-05:00,22.850000381469727,22.850000381469727,22.399999618530273,22.520000457763672,56500,17.273942947387695,0.0
NNI,2004-01-20 19:00:00-05:00,22.399999618530273,22.649999618530273,22.260000228881836,22.399999618530273,183200,17.181901931762695,0.0
NNI,2004-01-21 19:00:00-05:00,22.5,22.579999923706055,22.450000762939453,22.5,125100,17.25860023498535,0.0
NNI,2004-01-22 19:00:00-05:00,22.510000228881836,22.90999984741211,22.5,22.90999984741211,40300,17.573095321655273,0.0
NNI,2004-01-25 19:00:00-05:00,22.93000030517578,23.709999084472656,22.790000915527344,23.709999084472656,62600,18.18674087524414,0.0
NNI,2004-01-26 19:00:00-05:00,23.950000762939453,23.950000762939453,23.649999618530273,23.700000762939453,36200,18.179059982299805,0.0
NNI,2004-01-27 19:00:00-05:00,23.700000762939453,24.0,23.649999618530273,23.65999984741211,200900,18.148386001586914,0.0
NNI,2004-01-28 19:00:00-05:00,23.799999237060547,23.799999237060547,23.350000381469727,23.799999237060547,89300,18.255765914916992,0.0
NNI,2004-01-29 19:00:00-05:00,23.799999237060547,23.799999237060547,23.270000457763672,23.5,50900,18.02565574645996,0.0
NNI,2004-02-01 19:00:00-05:00,23.5,24.0,23.299999237060547,24.0,25700,18.4091796875,0.0
NNI,2004-02-02 19:00:00-05:00,24.299999237060547,24.700000762939453,24.25,24.299999237060547,120100,18.639291763305664,0.0
NNI,2004-02-03 19:00:00-05:00,24.399999618530273,24.399999618530273,23.600000381469727,24.399999618530273,34800,18.716001510620117,0.0
NNI,2004-02-04 19:00:00-05:00,24.350000381469727,24.350000381469727,23.5,23.8700008392334,15600,18.30946159362793,0.0
NNI,2004-02-05 19:00:00-05:00,24.0,24.299999237060547,24.0,24.200000762939453,9700,18.56258201599121,0.0
NNI,2004-02-08 19:00:00-05:00,24.100000381469727,24.25,23.049999237060547,23.579999923706055,50500,18.087011337280273,0.0
NNI,2004-02-09 19:00:00-05:00,23.600000381469727,23.600000381469727,22.799999237060547,23.1299991607666,113300,17.741840362548828,0.0
NNI,2004-02-10 19:00:00-05:00,23.229999542236328,23.700000762939453,23.149999618530273,23.700000762939453,34100,18.179059982299805,0.0
NNI,2004-02-11 19:00:00-05:00,23.770000457763672,23.81999969482422,23.25,23.700000762939453,52200,18.179059982299805,0.0
NNI,2004-02-12 19:00:00-05:00,23.75,23.75,23.25,23.25,112300,17.83388900756836,0.0
NNI,2004-02-16 19:00:00-05:00,23.329999923706055,23.700000762939453,23.329999923706055,23.5,38300,18.02565574645996,0.0
NNI,2004-02-17 19:00:00-05:00,23.540000915527344,23.579999923706055,23.450000762939453,23.5,21100,18.02565574645996,0.0
NNI,2004-02-18 19:00:00-05:00,23.549999237060547,23.600000381469727,23.540000915527344,23.59000015258789,24600,18.094682693481445,0.0
NNI,2004-02-19 19:00:00-05:00,23.5,23.549999237060547,23.450000762939453,23.510000228881836,6400,18.033329010009766,0.0
NNI,2004-02-22 19:00:00-05:00,23.610000610351562,23.799999237060547,23.049999237060547,23.329999923706055,9300,17.895248413085938,0.0
NNI,2004-02-23 19:00:00-05:00,23.399999618530273,23.510000228881836,23.0,23.450000762939453,9000,17.987300872802734,0.0
NNI,2004-02-24 19:00:00-05:00,23.350000381469727,23.43000030517578,23.100000381469727,23.43000030517578,12400,17.971960067749023,0.0
NNI,2004-02-25 19:00:00-05:00,23.5,23.520000457763672,23.350000381469727,23.5,34100,18.02565574645996,0.0
NNI,2004-02-26 19:00:00-05:00,23.5,23.649999618530273,23.360000610351562,23.549999237060547,13500,18.06400489807129,0.0
NNI,2004-02-29 19:00:00-05:00,23.600000381469727,23.68000030517578,23.25,23.420000076293945,38400,17.964290618896484,0.0
NNI,2004-03-01 19:00:00-05:00,23.450000762939453,24.049999237060547,23.350000381469727,23.709999084472656,23700,18.18674087524414,0.0
NNI,2004-03-02 19:00:00-05:00,23.649999618530273,23.65999984741211,23.549999237060547,23.559999465942383,11600,18.071670532226562,0.0
NNI,2004-03-03 19:00:00-05:00,23.559999465942383,23.559999465942383,23.40999984741211,23.440000534057617,35200,17.979629516601562,0.0
NNI,2004-03-04 19:00:00-05:00,23.399999618530273,23.5,23.299999237060547,23.440000534057617,22300,17.979629516601562,0.0
NNI,2004-03-07 19:00:00-05:00,23.440000534057617,23.5,23.350000381469727,23.489999771118164,10800,18.017982482910156,0.0
NNI,2004-03-08 19:00:00-05:00,23.420000076293945,23.5,23.3799991607666,23.399999618530273,6100,17.94894790649414,0.0
NNI,2004-03-09 19:00:00-05:00,23.399999618530273,23.450000762939453,23.3700008392334,23.399999618530273,29400,17.94894790649414,0.0
NNI,2004-03-10 19:00:00-05:00,23.450000762939453,23.600000381469727,23.450000762939453,23.549999237060547,47400,18.06400489807129,0.0
NNI,2004-03-11 19:00:00-05:00,23.600000381469727,23.649999618530273,23.399999618530273,23.649999618530273,15400,18.140710830688477,0.0
NNI,2004-03-14 19:00:00-05:00,23.75,23.75,23.399999618530273,23.459999084472656,27600,17.99496841430664,0.0
NNI,2004-03-15 19:00:00-05:00,23.459999084472656,23.479999542236328,23.25,23.329999923706055,19900,17.895248413085938,0.0
NNI,2004-03-16 19:00:00-05:00,23.3700008392334,23.3700008392334,23.149999618530273,23.299999237060547,14400,17.872236251831055,0.0
NNI,2004-03-17 19:00:00-05:00,23.229999542236328,23.5,23.229999542236328,23.420000076293945,10300,17.964290618896484,0.0
NNI,2004-03-18 19:00:00-05:00,23.420000076293945,24.06999969482422,23.420000076293945,24.06999969482422,14100,18.46286392211914,0.0
NNI,2004-03-21 19:00:00-05:00,23.969999313354492,25.139999389648438,23.969999313354492,25.0,285600,19.176225662231445,0.0
NNI,2004-03-22 19:00:00-05:00,24.940000534057617,25.0,24.610000610351562,24.75,16600,18.984458923339844,0.0
NNI,2004-03-23 19:00:00-05:00,24.600000381469727,24.75,24.510000228881836,24.510000228881836,21900,18.800371170043945,0.0
NNI,2004-03-24 19:00:00-05:00,24.559999465942383,24.969999313354492,24.559999465942383,24.600000381469727,18700,18.869413375854492,0.0
NNI,2004-03-25 19:00:00-05:00,24.600000381469727,24.920000076293945,24.5,24.889999389648438,60200,19.091848373413086,0.0
NNI,2004-03-28 19:00:00-05:00,25.0,25.68000030517578,24.950000762939453,25.350000381469727,36700,19.444698333740234,0.0
NNI,2004-03-29 19:00:00-05:00,25.25,25.440000534057617,25.190000534057617,25.440000534057617,92500,19.513731002807617,0.0
NNI,2004-03-30 19:00:00-05:00,25.440000534057617,25.5,25.399999618530273,25.399999618530273,29100,19.483047485351562,0.0
NNI,2004-03-31 19:00:00-05:00,25.399999618530273,25.829999923706055,25.25,25.729999542236328,25700,19.736169815063477,0.0
NNI,2004-04-01 19:00:00-05:00,25.649999618530273,25.75,25.579999923706055,25.75,76900,19.75152015686035,0.0
NNI,2004-04-04 20:00:00-04:00,25.75,25.75,25.149999618530273,25.450000762939453,14200,19.521404266357422,0.0
NNI,2004-04-05 20:00:00-04:00,25.399999618530273,25.399999618530273,24.75,24.75,22700,18.984458923339844,0.0
NNI,2004-04-06 20:00:00-04:00,24.799999237060547,24.959999084472656,24.799999237060547,24.940000534057617,23800,19.130207061767578,0.0
NNI,2004-04-07 20:00:00-04:00,24.899999618530273,25.15999984741211,24.799999237060547,24.899999618530273,22300,19.09952735900879,0.0
NNI,2004-04-11 20:00:00-04:00,24.799999237060547,24.799999237060547,24.700000762939453,24.739999771118164,21400,18.97679328918457,0.0
NNI,2004-04-12 20:00:00-04:00,24.799999237060547,24.799999237060547,24.440000534057617,24.68000030517578,22400,18.930774688720703,0.0
NNI,2004-04-13 20:00:00-04:00,24.559999465942383,24.600000381469727,24.399999618530273,24.5,22600,18.792699813842773,0.0
NNI,2004-04-14 20:00:00-04:00,24.489999771118164,24.489999771118164,21.350000381469727,22.0,470000,16.875078201293945,0.0
NNI,2004-04-15 20:00:00-04:00,21.850000381469727,22.190000534057617,21.5,21.649999618530273,103000,16.60660743713379,0.0
NNI,2004-04-18 20:00:00-04:00,21.700000762939453,21.700000762939453,20.5,20.899999618530273,106700,16.03131675720215,0.0
NNI,2004-04-19 20:00:00-04:00,20.950000762939453,21.0,20.18000030517578,20.6299991607666,86200,15.824224472045898,0.0
NNI,2004-04-20 20:00:00-04:00,20.5,20.709999084472656,19.799999237060547,20.1200008392334,157800,15.433027267456055,0.0
NNI,2004-04-21 20:00:00-04:00,20.170000076293945,20.649999618530273,20.170000076293945,20.489999771118164,129400,15.716833114624023,0.0
NNI,2004-04-22 20:00:00-04:00,20.489999771118164,21.670000076293945,20.149999618530273,21.329999923706055,97500,16.361156463623047,0.0
NNI,2004-04-25 20:00:00-04:00,21.450000762939453,21.450000762939453,19.950000762939453,20.639999389648438,87500,15.831891059875488,0.0
NNI,2004-04-26 20:00:00-04:00,20.719999313354492,21.350000381469727,20.670000076293945,21.34000015258789,54200,16.368824005126953,0.0
NNI,2004-04-27 20:00:00-04:00,21.34000015258789,21.34000015258789,20.600000381469727,21.139999389648438,96800,16.21541404724121,0.0
NNI,2004-04-28 20:00:00-04:00,21.040000915527344,21.040000915527344,20.06999969482422,20.350000381469727,39300,15.609452247619629,0.0
NNI,2004-04-29 20:00:00-04:00,20.3799991607666,20.3799991607666,19.75,20.350000381469727,74700,15.609452247619629,0.0
NNI,2004-05-02 20:00:00-04:00,20.25,21.440000534057617,20.25,20.899999618530273,208400,16.03131675720215,0.0
NNI,2004-05-03 20:00:00-04:00,21.0,21.0,20.079999923706055,20.450000762939453,34200,15.68615436553955,0.0
NNI,2004-05-04 20:00:00-04:00,20.450000762939453,20.950000762939453,20.450000762939453,20.600000381469727,44700,15.8012056350708,0.0
NNI,2004-05-05 20:00:00-04:00,20.600000381469727,20.600000381469727,20.329999923706055,20.350000381469727,59500,15.609452247619629,0.0
NNI,2004-05-06 20:00:00-04:00,20.309999465942383,20.3700008392334,19.600000381469727,19.700000762939453,40800,15.11086368560791,0.0
NNI,2004-05-09 20:00:00-04:00,19.600000381469727,19.690000534057617,18.90999984741211,19.100000381469727,41600,14.650642395019531,0.0
NNI,2004-05-10 20:00:00-04:00,19.200000762939453,19.25,18.299999237060547,18.700000762939453,70900,14.343822479248047,0.0
NNI,2004-05-11 20:00:00-04:00,18.600000381469727,18.700000762939453,18.399999618530273,18.5,83400,14.190407752990723,0.0
NNI,2004-05-12 20:00:00-04:00,18.5,18.5,18.350000381469727,18.450000762939453,30400,14.152052879333496,0.0
NNI,2004-05-13 20:00:00-04:00,18.440000534057617,18.440000534057617,17.450000762939453,17.600000381469727,58100,13.500061988830566,0.0
NNI,2004-05-16 20:00:00-04:00,17.5,17.5,16.84000015258789,16.979999542236328,203000,13.024492263793945,0.0
NNI,2004-05-17 20:00:00-04:00,16.959999084472656,17.700000762939453,16.799999237060547,17.5,51400,13.423355102539062,0.0
NNI,2004-05-18 20:00:00-04:00,17.5,18.100000381469727,17.260000228881836,17.399999618530273,228700,13.346652030944824,0.0
NNI,2004-05-19 20:00:00-04:00,17.459999084472656,17.68000030517578,17.0,17.25,31400,13.23159408569336,0.0
NNI,2004-05-20 20:00:00-04:00,17.25,17.770000457763672,17.25,17.709999084472656,49300,13.584433555603027,0.0
NNI,2004-05-23 20:00:00-04:00,17.65999984741211,18.600000381469727,17.65999984741211,18.299999237060547,100100,14.03699779510498,0.0
NNI,2004-05-24 20:00:00-04:00,18.350000381469727,19.549999237060547,18.350000381469727,19.3799991607666,148200,14.865409851074219,0.0
NNI,2004-05-25 20:00:00-04:00,19.399999618530273,19.450000762939453,18.979999542236328,18.979999542236328,42800,14.558594703674316,0.0
NNI,2004-05-26 20:00:00-04:00,19.049999237060547,19.510000228881836,19.0,19.5,70100,14.957459449768066,0.0
NNI,2004-05-27 20:00:00-04:00,19.5,19.8700008392334,19.40999984741211,19.549999237060547,98900,14.995813369750977,0.0
NNI,2004-05-31 20:00:00-04:00,19.6299991607666,19.6299991607666,19.100000381469727,19.209999084472656,72400,14.735020637512207,0.0
NNI,2004-06-01 20:00:00-04:00,19.209999084472656,19.489999771118164,18.899999618530273,18.920000076293945,86300,14.5125732421875,0.0
NNI,2004-06-02 20:00:00-04:00,18.969999313354492,19.18000030517578,18.81999969482422,19.1299991607666,62600,14.673649787902832,0.0
NNI,2004-06-03 20:00:00-04:00,19.170000076293945,19.290000915527344,18.200000762939453,18.329999923706055,62000,14.06001091003418,0.0
NNI,2004-06-06 20:00:00-04:00,18.399999618530273,18.399999618530273,17.360000610351562,17.920000076293945,109400,13.745518684387207,0.0
NNI,2004-06-07 20:00:00-04:00,17.899999618530273,18.200000762939453,17.719999313354492,18.149999618530273,36900,13.921939849853516,0.0
NNI,2004-06-08 20:00:00-04:00,18.100000381469727,18.43000030517578,18.020000457763672,18.280000686645508,25000,14.021657943725586,0.0
NNI,2004-06-09 20:00:00-04:00,18.350000381469727,19.200000762939453,18.200000762939453,19.079999923706055,75300,14.635296821594238,0.0
NNI,2004-06-13 20:00:00-04:00,19.149999618530273,19.149999618530273,18.709999084472656,18.799999237060547,52500,14.420523643493652,0.0
NNI,2004-06-14 20:00:00-04:00,18.75,19.049999237060547,18.56999969482422,18.65999984741211,28600,14.313136100769043,0.0
NNI,2004-06-15 20:00:00-04:00,18.75,18.75,18.350000381469727,18.40999984741211,30300,14.121373176574707,0.0
NNI,2004-06-16 20:00:00-04:00,18.40999984741211,18.6299991607666,18.0,18.579999923706055,36600,14.251770973205566,0.0
NNI,2004-06-17 20:00:00-04:00,18.530000686645508,18.649999618530273,18.31999969482422,18.600000381469727,175500,14.267110824584961,0.0
NNI,2004-06-20 20:00:00-04:00,18.65999984741211,18.65999984741211,18.219999313354492,18.350000381469727,28900,14.075350761413574,0.0
NNI,2004-06-21 20:00:00-04:00,18.260000228881836,18.530000686645508,18.25,18.350000381469727,126300,14.075350761413574,0.0
NNI,2004-06-22 20:00:00-04:00,18.420000076293945,18.559999465942383,18.190000534057617,18.329999923706055,73400,14.06001091003418,0.0
NNI,2004-06-23 20:00:00-04:00,18.299999237060547,18.299999237060547,17.920000076293945,18.149999618530273,60400,13.921939849853516,0.0
NNI,2004-06-24 20:00:00-04:00,18.049999237060547,18.059999465942383,17.049999237060547,17.049999237060547,566000,13.0781831741333,0.0
NNI,2004-06-27 20:00:00-04:00,17.200000762939453,17.540000915527344,17.100000381469727,17.450000762939453,182400,13.385004043579102,0.0
NNI,2004-06-28 20:00:00-04:00,17.549999237060547,17.600000381469727,17.190000534057617,17.280000686645508,68400,13.25460433959961,0.0
NNI,2004-06-29 20:00:00-04:00,17.350000381469727,17.75,17.309999465942383,17.75,116400,13.615123748779297,0.0
NNI,2004-06-30 20:00:00-04:00,17.75,17.75,16.760000228881836,17.149999618530273,69200,13.154890060424805,0.0
NNI,2004-07-01 20:00:00-04:00,17.049999237060547,17.399999618530273,17.049999237060547,17.209999084472656,45000,13.200910568237305,0.0
NNI,2004-07-05 20:00:00-04:00,18.25,19.889999389648438,18.190000534057617,19.6299991607666,328100,15.057168006896973,0.0
NNI,2004-07-06 20:00:00-04:00,19.690000534057617,20.200000762939453,19.600000381469727,20.200000762939453,163000,15.494393348693848,0.0
NNI,2004-07-07 20:00:00-04:00,20.200000762939453,20.360000610351562,19.8700008392334,20.100000381469727,58000,15.417691230773926,0.0
NNI,2004-07-08 20:00:00-04:00,20.200000762939453,20.450000762939453,20.06999969482422,20.100000381469727,41300,15.417691230773926,0.0
NNI,2004-07-11 20:00:00-04:00,21.25,21.809999465942383,20.700000762939453,21.350000381469727,149400,16.376501083374023,0.0
NNI,2004-07-12 20:00:00-04:00,21.450000762939453,21.5,21.229999542236328,21.360000610351562,52900,16.384166717529297,0.0
NNI,2004-07-13 20:00:00-04:00,21.15999984741211,21.200000762939453,20.799999237060547,21.0,64200,16.108036041259766,0.0
NNI,2004-07-14 20:00:00-04:00,20.940000534057617,22.0,20.940000534057617,21.799999237060547,104000,16.721677780151367,0.0
NNI,2004-07-15 20:00:00-04:00,21.5,22.0,21.440000534057617,21.799999237060547,58300,16.721677780151367,0.0
NNI,2004-07-18 20:00:00-04:00,21.850000381469727,22.100000381469727,21.610000610351562,22.0,100900,16.875078201293945,0.0
NNI,2004-07-19 20:00:00-04:00,22.0,22.049999237060547,21.649999618530273,22.040000915527344,70000,16.905765533447266,0.0
NNI,2004-07-20 20:00:00-04:00,22.040000915527344,22.040000915527344,21.549999237060547,21.809999465942383,51100,16.729341506958008,0.0
NNI,2004-07-21 20:00:00-04:00,21.899999618530273,22.06999969482422,21.84000015258789,21.979999542236328,61500,16.8597354888916,0.0
NNI,2004-07-22 20:00:00-04:00,22.0,22.0,21.610000610351562,21.670000076293945,50400,16.621957778930664,0.0
NNI,2004-07-25 20:00:00-04:00,21.6200008392334,21.6200008392334,20.889999389648438,21.25,92200,16.299795150756836,0.0
NNI,2004-07-26 20:00:00-04:00,21.200000762939453,21.31999969482422,21.200000762939453,21.299999237060547,12500,16.338138580322266,0.0
NNI,2004-07-27 20:00:00-04:00,21.350000381469727,21.350000381469727,21.100000381469727,21.239999771118164,46100,16.29212188720703,0.0
NNI,2004-07-28 20:00:00-04:00,21.299999237060547,22.6299991607666,21.100000381469727,22.200000762939453,169000,17.028488159179688,0.0
NNI,2004-07-29 20:00:00-04:00,22.25,22.25,21.809999465942383,22.229999542236328,137100,17.051496505737305,0.0
NNI,2004-08-01 20:00:00-04:00,22.229999542236328,22.229999542236328,21.600000381469727,22.15999984741211,36600,16.997800827026367,0.0
NNI,2004-08-02 20:00:00-04:00,21.989999771118164,21.989999771118164,21.149999618530273,21.209999084472656,107900,16.269105911254883,0.0
NNI,2004-08-03 20:00:00-04:00,21.209999084472656,21.420000076293945,21.030000686645508,21.399999618530273,80200,16.41484832763672,0.0
NNI,2004-08-04 20:00:00-04:00,21.350000381469727,21.40999984741211,21.100000381469727,21.260000228881836,58200,16.307458877563477,0.0
NNI,2004-08-05 20:00:00-04:00,21.200000762939453,21.200000762939453,20.719999313354492,20.729999542236328,67500,15.900923728942871,0.0
NNI,2004-08-08 20:00:00-04:00,20.600000381469727,20.799999237060547,20.489999771118164,20.5,39000,15.724510192871094,0.0
NNI,2004-08-09 20:00:00-04:00,20.399999618530273,21.0,20.399999618530273,21.0,35200,16.108036041259766,0.0
NNI,2004-08-10 20:00:00-04:00,21.0,21.799999237060547,20.889999389648438,21.799999237060547,67600,16.721677780151367,0.0
NNI,2004-08-11 20:00:00-04:00,21.75,21.770000457763672,21.510000228881836,21.540000915527344,22100,16.522241592407227,0.0
NNI,2004-08-12 20:00:00-04:00,21.469999313354492,21.549999237060547,20.950000762939453,21.020000457763672,40100,16.123376846313477,0.0
NNI,2004-08-15 20:00:00-04:00,21.06999969482422,21.899999618530273,21.06999969482422,21.68000030517578,19700,16.629634857177734,0.0
NNI,2004-08-16 20:00:00-04:00,21.700000762939453,22.040000915527344,21.700000762939453,21.950000762939453,51600,16.83672332763672,0.0
NNI,2004-08-17 20:00:00-04:00,21.899999618530273,21.969999313354492,21.530000686645508,21.969999313354492,28500,16.852067947387695,0.0
NNI,2004-08-18 20:00:00-04:00,21.979999542236328,22.0,21.829999923706055,21.989999771118164,17000,16.867408752441406,0.0
NNI,2004-08-19 20:00:00-04:00,22.0,22.010000228881836,21.56999969482422,21.989999771118164,22300,16.867408752441406,0.0
NNI,2004-08-22 20:00:00-04:00,22.0,22.049999237060547,21.799999237060547,21.940000534057617,42300,16.829065322875977,0.0
NNI,2004-08-23 20:00:00-04:00,22.0,22.15999984741211,21.799999237060547,22.049999237060547,76600,16.913433074951172,0.0
NNI,2004-08-24 20:00:00-04:00,22.0,22.200000762939453,21.8799991607666,22.06999969482422,38300,16.92876625061035,0.0
NNI,2004-08-25 20:00:00-04:00,22.149999618530273,22.43000030517578,22.049999237060547,22.200000762939453,46600,17.028488159179688,0.0
NNI,2004-08-26 20:00:00-04:00,22.139999389648438,22.489999771118164,22.1299991607666,22.440000534057617,100700,17.21257972717285,0.0
NNI,2004-08-29 20:00:00-04:00,22.5,23.440000534057617,22.200000762939453,23.100000381469727,227200,17.718833923339844,0.0
NNI,2004-08-30 20:00:00-04:00,23.149999618530273,23.3799991607666,22.899999618530273,23.3700008392334,120500,17.925941467285156,0.0
NNI,2004-08-31 20:00:00-04:00,23.3700008392334,23.639999389648438,23.260000228881836,23.3700008392334,83700,17.925941467285156,0.0
NNI,2004-09-01 20:00:00-04:00,23.399999618530273,23.690000534057617,23.25,23.610000610351562,72500,18.110027313232422,0.0
NNI,2004-09-02 20:00:00-04:00,23.700000762939453,23.75,23.239999771118164,23.3799991607666,20200,17.933609008789062,0.0
NNI,2004-09-06 20:00:00-04:00,23.3799991607666,23.450000762939453,22.8799991607666,22.899999618530273,82700,17.565414428710938,0.0
NNI,2004-09-07 20:00:00-04:00,22.799999237060547,23.219999313354492,22.75,22.920000076293945,64600,17.580768585205078,0.0
NNI,2004-09-08 20:00:00-04:00,23.100000381469727,23.850000381469727,23.06999969482422,23.600000381469727,72900,18.102357864379883,0.0
NNI,2004-09-09 20:00:00-04:00,23.610000610351562,23.649999618530273,23.399999618530273,23.450000762939453,72800,17.987300872802734,0.0
NNI,2004-09-12 20:00:00-04:00,23.5,23.719999313354492,23.329999923706055,23.56999969482422,110200,18.079345703125,0.0
NNI,2004-09-13 20:00:00-04:00,23.56999969482422,23.56999969482422,23.110000610351562,23.149999618530273,55100,17.757186889648438,0.0
NNI,2004-09-14 20:00:00-04:00,23.149999618530273,23.5,22.950000762939453,23.399999618530273,108900,17.94894790649414,0.0
NNI,2004-09-15 20:00:00-04:00,23.40999984741211,23.8799991607666,23.280000686645508,23.489999771118164,163000,18.017982482910156,0.0
NNI,2004-09-16 20:00:00-04:00,23.600000381469727,24.209999084472656,23.399999618530273,23.8700008392334,226900,18.30946159362793,0.0
NNI,2004-09-19 20:00:00-04:00,24.0,24.700000762939453,24.0,24.420000076293945,222200,18.731342315673828,0.0
NNI,2004-09-20 20:00:00-04:00,24.5,24.690000534057617,24.100000381469727,24.65999984741211,84300,18.915430068969727,0.0
NNI,2004-09-21 20:00:00-04:00,22.549999237060547,22.899999618530273,19.950000762939453,21.649999618530273,854500,16.60660743713379,0.0
NNI,2004-09-22 20:00:00-04:00,22.149999618530273,23.309999465942383,21.809999465942383,22.0,549000,16.875078201293945,0.0
NNI,2004-09-23 20:00:00-04:00,22.149999618530273,22.200000762939453,21.299999237060547,21.8700008392334,127200,16.775360107421875,0.0
NNI,2004-09-26 20:00:00-04:00,21.950000762939453,21.950000762939453,21.610000610351562,21.6299991607666,143400,16.591264724731445,0.0
NNI,2004-09-27 20:00:00-04:00,21.5,22.149999618530273,21.5,21.889999389648438,100800,16.79069709777832,0.0
NNI,2004-09-28 20:00:00-04:00,21.950000762939453,22.0,21.75,21.799999237060547,49100,16.721677780151367,0.0
NNI,2004-09-29 20:00:00-04:00,21.899999618530273,22.489999771118164,21.899999618530273,22.3799991607666,123700,17.166553497314453,0.0
NNI,2004-09-30 20:00:00-04:00,22.450000762939453,22.479999542236328,21.600000381469727,21.969999313354492,106200,16.852067947387695,0.0
NNI,2004-10-03 20:00:00-04:00,22.049999237060547,22.3799991607666,22.049999237060547,22.1299991607666,80100,16.974794387817383,0.0
NNI,2004-10-04 20:00:00-04:00,22.139999389648438,22.139999389648438,21.59000015258789,21.59000015258789,83700,16.560588836669922,0.0
NNI,2004-10-05 20:00:00-04:00,21.700000762939453,21.75,21.510000228881836,21.68000030517578,281200,16.629634857177734,0.0
NNI,2004-10-06 20:00:00-04:00,21.68000030517578,21.739999771118164,21.399999618530273,21.530000686645508,70300,16.514568328857422,0.0
NNI,2004-10-07 20:00:00-04:00,21.479999542236328,21.479999542236328,20.950000762939453,21.270000457763672,339700,16.315135955810547,0.0
NNI,2004-10-10 20:00:00-04:00,21.270000457763672,21.450000762939453,21.110000610351562,21.3700008392334,115000,16.3918399810791,0.0
NNI,2004-10-11 20:00:00-04:00,21.25,21.25,21.100000381469727,21.200000762939453,75700,16.261442184448242,0.0
NNI,2004-10-12 20:00:00-04:00,21.229999542236328,21.229999542236328,20.739999771118164,20.950000762939453,112300,16.069683074951172,0.0
NNI,2004-10-13 20:00:00-04:00,20.899999618530273,20.899999618530273,20.299999237060547,20.5,64500,15.724510192871094,0.0
NNI,2004-10-14 20:00:00-04:00,20.399999618530273,20.399999618530273,19.459999084472656,19.920000076293945,172200,15.279616355895996,0.0
NNI,2004-10-17 20:00:00-04:00,19.920000076293945,20.049999237060547,19.479999542236328,19.950000762939453,61500,15.30262565612793,0.0
NNI,2004-10-18 20:00:00-04:00,20.200000762939453,20.290000915527344,19.639999389648438,19.979999542236328,232000,15.325643539428711,0.0
NNI,2004-10-19 20:00:00-04:00,19.950000762939453,19.950000762939453,19.59000015258789,19.860000610351562,117800,15.233591079711914,0.0
NNI,2004-10-20 20:00:00-04:00,19.899999618530273,20.149999618530273,19.600000381469727,19.600000381469727,28800,15.03415298461914,0.0
NNI,2004-10-21 20:00:00-04:00,19.549999237060547,19.799999237060547,19.5,19.549999237060547,91200,14.995813369750977,0.0
NNI,2004-10-24 20:00:00-04:00,19.5,19.649999618530273,19.200000762939453,19.3799991607666,41300,14.865409851074219,0.0
NNI,2004-10-25 20:00:00-04:00,19.3799991607666,19.729999542236328,19.3799991607666,19.690000534057617,67400,15.10319709777832,0.0
NNI,2004-10-26 20:00:00-04:00,19.690000534057617,19.75,19.399999618530273,19.75,71200,15.14921760559082,0.0
NNI,2004-10-27 20:00:00-04:00,19.690000534057617,19.690000534057617,19.399999618530273,19.510000228881836,104900,14.965127944946289,0.0
NNI,2004-10-28 20:00:00-04:00,19.510000228881836,19.540000915527344,19.350000381469727,19.40999984741211,45300,14.888419151306152,0.0
NNI,2004-10-31 19:00:00-05:00,19.40999984741211,19.65999984741211,19.40999984741211,19.600000381469727,124100,15.03415298461914,0.0
NNI,2004-11-01 19:00:00-05:00,19.600000381469727,19.690000534057617,19.280000686645508,19.540000915527344,50500,14.988140106201172,0.0
NNI,2004-11-02 19:00:00-05:00,19.600000381469727,21.579999923706055,19.579999923706055,21.0,561000,16.108036041259766,0.0
NNI,2004-11-03 19:00:00-05:00,21.0,21.290000915527344,20.610000610351562,21.200000762939453,120700,16.261442184448242,0.0
NNI,2004-11-04 19:00:00-05:00,21.5,22.229999542236328,21.469999313354492,21.90999984741211,273400,16.80605125427246,0.0
NNI,2004-11-07 19:00:00-05:00,21.90999984741211,21.959999084472656,21.459999084472656,21.90999984741211,80900,16.80605125427246,0.0
NNI,2004-11-08 19:00:00-05:00,21.850000381469727,22.799999237060547,21.850000381469727,22.719999313354492,238200,17.42735481262207,0.0
NNI,2004-11-09 19:00:00-05:00,22.799999237060547,23.149999618530273,22.549999237060547,23.100000381469727,56900,17.718833923339844,0.0
NNI,2004-11-10 19:00:00-05:00,23.049999237060547,23.25,22.93000030517578,23.25,36300,17.83388900756836,0.0
NNI,2004-11-11 19:00:00-05:00,23.25,23.31999969482422,23.0,23.149999618530273,113200,17.757186889648438,0.0
NNI,2004-11-14 19:00:00-05:00,23.149999618530273,23.600000381469727,22.799999237060547,23.600000381469727,150800,18.102357864379883,0.0
NNI,2004-11-15 19:00:00-05:00,23.75,23.989999771118164,23.68000030517578,23.8700008392334,148900,18.30946159362793,0.0
NNI,2004-11-16 19:00:00-05:00,23.899999618530273,24.059999465942383,23.75,24.059999465942383,126300,18.4552001953125,0.0
NNI,2004-11-17 19:00:00-05:00,24.1200008392334,24.489999771118164,24.030000686645508,24.350000381469727,63500,18.677631378173828,0.0
NNI,2004-11-18 19:00:00-05:00,24.360000610351562,24.360000610351562,24.09000015258789,24.200000762939453,51500,18.56258201599121,0.0
NNI,2004-11-21 19:00:00-05:00,24.100000381469727,24.6200008392334,24.06999969482422,24.40999984741211,73300,18.72366714477539,0.0
NNI,2004-11-22 19:00:00-05:00,24.450000762939453,24.739999771118164,24.079999923706055,24.280000686645508,94800,18.62394905090332,0.0
NNI,2004-11-23 19:00:00-05:00,24.18000030517578,24.350000381469727,23.989999771118164,24.190000534057617,39400,18.554920196533203,0.0
NNI,2004-11-25 19:00:00-05:00,24.1200008392334,24.25,23.899999618530273,24.15999984741211,17700,18.531906127929688,0.0
NNI,2004-11-28 19:00:00-05:00,24.100000381469727,24.200000762939453,24.0,24.040000915527344,26400,18.439863204956055,0.0
NNI,2004-11-29 19:00:00-05:00,24.030000686645508,24.350000381469727,24.010000228881836,24.25,40300,18.60093879699707,0.0
NNI,2004-11-30 19:00:00-05:00,24.200000762939453,25.399999618530273,24.1200008392334,25.350000381469727,150400,19.444698333740234,0.0
NNI,2004-12-01 19:00:00-05:00,25.25,25.280000686645508,24.450000762939453,24.899999618530273,78500,19.09952735900879,0.0
NNI,2004-12-02 19:00:00-05:00,25.0,25.329999923706055,24.84000015258789,25.25,132100,19.36798858642578,0.0
NNI,2004-12-05 19:00:00-05:00,25.149999618530273,25.229999542236328,24.940000534057617,25.15999984741211,95400,19.298954010009766,0.0
NNI,2004-12-06 19:00:00-05:00,25.190000534057617,25.469999313354492,25.149999618530273,25.149999618530273,24000,19.291282653808594,0.0
NNI,2004-12-07 19:00:00-05:00,25.149999618530273,25.229999542236328,25.100000381469727,25.190000534057617,36500,19.321969985961914,0.0
NNI,2004-12-08 19:00:00-05:00,25.190000534057617,26.0,25.149999618530273,25.299999237060547,78300,19.40633773803711,0.0
NNI,2004-12-09 19:00:00-05:00,25.399999618530273,26.139999389648438,25.25,25.8700008392334,59500,19.843551635742188,0.0
NNI,2004-12-12 19:00:00-05:00,25.969999313354492,25.969999313354492,25.09000015258789,25.6299991607666,104500,19.659465789794922,0.0
NNI,2004-12-13 19:00:00-05:00,25.520000457763672,26.489999771118164,25.520000457763672,26.15999984741211,66100,20.066001892089844,0.0
NNI,2004-12-14 19:00:00-05:00,26.100000381469727,26.93000030517578,25.989999771118164,26.75,183800,20.518564224243164,0.0
NNI,2004-12-15 19:00:00-05:00,26.700000762939453,27.0,26.469999313354492,26.950000762939453,96800,20.671972274780273,0.0
NNI,2004-12-16 19:00:00-05:00,26.899999618530273,27.0,26.799999237060547,26.850000381469727,139700,20.595266342163086,0.0
NNI,2004-12-19 19:00:00-05:00,26.899999618530273,26.989999771118164,26.540000915527344,26.600000381469727,63700,20.40350341796875,0.0
NNI,2004-12-20 19:00:00-05:00,26.670000076293945,26.81999969482422,26.3799991607666,26.649999618530273,56500,20.441858291625977,0.0
NNI,2004-12-21 19:00:00-05:00,26.729999542236328,26.81999969482422,26.399999618530273,26.399999618530273,34700,20.250093460083008,0.0
NNI,2004-12-22 19:00:00-05:00,26.479999542236328,26.729999542236328,26.479999542236328,26.530000686645508,60000,20.349811553955078,0.0
NNI,2004-12-26 19:00:00-05:00,26.600000381469727,26.700000762939453,26.489999771118164,26.510000228881836,13100,20.33447265625,0.0
NNI,2004-12-27 19:00:00-05:00,26.639999389648438,26.950000762939453,26.469999313354492,26.950000762939453,55300,20.671972274780273,0.0
NNI,2004-12-28 19:00:00-05:00,26.950000762939453,26.989999771118164,26.8700008392334,26.93000030517578,16500,20.656631469726562,0.0
NNI,2004-12-29 19:00:00-05:00,27.0,27.0,26.899999618530273,26.950000762939453,62600,20.671972274780273,0.0
NNI,2004-12-30 19:00:00-05:00,26.90999984741211,27.0,26.899999618530273,26.93000030517578,29600,20.656631469726562,0.0
NNI,2005-01-02 19:00:00-05:00,27.0,27.0,26.5,26.639999389648438,71000,20.434192657470703,0.0
NNI,2005-01-03 19:00:00-05:00,26.649999618530273,26.75,26.149999618530273,26.270000457763672,46800,20.15037727355957,0.0
NNI,2005-01-04 19:00:00-05:00,26.270000457763672,27.81999969482422,26.270000457763672,26.520000457763672,126600,20.342140197753906,0.0
NNI,2005-01-05 19:00:00-05:00,27.0,27.0,26.5,26.739999771118164,59000,20.510896682739258,0.0
NNI,2005-01-06 19:00:00-05:00,26.700000762939453,27.170000076293945,26.670000076293945,27.010000228881836,36000,20.717988967895508,0.0
NNI,2005-01-09 19:00:00-05:00,27.040000915527344,27.170000076293945,26.549999237060547,26.829999923706055,64700,20.579927444458008,0.0
NNI,2005-01-10 19:00:00-05:00,26.84000015258789,26.989999771118164,26.780000686645508,26.8799991607666,11400,20.618288040161133,0.0
NNI,2005-01-11 19:00:00-05:00,26.889999389648438,26.989999771118164,26.700000762939453,26.940000534057617,20300,20.66429901123047,0.0
NNI,2005-01-12 19:00:00-05:00,26.899999618530273,27.25,26.770000457763672,26.8799991607666,25100,20.618288040161133,0.0
NNI,2005-01-13 19:00:00-05:00,26.950000762939453,27.049999237060547,26.850000381469727,26.959999084472656,92100,20.679643630981445,0.0
NNI,2005-01-17 19:00:00-05:00,27.040000915527344,27.649999618530273,26.959999084472656,27.5,53000,21.093852996826172,0.0
NNI,2005-01-18 19:00:00-05:00,27.5,27.549999237060547,26.770000457763672,27.049999237060547,32400,20.748672485351562,0.0
NNI,2005-01-19 19:00:00-05:00,27.0,27.25,26.899999618530273,27.049999237060547,33300,20.748672485351562,0.0
NNI,2005-01-20 19:00:00-05:00,27.09000015258789,27.200000762939453,26.860000610351562,27.040000915527344,52500,20.741008758544922,0.0
NNI,2005-01-23 19:00:00-05:00,26.920000076293945,26.979999542236328,26.700000762939453,26.829999923706055,59100,20.579927444458008,0.0
NNI,2005-01-24 19:00:00-05:00,26.700000762939453,26.799999237060547,26.549999237060547,26.799999237060547,64400,20.556913375854492,0.0
NNI,2005-01-25 19:00:00-05:00,26.75,27.450000762939453,26.75,27.350000381469727,54000,20.978796005249023,0.0
NNI,2005-01-26 19:00:00-05:00,27.399999618530273,27.850000381469727,27.389999389648438,27.790000915527344,58800,21.316299438476562,0.0
NNI,2005-01-27 19:00:00-05:00,28.299999237060547,29.440000534057617,28.299999237060547,29.309999465942383,250900,22.482210159301758,0.0
NNI,2005-01-30 19:00:00-05:00,30.25,31.049999237060547,29.8799991607666,30.200000762939453,285400,23.16488265991211,0.0
NNI,2005-01-31 19:00:00-05:00,30.200000762939453,30.5,30.100000381469727,30.270000457763672,185500,23.218576431274414,0.0
NNI,2005-02-01 19:00:00-05:00,30.399999618530273,30.559999465942383,30.190000534057617,30.399999618530273,119400,23.318288803100586,0.0
NNI,2005-02-02 19:00:00-05:00,30.43000030517578,30.5,28.59000015258789,30.1299991607666,77600,23.111188888549805,0.0
NNI,2005-02-03 19:00:00-05:00,30.1299991607666,30.93000030517578,30.0,30.850000381469727,127000,23.663461685180664,0.0
NNI,2005-02-06 19:00:00-05:00,31.0,32.56999969482422,30.709999084472656,31.030000686645508,352100,23.801530838012695,0.0
NNI,2005-02-07 19:00:00-05:00,31.049999237060547,31.399999618530273,29.309999465942383,30.0,231100,23.011472702026367,0.0
NNI,2005-02-08 19:00:00-05:00,30.06999969482422,30.56999969482422,29.40999984741211,29.889999389648438,78700,22.927101135253906,0.0
NNI,2005-02-09 19:00:00-05:00,29.950000762939453,31.700000762939453,29.889999389648438,31.649999618530273,192600,24.277097702026367,0.0
NNI,2005-02-10 19:00:00-05:00,31.530000686645508,32.220001220703125,31.34000015258789,31.889999389648438,67400,24.461196899414062,0.0
NNI,2005-02-13 19:00:00-05:00,32.0,33.45000076293945,31.850000381469727,32.95000076293945,202400,25.27426528930664,0.0
NNI,2005-02-14 19:00:00-05:00,32.9900016784668,33.310001373291016,32.77000045776367,32.97999954223633,57300,25.297269821166992,0.0
NNI,2005-02-15 19:00:00-05:00,33.0,33.75,32.900001525878906,33.29999923706055,68800,25.542736053466797,0.0
NNI,2005-02-16 19:00:00-05:00,33.650001525878906,33.650001525878906,32.7400016784668,32.81999969482422,39500,25.174545288085938,0.0
NNI,2005-02-17 19:00:00-05:00,32.349998474121094,33.27000045776367,32.29999923706055,33.099998474121094,135800,25.389324188232422,0.0
NNI,2005-02-21 19:00:00-05:00,32.95000076293945,32.95000076293945,31.219999313354492,32.810001373291016,140800,25.166887283325195,0.0
NNI,2005-02-22 19:00:00-05:00,33.0,33.15999984741211,32.45000076293945,33.0099983215332,55400,25.32028579711914,0.0
NNI,2005-02-23 19:00:00-05:00,33.11000061035156,33.18000030517578,32.61000061035156,33.130001068115234,101100,25.41234588623047,0.0
NNI,2005-02-24 19:00:00-05:00,33.5,34.40999984741211,33.15999984741211,34.36000061035156,173100,26.35581398010254,0.0
NNI,2005-02-27 19:00:00-05:00,34.5,34.66999816894531,33.849998474121094,34.09000015258789,73000,26.148698806762695,0.0
NNI,2005-02-28 19:00:00-05:00,34.150001525878906,34.95000076293945,34.13999938964844,34.650001525878906,153300,26.5782527923584,0.0
NNI,2005-03-01 19:00:00-05:00,34.75,34.79999923706055,33.849998474121094,34.36000061035156,63400,26.35581398010254,0.0
NNI,2005-03-02 19:00:00-05:00,34.41999816894531,34.790000915527344,34.25,34.66999816894531,91500,26.593591690063477,0.0
NNI,2005-03-03 19:00:00-05:00,34.75,34.880001068115234,34.689998626708984,34.70000076293945,86100,26.616596221923828,0.0
NNI,2005-03-06 19:00:00-05:00,34.709999084472656,34.849998474121094,34.5,34.70000076293945,38600,26.616596221923828,0.0
NNI,2005-03-07 19:00:00-05:00,34.70000076293945,34.81999969482422,34.63999938964844,34.75,41700,26.65495491027832,0.0
NNI,2005-03-08 19:00:00-05:00,34.75,34.83000183105469,33.900001525878906,33.9900016784668,62200,26.071998596191406,0.0
NNI,2005-03-09 19:00:00-05:00,33.900001525878906,34.16999816894531,33.81999969482422,34.099998474121094,83100,26.1563663482666,0.0
NNI,2005-03-10 19:00:00-05:00,34.099998474121094,34.29999923706055,33.81999969482422,34.150001525878906,101300,26.194726943969727,0.0
NNI,2005-03-13 19:00:00-05:00,34.150001525878906,34.16999816894531,33.900001525878906,34.0099983215332,159200,26.087337493896484,0.0
NNI,2005-03-14 19:00:00-05:00,34.0,34.41999816894531,33.9900016784668,34.119998931884766,38400,26.171710968017578,0.0
NNI,2005-03-15 19:00:00-05:00,34.0,34.0,32.68000030517578,33.22999954223633,529400,25.489038467407227,0.0
NNI,2005-03-16 19:00:00-05:00,33.20000076293945,33.970001220703125,33.0,33.95000076293945,82900,26.041311264038086,0.0
NNI,2005-03-17 19:00:00-05:00,34.04999923706055,34.04999923706055,33.77000045776367,33.900001525878906,97600,26.002965927124023,0.0
NNI,2005-03-20 19:00:00-05:00,34.029998779296875,34.04999923706055,33.650001525878906,34.0099983215332,40400,26.087337493896484,0.0
NNI,2005-03-21 19:00:00-05:00,33.900001525878906,33.900001525878906,33.150001525878906,33.25,77500,25.504375457763672,0.0
NNI,2005-03-22 19:00:00-05:00,32.5,33.45000076293945,29.649999618530273,32.849998474121094,355000,25.197559356689453,0.0
NNI,2005-03-23 19:00:00-05:00,32.95000076293945,33.099998474121094,32.849998474121094,32.970001220703125,45900,25.28961181640625,0.0
NNI,2005-03-27 19:00:00-05:00,32.9900016784668,33.18000030517578,32.90999984741211,33.18000030517578,107600,25.45069122314453,0.0
NNI,2005-03-28 19:00:00-05:00,33.099998474121094,33.209999084472656,31.65999984741211,32.5099983215332,123500,24.936765670776367,0.0
NNI,2005-03-29 19:00:00-05:00,32.0,32.5,31.3799991607666,31.520000457763672,297200,24.177385330200195,0.0
NNI,2005-03-30 19:00:00-05:00,31.350000381469727,31.969999313354492,31.25,31.829999923706055,134900,24.41516876220703,0.0
NNI,2005-03-31 19:00:00-05:00,31.950000762939453,32.56999969482422,31.700000762939453,32.0,141600,24.545578002929688,0.0
NNI,2005-04-03 20:00:00-04:00,31.850000381469727,32.95000076293945,31.719999313354492,32.63999938964844,228200,25.036481857299805,0.0
NNI,2005-04-04 20:00:00-04:00,32.650001525878906,32.709999084472656,31.8799991607666,32.5,86600,24.92909812927246,0.0
NNI,2005-04-05 20:00:00-04:00,32.599998474121094,32.75,32.220001220703125,32.220001220703125,101700,24.714323043823242,0.0
NNI,2005-04-06 20:00:00-04:00,32.349998474121094,32.7400016784668,31.889999389648438,31.950000762939453,103900,24.50722312927246,0.0
NNI,2005-04-07 20:00:00-04:00,31.899999618530273,32.20000076293945,31.65999984741211,31.690000534057617,50400,24.30778694152832,0.0
NNI,2005-04-10 20:00:00-04:00,31.690000534057617,32.5,31.690000534057617,32.33000183105469,162700,24.798704147338867,0.0
NNI,2005-04-11 20:00:00-04:00,32.22999954223633,33.20000076293945,32.22999954223633,33.02000045776367,127400,25.327959060668945,0.0
NNI,2005-04-12 20:00:00-04:00,33.02000045776367,33.02000045776367,32.56999969482422,32.849998474121094,68900,25.197559356689453,0.0
NNI,2005-04-13 20:00:00-04:00,32.650001525878906,32.65999984741211,31.760000228881836,31.760000228881836,95100,24.361482620239258,0.0
NNI,2005-04-14 20:00:00-04:00,31.770000457763672,31.770000457763672,30.889999389648438,31.059999465942383,71600,23.824546813964844,0.0
NNI,2005-04-17 20:00:00-04:00,30.950000762939453,31.170000076293945,30.6200008392334,31.030000686645508,55500,23.801530838012695,0.0
NNI,2005-04-18 20:00:00-04:00,30.899999618530273,32.02000045776367,30.799999237060547,31.940000534057617,83600,24.499544143676758,0.0
NNI,2005-04-19 20:00:00-04:00,31.799999237060547,31.979999542236328,31.290000915527344,31.59000015258789,116300,24.231081008911133,0.0
NNI,2005-04-20 20:00:00-04:00,31.690000534057617,33.75,31.690000534057617,33.369998931884766,87500,25.59642791748047,0.0
NNI,2005-04-21 20:00:00-04:00,33.25,33.25,30.899999618530273,31.43000030517578,93900,24.10835075378418,0.0
NNI,2005-04-24 20:00:00-04:00,31.479999542236328,32.790000915527344,31.450000762939453,32.650001525878906,83200,25.044157028198242,0.0
NNI,2005-04-25 20:00:00-04:00,32.650001525878906,32.900001525878906,32.099998474121094,32.45000076293945,69200,24.8907413482666,0.0
NNI,2005-04-26 20:00:00-04:00,32.45000076293945,32.459999084472656,32.0,32.099998474121094,41700,24.622272491455078,0.0
NNI,2005-04-27 20:00:00-04:00,32.11000061035156,32.11000061035156,31.0,31.18000030517578,111400,23.916593551635742,0.0
NNI,2005-04-28 20:00:00-04:00,31.350000381469727,32.5,31.350000381469727,31.850000381469727,138900,24.430513381958008,0.0
NNI,2005-05-01 20:00:00-04:00,31.950000762939453,32.349998474121094,31.950000762939453,32.22999954223633,252400,24.721994400024414,0.0
NNI,2005-05-02 20:00:00-04:00,32.349998474121094,33.56999969482422,32.349998474121094,33.41999816894531,144500,25.634784698486328,0.0
NNI,2005-05-03 20:00:00-04:00,33.54999923706055,33.70000076293945,33.130001068115234,33.5,121000,25.696138381958008,0.0
NNI,2005-05-04 20:00:00-04:00,33.52000045776367,35.81999969482422,33.150001525878906,34.88999938964844,332100,26.76234245300293,0.0
NNI,2005-05-05 20:00:00-04:00,35.0,35.400001525878906,34.7599983215332,34.880001068115234,207900,26.754674911499023,0.0
NNI,2005-05-08 20:00:00-04:00,35.45000076293945,37.25,35.41999816894531,36.79999923706055,606500,28.227399826049805,0.0
NNI,2005-05-09 20:00:00-04:00,37.20000076293945,37.75,36.75,36.79999923706055,346600,28.227399826049805,0.0
NNI,2005-05-10 20:00:00-04:00,36.900001525878906,37.20000076293945,35.86000061035156,36.79999923706055,152300,28.227399826049805,0.0
NNI,2005-05-11 20:00:00-04:00,36.70000076293945,37.540000915527344,35.20000076293945,35.4900016784668,189500,27.222576141357422,0.0
NNI,2005-05-12 20:00:00-04:00,35.06999969482422,35.88999938964844,34.20000076293945,34.79999923706055,267200,26.69330406188965,0.0
NNI,2005-05-15 20:00:00-04:00,34.75,36.34000015258789,34.75,36.2599983215332,170500,27.813199996948242,0.0
NNI,2005-05-16 20:00:00-04:00,36.849998474121094,37.25,35.34000015258789,35.70000076293945,150200,27.3836612701416,0.0
NNI,2005-05-17 20:00:00-04:00,35.66999816894531,36.18000030517578,35.5,35.900001525878906,117400,27.537065505981445,0.0
NNI,2005-05-18 20:00:00-04:00,35.900001525878906,35.900001525878906,35.400001525878906,35.58000183105469,72600,27.291614532470703,0.0
NNI,2005-05-19 20:00:00-04:00,35.540000915527344,36.41999816894531,35.20000076293945,36.41999816894531,82700,27.935932159423828,0.0
NNI,2005-05-22 20:00:00-04:00,36.97999954223633,38.5,36.849998474121094,38.119998931884766,644800,29.239898681640625,0.0
NNI,2005-05-23 20:00:00-04:00,38.5,38.5,37.68000030517578,37.970001220703125,148700,29.124834060668945,0.0
NNI,2005-05-24 20:00:00-04:00,38.099998474121094,38.2400016784668,37.70000076293945,37.93000030517578,90700,29.09417724609375,0.0
NNI,2005-05-25 20:00:00-04:00,38.25,38.90999984741211,37.72999954223633,37.88999938964844,176600,29.063493728637695,0.0
NNI,2005-05-26 20:00:00-04:00,38.04999923706055,38.099998474121094,37.5,37.849998474121094,74800,29.032806396484375,0.0
NNI,2005-05-30 20:00:00-04:00,37.849998474121094,38.029998779296875,36.849998474121094,36.900001525878906,168200,28.304105758666992,0.0
NNI,2005-05-31 20:00:00-04:00,36.900001525878906,37.04999923706055,35.400001525878906,36.349998474121094,336700,27.88222885131836,0.0
NNI,2005-06-01 20:00:00-04:00,36.16999816894531,37.5,36.0099983215332,37.0,204700,28.380815505981445,0.0
NNI,2005-06-02 20:00:00-04:00,36.79999923706055,36.86000061035156,35.5,35.81999969482422,264800,27.47570037841797,0.0
NNI,2005-06-05 20:00:00-04:00,34.79999923706055,35.04999923706055,33.0,35.0099983215332,704600,26.854387283325195,0.0
NNI,2005-06-06 20:00:00-04:00,34.9900016784668,35.29999923706055,34.9900016784668,35.11000061035156,220900,26.93109703063965,0.0
NNI,2005-06-07 20:00:00-04:00,35.099998474121094,36.209999084472656,35.040000915527344,35.54999923706055,205400,27.268596649169922,0.0
NNI,2005-06-08 20:00:00-04:00,35.5,35.900001525878906,35.209999084472656,35.75,79200,27.4220027923584,0.0
NNI,2005-06-09 20:00:00-04:00,35.95000076293945,36.08000183105469,35.779998779296875,35.97999954223633,65600,27.598434448242188,0.0
NNI,2005-06-12 20:00:00-04:00,34.5,35.150001525878906,33.54999923706055,35.029998779296875,312900,26.869731903076172,0.0
NNI,2005-06-13 20:00:00-04:00,34.779998779296875,35.33000183105469,34.599998474121094,35.33000183105469,134600,27.09984588623047,0.0
NNI,2005-06-14 20:00:00-04:00,35.36000061035156,35.97999954223633,35.0,35.84000015258789,117200,27.491037368774414,0.0
NNI,2005-06-15 20:00:00-04:00,35.900001525878906,36.900001525878906,35.75,36.439998626708984,145800,27.951271057128906,0.0
NNI,2005-06-16 20:00:00-04:00,36.97999954223633,37.43000030517578,36.68000030517578,36.75,264700,28.189050674438477,0.0
NNI,2005-06-19 20:00:00-04:00,36.04999923706055,36.04999923706055,35.560001373291016,35.7599983215332,255000,27.429670333862305,0.0
NNI,2005-06-20 20:00:00-04:00,35.5,35.5,34.5099983215332,34.93000030517578,284400,26.79301643371582,0.0
NNI,2005-06-21 20:00:00-04:00,34.849998474121094,34.86000061035156,34.08000183105469,34.189998626708984,454400,26.225400924682617,0.0
NNI,2005-06-22 20:00:00-04:00,33.75,33.779998779296875,30.860000610351562,31.0,906600,23.778518676757812,0.0
NNI,2005-06-23 20:00:00-04:00,30.5,31.479999542236328,30.0,31.479999542236328,800100,24.14670753479004,0.0
NNI,2005-06-26 20:00:00-04:00,31.299999237060547,32.70000076293945,31.299999237060547,32.43000030517578,241300,24.875396728515625,0.0
NNI,2005-06-27 20:00:00-04:00,32.4900016784668,32.75,32.279998779296875,32.75,217800,25.120859146118164,0.0
NNI,2005-06-28 20:00:00-04:00,32.75,33.130001068115234,32.68000030517578,33.04999923706055,346000,25.350975036621094,0.0
NNI,2005-06-29 20:00:00-04:00,32.9900016784668,33.400001525878906,32.189998626708984,33.27000045776367,284800,25.519729614257812,0.0
NNI,2005-06-30 20:00:00-04:00,33.70000076293945,33.70000076293945,33.20000076293945,33.650001525878906,198200,25.811203002929688,0.0
NNI,2005-07-04 20:00:00-04:00,33.650001525878906,34.25,33.599998474121094,34.029998779296875,177200,26.10267448425293,0.0
NNI,2005-07-05 20:00:00-04:00,34.150001525878906,34.400001525878906,33.68000030517578,34.20000076293945,88300,26.233081817626953,0.0
NNI,2005-07-06 20:00:00-04:00,34.0,34.45000076293945,33.70000076293945,34.369998931884766,76900,26.363468170166016,0.0
NNI,2005-07-07 20:00:00-04:00,34.45000076293945,35.0,34.40999984741211,34.95000076293945,224800,26.808366775512695,0.0
NNI,2005-07-10 20:00:00-04:00,34.93000030517578,34.959999084472656,34.349998474121094,34.540000915527344,116500,26.49387550354004,0.0
NNI,2005-07-11 20:00:00-04:00,34.400001525878906,34.459999084472656,33.84000015258789,34.20000076293945,203200,26.233081817626953,0.0
NNI,2005-07-12 20:00:00-04:00,34.04999923706055,34.95000076293945,34.0099983215332,34.880001068115234,84600,26.754674911499023,0.0
NNI,2005-07-13 20:00:00-04:00,35.150001525878906,36.7400016784668,35.04999923706055,36.72999954223633,244200,28.1737060546875,0.0
NNI,2005-07-14 20:00:00-04:00,36.79999923706055,36.900001525878906,36.400001525878906,36.650001525878906,177600,28.112346649169922,0.0
NNI,2005-07-17 20:00:00-04:00,36.54999923706055,36.849998474121094,36.310001373291016,36.540000915527344,116600,28.027973175048828,0.0
NNI,2005-07-18 20:00:00-04:00,36.70000076293945,37.20000076293945,36.52000045776367,36.849998474121094,109400,28.265764236450195,0.0
NNI,2005-07-19 20:00:00-04:00,36.7599983215332,37.0,36.689998626708984,36.849998474121094,96300,28.265764236450195,0.0
NNI,2005-07-20 20:00:00-04:00,36.84000015258789,36.9900016784668,36.349998474121094,36.59000015258789,231400,28.066316604614258,0.0
NNI,2005-07-21 20:00:00-04:00,36.70000076293945,37.11000061035156,36.52000045776367,37.04999923706055,28800,28.419166564941406,0.0
NNI,2005-07-24 20:00:00-04:00,36.88999938964844,36.900001525878906,36.04999923706055,36.36000061035156,111800,27.889902114868164,0.0
NNI,2005-07-25 20:00:00-04:00,36.36000061035156,37.31999969482422,36.34000015258789,37.0,101300,28.380815505981445,0.0
NNI,2005-07-26 20:00:00-04:00,37.11000061035156,37.11000061035156,36.5,36.849998474121094,76500,28.265764236450195,0.0
NNI,2005-07-27 20:00:00-04:00,36.5,37.52000045776367,36.31999969482422,37.220001220703125,105000,28.54958152770996,0.0
NNI,2005-07-28 20:00:00-04:00,37.04999923706055,37.9900016784668,37.0,37.95000076293945,150500,29.109521865844727,0.0
NNI,2005-07-31 20:00:00-04:00,37.849998474121094,38.150001525878906,37.279998779296875,37.29999923706055,153300,28.610923767089844,0.0
NNI,2005-08-01 20:00:00-04:00,37.22999954223633,37.29999923706055,36.29999923706055,36.70000076293945,168500,28.15070152282715,0.0
NNI,2005-08-02 20:00:00-04:00,36.54999923706055,36.65999984741211,36.2599983215332,36.54999923706055,188000,28.03563690185547,0.0
NNI,2005-08-03 20:00:00-04:00,36.40999984741211,36.45000076293945,35.90999984741211,36.380001068115234,113700,27.90524673461914,0.0
NNI,2005-08-04 20:00:00-04:00,36.40999984741211,36.40999984741211,36.209999084472656,36.349998474121094,52100,27.88222885131836,0.0
NNI,2005-08-07 20:00:00-04:00,36.349998474121094,36.5,34.880001068115234,35.29999923706055,176700,27.076826095581055,0.0
NNI,2005-08-08 20:00:00-04:00,35.400001525878906,35.400001525878906,33.0,34.779998779296875,127000,26.67797088623047,0.0
NNI,2005-08-09 20:00:00-04:00,34.77000045776367,34.88999938964844,34.56999969482422,34.75,142300,26.65495491027832,0.0
NNI,2005-08-10 20:00:00-04:00,34.70000076293945,34.88999938964844,34.0,34.88999938964844,132500,26.76234245300293,0.0
NNI,2005-08-11 20:00:00-04:00,34.7400016784668,34.810001373291016,34.5,34.75,58000,26.65495491027832,0.0
NNI,2005-08-14 20:00:00-04:00,34.650001525878906,34.65999984741211,34.099998474121094,34.20000076293945,114500,26.233081817626953,0.0
NNI,2005-08-15 20:00:00-04:00,34.25,34.75,33.900001525878906,34.68000030517578,164100,26.60126495361328,0.0
NNI,2005-08-16 20:00:00-04:00,34.58000183105469,35.029998779296875,34.54999923706055,34.849998474121094,116300,26.731657028198242,0.0
NNI,2005-08-17 20:00:00-04:00,34.75,34.84000015258789,34.27000045776367,34.54999923706055,137600,26.50153923034668,0.0
NNI,2005-08-18 20:00:00-04:00,34.5099983215332,34.650001525878906,34.209999084472656,34.45000076293945,75400,26.424840927124023,0.0
NNI,2005-08-21 20:00:00-04:00,34.45000076293945,34.970001220703125,34.40999984741211,34.63999938964844,95000,26.570579528808594,0.0
NNI,2005-08-22 20:00:00-04:00,34.61000061035156,35.27000045776367,34.61000061035156,35.029998779296875,123600,26.869731903076172,0.0
NNI,2005-08-23 20:00:00-04:00,35.029998779296875,35.150001525878906,34.880001068115234,35.040000915527344,79600,26.877399444580078,0.0
NNI,2005-08-24 20:00:00-04:00,35.16999816894531,35.18000030517578,34.77000045776367,34.900001525878906,184800,26.770008087158203,0.0
NNI,2005-08-25 20:00:00-04:00,34.79999923706055,35.08000183105469,34.79999923706055,34.900001525878906,115100,26.770008087158203,0.0
NNI,2005-08-28 20:00:00-04:00,34.849998474121094,35.709999084472656,34.540000915527344,35.650001525878906,65100,27.345298767089844,0.0
NNI,2005-08-29 20:00:00-04:00,35.56999969482422,35.56999969482422,34.79999923706055,35.25,58600,27.03847885131836,0.0
NNI,2005-08-30 20:00:00-04:00,35.150001525878906,35.79999923706055,34.880001068115234,35.79999923706055,106600,27.460359573364258,0.0
NNI,2005-08-31 20:00:00-04:00,35.70000076293945,35.88999938964844,35.04999923706055,35.599998474121094,126000,27.306943893432617,0.0
NNI,2005-09-01 20:00:00-04:00,35.5,35.5,35.16999816894531,35.31999969482422,21400,27.09217643737793,0.0
NNI,2005-09-05 20:00:00-04:00,35.380001068115234,35.869998931884766,35.29999923706055,35.400001525878906,137300,27.15354347229004,0.0
NNI,2005-09-06 20:00:00-04:00,35.5,36.369998931884766,35.11000061035156,36.2400016784668,147000,27.7978458404541,0.0
NNI,2005-09-07 20:00:00-04:00,36.18000030517578,36.18000030517578,35.70000076293945,35.95000076293945,104200,27.575408935546875,0.0
NNI,2005-09-08 20:00:00-04:00,35.95000076293945,36.2599983215332,35.810001373291016,36.2599983215332,147000,27.813199996948242,0.0
NNI,2005-09-11 20:00:00-04:00,36.20000076293945,36.540000915527344,36.20000076293945,36.400001525878906,61000,27.920583724975586,0.0
NNI,2005-09-12 20:00:00-04:00,38.0,38.04999923706055,37.02000045776367,37.5,213900,28.76433753967285,0.0
NNI,2005-09-13 20:00:00-04:00,37.5,37.7599983215332,37.130001068115234,37.150001525878906,99000,28.495878219604492,0.0
NNI,2005-09-14 20:00:00-04:00,37.20000076293945,37.63999938964844,37.20000076293945,37.58000183105469,62000,28.825698852539062,0.0
NNI,2005-09-15 20:00:00-04:00,37.52000045776367,37.790000915527344,37.43000030517578,37.599998474121094,64100,28.841047286987305,0.0
NNI,2005-09-18 20:00:00-04:00,37.599998474121094,37.650001525878906,37.0,37.13999938964844,105200,28.48819351196289,0.0
NNI,2005-09-19 20:00:00-04:00,37.0,37.099998474121094,36.38999938964844,36.61000061035156,70400,28.08167266845703,0.0
NNI,2005-09-20 20:00:00-04:00,36.54999923706055,36.79999923706055,35.79999923706055,36.5,82900,27.99730110168457,0.0
NNI,2005-09-21 20:00:00-04:00,36.400001525878906,36.400001525878906,35.88999938964844,36.04999923706055,126500,27.652118682861328,0.0
NNI,2005-09-22 20:00:00-04:00,35.95000076293945,36.31999969482422,35.900001525878906,36.25,54300,27.805530548095703,0.0
NNI,2005-09-25 20:00:00-04:00,36.22999954223633,36.27000045776367,35.529998779296875,36.02000045776367,59400,27.62910270690918,0.0
NNI,2005-09-26 20:00:00-04:00,36.04999923706055,36.4900016784668,35.900001525878906,36.25,61200,27.805530548095703,0.0
NNI,2005-09-27 20:00:00-04:00,36.29999923706055,37.65999984741211,36.29999923706055,37.25,165300,28.57257652282715,0.0
NNI,2005-09-28 20:00:00-04:00,37.45000076293945,37.79999923706055,37.130001068115234,37.400001525878906,195200,28.687644958496094,0.0
NNI,2005-09-29 20:00:00-04:00,37.5,38.0099983215332,37.5,38.0099983215332,128600,29.155534744262695,0.0
NNI,2005-10-02 20:00:00-04:00,37.849998474121094,39.04999923706055,37.810001373291016,38.970001220703125,214600,29.891910552978516,0.0
NNI,2005-10-03 20:00:00-04:00,39.0,39.119998931884766,38.880001068115234,39.04999923706055,140700,29.95325469970703,0.0
NNI,2005-10-04 20:00:00-04:00,39.150001525878906,39.29999923706055,38.849998474121094,38.880001068115234,47900,29.822864532470703,0.0
NNI,2005-10-05 20:00:00-04:00,38.880001068115234,39.470001220703125,38.7400016784668,38.900001525878906,84900,29.838211059570312,0.0
NNI,2005-10-06 20:00:00-04:00,38.900001525878906,39.5,38.86000061035156,38.95000076293945,100000,29.876554489135742,0.0
NNI,2005-10-09 20:00:00-04:00,39.04999923706055,39.04999923706055,38.599998474121094,38.709999084472656,56700,29.692480087280273,0.0
NNI,2005-10-10 20:00:00-04:00,38.709999084472656,39.150001525878906,38.63999938964844,38.77000045776367,71600,29.738479614257812,0.0
NNI,2005-10-11 20:00:00-04:00,38.650001525878906,38.79999923706055,36.70000076293945,37.150001525878906,201200,28.495878219604492,0.0
NNI,2005-10-12 20:00:00-04:00,37.0,37.08000183105469,35.27000045776367,36.95000076293945,207800,28.342456817626953,0.0
NNI,2005-10-13 20:00:00-04:00,37.0,37.040000915527344,36.36000061035156,36.970001220703125,49300,28.357810974121094,0.0
NNI,2005-10-16 20:00:00-04:00,36.91999816894531,37.0,36.02000045776367,36.61000061035156,53300,28.08167266845703,0.0
NNI,2005-10-17 20:00:00-04:00,36.5099983215332,36.59000015258789,35.83000183105469,36.09000015258789,52400,27.682790756225586,0.0
NNI,2005-10-18 20:00:00-04:00,36.0,36.38999938964844,35.220001220703125,36.380001068115234,98600,27.90524673461914,0.0
NNI,2005-10-19 20:00:00-04:00,36.38999938964844,36.38999938964844,35.68000030517578,35.9900016784668,217900,27.60610580444336,0.0
NNI,2005-10-20 20:00:00-04:00,36.0,37.15999984741211,36.0,36.72999954223633,74800,28.1737060546875,0.0
NNI,2005-10-23 20:00:00-04:00,36.86000061035156,38.130001068115234,36.709999084472656,37.720001220703125,86000,28.933088302612305,0.0
NNI,2005-10-24 20:00:00-04:00,37.720001220703125,37.75,36.95000076293945,37.150001525878906,68600,28.495878219604492,0.0
NNI,2005-10-25 20:00:00-04:00,37.349998474121094,37.43000030517578,36.79999923706055,36.900001525878906,30300,28.304105758666992,0.0
NNI,2005-10-26 20:00:00-04:00,37.04999923706055,37.650001525878906,36.4900016784668,36.52000045776367,75100,28.012632369995117,0.0
NNI,2005-10-27 20:00:00-04:00,36.619998931884766,37.02000045776367,36.599998474121094,36.79999923706055,45300,28.227399826049805,0.0
NNI,2005-10-30 19:00:00-05:00,36.900001525878906,37.34000015258789,36.900001525878906,37.099998474121094,75400,28.457508087158203,0.0
NNI,2005-10-31 19:00:00-05:00,36.97999954223633,37.40999984741211,36.540000915527344,36.689998626708984,31900,28.143041610717773,0.0
NNI,2005-11-01 19:00:00-05:00,36.70000076293945,37.0,36.54999923706055,36.72999954223633,49800,28.1737060546875,0.0
NNI,2005-11-02 19:00:00-05:00,36.630001068115234,37.400001525878906,36.5099983215332,36.849998474121094,70400,28.265764236450195,0.0
NNI,2005-11-03 19:00:00-05:00,36.91999816894531,37.20000076293945,36.79999923706055,36.970001220703125,20600,28.357810974121094,0.0
NNI,2005-11-06 19:00:00-05:00,37.06999969482422,37.529998779296875,37.06999969482422,37.4900016784668,42400,28.756664276123047,0.0
NNI,2005-11-07 19:00:00-05:00,37.400001525878906,37.83000183105469,37.400001525878906,37.72999954223633,88500,28.940752029418945,0.0
NNI,2005-11-08 19:00:00-05:00,37.72999954223633,37.790000915527344,37.650001525878906,37.70000076293945,65900,28.917760848999023,0.0
NNI,2005-11-09 19:00:00-05:00,37.75,37.75,37.5,37.630001068115234,26000,28.86406135559082,0.0
NNI,2005-11-10 19:00:00-05:00,37.61000061035156,37.79999923706055,37.58000183105469,37.7400016784668,17800,28.94843101501465,0.0
NNI,2005-11-13 19:00:00-05:00,37.7400016784668,37.810001373291016,37.599998474121094,37.70000076293945,15600,28.917760848999023,0.0
NNI,2005-11-14 19:00:00-05:00,37.70000076293945,38.09000015258789,37.400001525878906,37.900001525878906,66700,29.0711612701416,0.0
NNI,2005-11-15 19:00:00-05:00,37.900001525878906,37.900001525878906,37.13999938964844,37.7400016784668,29200,28.94843101501465,0.0
NNI,2005-11-16 19:00:00-05:00,37.70000076293945,37.70000076293945,36.900001525878906,37.36000061035156,65300,28.656959533691406,0.0
NNI,2005-11-17 19:00:00-05:00,37.45000076293945,37.689998626708984,37.0,37.66999816894531,305000,28.894739151000977,0.0
NNI,2005-11-20 19:00:00-05:00,37.7400016784668,37.900001525878906,37.619998931884766,37.81999969482422,24900,29.009790420532227,0.0
NNI,2005-11-21 19:00:00-05:00,37.720001220703125,37.810001373291016,37.599998474121094,37.720001220703125,35100,28.933088302612305,0.0
NNI,2005-11-22 19:00:00-05:00,37.849998474121094,38.34000015258789,37.650001525878906,38.25,115900,29.339618682861328,0.0
NNI,2005-11-24 19:00:00-05:00,38.2400016784668,38.2400016784668,38.08000183105469,38.209999084472656,16800,29.30892562866211,0.0
NNI,2005-11-27 19:00:00-05:00,38.209999084472656,38.70000076293945,38.0,38.529998779296875,69900,29.554393768310547,0.0
NNI,2005-11-28 19:00:00-05:00,38.61000061035156,38.66999816894531,38.130001068115234,38.150001525878906,40800,29.262916564941406,0.0
NNI,2005-11-29 19:00:00-05:00,38.130001068115234,38.130001068115234,37.52000045776367,38.04999923706055,56100,29.186216354370117,0.0
NNI,2005-11-30 19:00:00-05:00,37.970001220703125,38.70000076293945,37.779998779296875,38.529998779296875,72500,29.554393768310547,0.0
NNI,2005-12-01 19:00:00-05:00,38.470001220703125,39.15999984741211,38.27000045776367,38.9900016784668,142400,29.907251358032227,0.0
NNI,2005-12-04 19:00:00-05:00,39.08000183105469,39.20000076293945,38.599998474121094,38.86000061035156,147400,29.807533264160156,0.0
NNI,2005-12-05 19:00:00-05:00,39.0,39.0,38.54999923706055,38.849998474121094,38600,29.79985237121582,0.0
NNI,2005-12-06 19:00:00-05:00,38.900001525878906,39.0,38.77000045776367,38.97999954223633,18300,29.899578094482422,0.0
NNI,2005-12-07 19:00:00-05:00,38.95000076293945,39.0,38.31999969482422,38.83000183105469,36600,29.784521102905273,0.0
NNI,2005-12-08 19:00:00-05:00,38.79999923706055,38.93000030517578,38.5,38.900001525878906,11200,29.838211059570312,0.0
NNI,2005-12-11 19:00:00-05:00,39.0,39.16999816894531,38.47999954223633,38.95000076293945,24300,29.876554489135742,0.0
NNI,2005-12-12 19:00:00-05:00,38.849998474121094,38.86000061035156,38.119998931884766,38.5,21400,29.531389236450195,0.0
NNI,2005-12-13 19:00:00-05:00,38.5,38.5,36.959999084472656,37.29999923706055,118200,28.610923767089844,0.0
NNI,2005-12-14 19:00:00-05:00,37.099998474121094,37.75,36.650001525878906,37.75,220000,28.95611000061035,0.0
NNI,2005-12-15 19:00:00-05:00,37.900001525878906,38.09000015258789,37.849998474121094,37.95000076293945,55400,29.109521865844727,0.0
NNI,2005-12-18 19:00:00-05:00,38.02000045776367,39.20000076293945,37.83000183105469,38.900001525878906,122400,29.838211059570312,0.0
NNI,2005-12-19 19:00:00-05:00,38.900001525878906,40.099998474121094,38.900001525878906,40.0,455400,30.68195915222168,0.0
NNI,2005-12-20 19:00:00-05:00,40.0,40.599998474121094,39.54999923706055,40.47999954223633,289600,31.050151824951172,0.0
NNI,2005-12-21 19:00:00-05:00,40.650001525878906,41.099998474121094,40.220001220703125,40.38999938964844,127700,30.98111915588379,0.0
NNI,2005-12-22 19:00:00-05:00,40.38999938964844,40.58000183105469,40.349998474121094,40.54999923706055,20900,31.103839874267578,0.0
NNI,2005-12-26 19:00:00-05:00,40.68000030517578,40.720001220703125,40.060001373291016,40.150001525878906,36700,30.797025680541992,0.0
NNI,2005-12-27 19:00:00-05:00,40.279998779296875,40.70000076293945,39.959999084472656,40.02000045776367,67500,30.697296142578125,0.0
NNI,2005-12-28 19:00:00-05:00,39.970001220703125,39.97999954223633,39.720001220703125,39.779998779296875,30800,30.513202667236328,0.0
NNI,2005-12-29 19:00:00-05:00,39.79999923706055,40.779998779296875,39.34000015258789,40.68000030517578,117600,31.203554153442383,0.0
NNI,2006-01-02 19:00:00-05:00,40.5,41.040000915527344,39.689998626708984,40.619998931884766,230500,31.157535552978516,0.0
NNI,2006-01-03 19:00:00-05:00,40.70000076293945,41.29999923706055,40.70000076293945,41.0,65500,31.449020385742188,0.0
NNI,2006-01-04 19:00:00-05:00,40.900001525878906,40.91999816894531,39.75,40.0,87600,30.68195915222168,0.0
NNI,2006-01-05 19:00:00-05:00,40.0,41.27000045776367,39.95000076293945,41.20000076293945,80700,31.6024112701416,0.0
NNI,2006-01-08 19:00:00-05:00,41.29999923706055,41.41999816894531,40.54999923706055,40.869998931884766,58500,31.349288940429688,0.0
NNI,2006-01-09 19:00:00-05:00,41.0,41.369998931884766,40.68000030517578,41.2400016784668,42200,31.633100509643555,0.0
NNI,2006-01-10 19:00:00-05:00,41.45000076293945,42.5,41.38999938964844,42.5,828400,32.59959030151367,0.0
NNI,2006-01-11 19:00:00-05:00,42.540000915527344,42.880001068115234,42.20000076293945,42.5,85200,32.59959030151367,0.0
NNI,2006-01-12 19:00:00-05:00,42.439998626708984,42.47999954223633,41.70000076293945,41.88999938964844,234300,32.13167953491211,0.0
NNI,2006-01-16 19:00:00-05:00,42.400001525878906,43.43000030517578,42.400001525878906,43.0,337100,32.98309326171875,0.0
NNI,2006-01-17 19:00:00-05:00,42.849998474121094,43.279998779296875,42.619998931884766,42.93000030517578,162600,32.92941665649414,0.0
NNI,2006-01-18 19:00:00-05:00,43.029998779296875,43.34000015258789,42.86000061035156,42.9900016784668,87900,32.97544479370117,0.0
NNI,2006-01-19 19:00:00-05:00,42.849998474121094,43.470001220703125,42.810001373291016,43.189998626708984,184100,33.12885665893555,0.0
NNI,2006-01-22 19:00:00-05:00,43.209999084472656,43.439998626708984,42.86000061035156,42.88999938964844,115000,32.89873123168945,0.0
NNI,2006-01-23 19:00:00-05:00,42.880001068115234,43.060001373291016,41.90999984741211,42.099998474121094,150400,32.29276657104492,0.0
NNI,2006-01-24 19:00:00-05:00,42.27000045776367,42.470001220703125,41.61000061035156,42.0,85800,32.21607208251953,0.0
NNI,2006-01-25 19:00:00-05:00,42.150001525878906,43.08000183105469,42.150001525878906,42.720001220703125,188900,32.768333435058594,0.0
NNI,2006-01-26 19:00:00-05:00,42.70000076293945,42.97999954223633,42.349998474121094,42.470001220703125,89600,32.576560974121094,0.0
NNI,2006-01-29 19:00:00-05:00,42.56999969482422,42.959999084472656,42.20000076293945,42.20000076293945,105600,32.36948776245117,0.0
NNI,2006-01-30 19:00:00-05:00,41.650001525878906,41.849998474121094,40.86000061035156,41.099998474121094,480800,31.525720596313477,0.0
NNI,2006-01-31 19:00:00-05:00,41.18000030517578,42.29999923706055,41.060001373291016,41.45000076293945,123600,31.79417610168457,0.0
NNI,2006-02-01 19:00:00-05:00,41.45000076293945,42.13999938964844,41.45000076293945,42.099998474121094,96500,32.29276657104492,0.0
NNI,2006-02-02 19:00:00-05:00,42.150001525878906,42.91999816894531,41.88999938964844,42.880001068115234,83200,32.89106369018555,0.0
NNI,2006-02-05 19:00:00-05:00,43.150001525878906,43.150001525878906,42.43000030517578,42.79999923706055,78400,32.82969665527344,0.0
NNI,2006-02-06 19:00:00-05:00,42.900001525878906,42.959999084472656,42.130001068115234,42.130001068115234,49000,32.31578826904297,0.0
NNI,2006-02-07 19:00:00-05:00,42.15999984741211,42.27000045776367,41.95000076293945,42.2400016784668,85800,32.40015411376953,0.0
NNI,2006-02-08 19:00:00-05:00,42.29999923706055,42.36000061035156,42.150001525878906,42.29999923706055,80900,32.4461669921875,0.0
NNI,2006-02-09 19:00:00-05:00,42.25,42.2599983215332,42.099998474121094,42.220001220703125,67600,32.38481521606445,0.0
NNI,2006-02-12 19:00:00-05:00,42.2400016784668,42.70000076293945,42.099998474121094,42.20000076293945,69200,32.36948776245117,0.0
NNI,2006-02-13 19:00:00-05:00,42.15999984741211,42.209999084472656,41.5,41.810001373291016,103300,32.07033157348633,0.0
NNI,2006-02-14 19:00:00-05:00,41.959999084472656,42.15999984741211,41.5099983215332,41.650001525878906,100900,31.94759750366211,0.0
NNI,2006-02-15 19:00:00-05:00,41.599998474121094,41.790000915527344,41.5,41.650001525878906,46500,31.94759750366211,0.0
NNI,2006-02-16 19:00:00-05:00,41.61000061035156,41.77000045776367,41.36000061035156,41.45000076293945,42500,31.79417610168457,0.0
NNI,2006-02-20 19:00:00-05:00,41.5,41.5,40.7599983215332,40.939998626708984,58900,31.402986526489258,0.0
NNI,2006-02-21 19:00:00-05:00,40.939998626708984,41.439998626708984,40.91999816894531,41.29999923706055,145700,31.679140090942383,0.0
NNI,2006-02-22 19:00:00-05:00,41.369998931884766,41.599998474121094,41.06999969482422,41.470001220703125,68300,31.809518814086914,0.0
NNI,2006-02-23 19:00:00-05:00,41.54999923706055,41.630001068115234,41.0,41.08000183105469,51400,31.510372161865234,0.0
NNI,2006-02-26 19:00:00-05:00,41.04999923706055,41.29999923706055,40.7400016784668,41.22999954223633,85700,31.625429153442383,0.0
NNI,2006-02-27 19:00:00-05:00,41.22999954223633,41.4900016784668,41.099998474121094,41.45000076293945,115200,31.79417610168457,0.0
NNI,2006-02-28 19:00:00-05:00,41.29999923706055,41.95000076293945,41.209999084472656,41.790000915527344,72200,32.05498504638672,0.0
NNI,2006-03-01 19:00:00-05:00,41.70000076293945,41.91999816894531,41.38999938964844,41.5,103200,31.83253288269043,0.0
NNI,2006-03-02 19:00:00-05:00,41.5,41.95000076293945,41.470001220703125,41.7400016784668,56100,32.01661682128906,0.0
NNI,2006-03-05 19:00:00-05:00,41.84000015258789,41.84000015258789,41.29999923706055,41.529998779296875,51800,31.855560302734375,0.0
NNI,2006-03-06 19:00:00-05:00,41.400001525878906,41.810001373291016,41.119998931884766,41.779998779296875,153500,32.04731750488281,0.0
NNI,2006-03-07 19:00:00-05:00,41.849998474121094,42.08000183105469,41.5,41.9900016784668,82200,32.20838165283203,0.0
NNI,2006-03-08 19:00:00-05:00,41.9900016784668,42.040000915527344,41.650001525878906,41.75,44700,32.02431106567383,0.0
NNI,2006-03-09 19:00:00-05:00,41.849998474121094,43.25,41.810001373291016,42.900001525878906,201700,32.906402587890625,0.0
NNI,2006-03-12 19:00:00-05:00,43.0,43.400001525878906,42.779998779296875,43.0,201800,32.98309326171875,0.0
NNI,2006-03-13 19:00:00-05:00,42.900001525878906,43.279998779296875,42.84000015258789,42.91999816894531,144600,32.9217529296875,0.0
NNI,2006-03-14 19:00:00-05:00,42.849998474121094,42.90999984741211,41.56999969482422,42.0,199700,32.21607208251953,0.0
NNI,2006-03-15 19:00:00-05:00,42.150001525878906,42.349998474121094,41.95000076293945,42.18000030517578,161700,32.35414505004883,0.0
NNI,2006-03-16 19:00:00-05:00,42.22999954223633,42.41999816894531,41.959999084472656,42.369998931884766,62700,32.49987030029297,0.0
NNI,2006-03-19 19:00:00-05:00,42.060001373291016,42.060001373291016,41.4900016784668,41.68000030517578,108500,31.970596313476562,0.0
NNI,2006-03-20 19:00:00-05:00,41.79999923706055,42.15999984741211,41.7599983215332,42.029998779296875,111700,32.239078521728516,0.0
NNI,2006-03-21 19:00:00-05:00,42.97999954223633,42.97999954223633,41.810001373291016,42.029998779296875,79100,32.239078521728516,0.0
NNI,2006-03-22 19:00:00-05:00,41.95000076293945,42.18000030517578,41.810001373291016,42.119998931884766,49200,32.3080940246582,0.0
NNI,2006-03-23 19:00:00-05:00,42.04999923706055,42.189998626708984,41.900001525878906,42.119998931884766,39000,32.3080940246582,0.0
NNI,2006-03-26 19:00:00-05:00,42.209999084472656,42.209999084472656,41.77000045776367,42.099998474121094,81400,32.29276657104492,0.0
NNI,2006-03-27 19:00:00-05:00,42.20000076293945,42.29999923706055,41.779998779296875,41.790000915527344,34100,32.05498504638672,0.0
NNI,2006-03-28 19:00:00-05:00,41.790000915527344,42.0,41.650001525878906,41.68000030517578,80100,31.970596313476562,0.0
NNI,2006-03-29 19:00:00-05:00,41.68000030517578,41.880001068115234,41.0,41.150001525878906,110100,31.56406021118164,0.0
NNI,2006-03-30 19:00:00-05:00,41.04999923706055,41.650001525878906,40.84000015258789,41.650001525878906,175300,31.94759750366211,0.0
NNI,2006-04-02 20:00:00-04:00,41.54999923706055,42.18000030517578,41.470001220703125,42.060001373291016,145200,32.2620735168457,0.0
NNI,2006-04-03 20:00:00-04:00,42.0099983215332,43.70000076293945,42.0099983215332,42.970001220703125,288000,32.96009826660156,0.0
NNI,2006-04-04 20:00:00-04:00,42.75,42.880001068115234,42.02000045776367,42.09000015258789,61500,32.28509521484375,0.0
NNI,2006-04-05 20:00:00-04:00,42.0,42.220001220703125,41.34000015258789,41.58000183105469,89000,31.893903732299805,0.0
NNI,2006-04-06 20:00:00-04:00,41.400001525878906,41.400001525878906,40.95000076293945,41.20000076293945,114100,31.6024112701416,0.0
NNI,2006-04-09 20:00:00-04:00,41.130001068115234,41.150001525878906,40.529998779296875,40.75,62000,31.25724220275879,0.0
NNI,2006-04-10 20:00:00-04:00,40.75,40.779998779296875,39.95000076293945,40.02000045776367,143300,30.697296142578125,0.0
NNI,2006-04-11 20:00:00-04:00,39.939998626708984,40.099998474121094,39.65999984741211,39.849998474121094,85900,30.566905975341797,0.0
NNI,2006-04-12 20:00:00-04:00,39.86000061035156,40.68000030517578,39.70000076293945,40.4900016784668,98200,31.057825088500977,0.0
NNI,2006-04-16 20:00:00-04:00,39.099998474121094,39.66999816894531,39.040000915527344,39.45000076293945,386300,30.26009178161621,0.0
NNI,2006-04-17 20:00:00-04:00,38.5,38.97999954223633,38.349998474121094,38.75,404600,29.72315216064453,0.0
NNI,2006-04-18 20:00:00-04:00,38.54999923706055,39.150001525878906,38.439998626708984,39.08000183105469,107100,29.976280212402344,0.0
NNI,2006-04-19 20:00:00-04:00,39.02000045776367,39.720001220703125,39.02000045776367,39.4900016784668,116900,30.290771484375,0.0
NNI,2006-04-20 20:00:00-04:00,39.459999084472656,39.75,39.38999938964844,39.68000030517578,87700,30.436513900756836,0.0
NNI,2006-04-23 20:00:00-04:00,39.68000030517578,39.720001220703125,39.31999969482422,39.61000061035156,82300,30.382810592651367,0.0
NNI,2006-04-24 20:00:00-04:00,39.54999923706055,39.619998931884766,38.9900016784668,38.9900016784668,96800,29.907251358032227,0.0
NNI,2006-04-25 20:00:00-04:00,38.900001525878906,39.150001525878906,38.7400016784668,38.900001525878906,62400,29.838211059570312,0.0
NNI,2006-04-26 20:00:00-04:00,38.79999923706055,38.959999084472656,38.5099983215332,38.900001525878906,82900,29.838211059570312,0.0
NNI,2006-04-27 20:00:00-04:00,38.95000076293945,39.08000183105469,38.41999816894531,38.900001525878906,399300,29.838211059570312,0.0
NNI,2006-04-30 20:00:00-04:00,38.5,38.65999984741211,37.630001068115234,38.54999923706055,289400,29.569746017456055,0.0
NNI,2006-05-01 20:00:00-04:00,38.5,38.689998626708984,37.75,37.91999816894531,111700,29.08650779724121,0.0
NNI,2006-05-02 20:00:00-04:00,37.869998931884766,38.16999816894531,37.529998779296875,37.650001525878906,54100,28.87940216064453,0.0
NNI,2006-05-03 20:00:00-04:00,37.720001220703125,38.04999923706055,37.599998474121094,37.650001525878906,61800,28.87940216064453,0.0
NNI,2006-05-04 20:00:00-04:00,37.650001525878906,38.0,37.650001525878906,37.9900016784668,57900,29.14019012451172,0.0
NNI,2006-05-07 20:00:00-04:00,37.900001525878906,38.209999084472656,37.560001373291016,37.95000076293945,61600,29.109521865844727,0.0
NNI,2006-05-08 20:00:00-04:00,37.95000076293945,38.209999084472656,37.70000076293945,38.18000030517578,104100,29.28592872619629,0.0
NNI,2006-05-09 20:00:00-04:00,38.119998931884766,38.2599983215332,37.849998474121094,38.029998779296875,29900,29.17087745666504,0.0
NNI,2006-05-10 20:00:00-04:00,37.93000030517578,38.0,37.41999816894531,37.70000076293945,63700,28.917760848999023,0.0
NNI,2006-05-11 20:00:00-04:00,37.63999938964844,38.099998474121094,37.5,38.0,254000,29.147857666015625,0.0
NNI,2006-05-14 20:00:00-04:00,38.0,38.150001525878906,37.61000061035156,37.939998626708984,145100,29.101839065551758,0.0
NNI,2006-05-15 20:00:00-04:00,37.900001525878906,38.0,37.70000076293945,37.810001373291016,34600,29.00212287902832,0.0
NNI,2006-05-16 20:00:00-04:00,37.70000076293945,37.959999084472656,37.470001220703125,37.88999938964844,65800,29.063493728637695,0.0
NNI,2006-05-17 20:00:00-04:00,37.95000076293945,37.970001220703125,37.41999816894531,37.599998474121094,38000,28.841047286987305,0.0
NNI,2006-05-18 20:00:00-04:00,37.56999969482422,37.56999969482422,36.75,37.36000061035156,100400,28.656959533691406,0.0
NNI,2006-05-21 20:00:00-04:00,37.0,37.150001525878906,36.58000183105469,37.099998474121094,69500,28.457508087158203,0.0
NNI,2006-05-22 20:00:00-04:00,37.11000061035156,37.11000061035156,35.91999816894531,36.20000076293945,207600,27.767168045043945,0.0
NNI,2006-05-23 20:00:00-04:00,36.20000076293945,36.20000076293945,35.70000076293945,36.040000915527344,45200,27.644453048706055,0.0
NNI,2006-05-24 20:00:00-04:00,36.040000915527344,36.5,35.619998931884766,36.33000183105469,98900,27.866893768310547,0.0
NNI,2006-05-25 20:00:00-04:00,38.0,38.47999954223633,37.04999923706055,37.25,359300,28.57257652282715,0.0
NNI,2006-05-29 20:00:00-04:00,37.18000030517578,37.34000015258789,36.86000061035156,37.08000183105469,111900,28.442169189453125,0.0
NNI,2006-05-30 20:00:00-04:00,37.04999923706055,37.599998474121094,36.959999084472656,37.369998931884766,140400,28.664621353149414,0.0
NNI,2006-05-31 20:00:00-04:00,37.38999938964844,37.720001220703125,36.91999816894531,37.599998474121094,123600,28.841047286987305,0.0
NNI,2006-06-01 20:00:00-04:00,37.63999938964844,38.349998474121094,37.52000045776367,38.04999923706055,163700,29.186216354370117,0.0
NNI,2006-06-04 20:00:00-04:00,38.0,38.31999969482422,37.939998626708984,38.20000076293945,80400,29.301284790039062,0.0
NNI,2006-06-05 20:00:00-04:00,38.15999984741211,38.45000076293945,37.880001068115234,38.31999969482422,113500,29.3933162689209,0.0
NNI,2006-06-06 20:00:00-04:00,38.31999969482422,38.689998626708984,38.31999969482422,38.619998931884766,69300,29.62343406677246,0.0
NNI,2006-06-07 20:00:00-04:00,39.099998474121094,39.27000045776367,38.540000915527344,38.720001220703125,295200,29.70014190673828,0.0
NNI,2006-06-08 20:00:00-04:00,38.720001220703125,39.33000183105469,38.709999084472656,39.11000061035156,140800,29.999296188354492,0.0
NNI,2006-06-11 20:00:00-04:00,39.099998474121094,39.22999954223633,38.81999969482422,38.97999954223633,119100,29.899578094482422,0.0
NNI,2006-06-12 20:00:00-04:00,38.97999954223633,39.18000030517578,38.43000030517578,38.5,205100,29.531389236450195,0.0
NNI,2006-06-13 20:00:00-04:00,38.599998474121094,38.95000076293945,38.150001525878906,38.38999938964844,233900,29.447010040283203,0.0
NNI,2006-06-14 20:00:00-04:00,38.5,39.630001068115234,38.5,39.29999923706055,343800,30.145017623901367,0.0
NNI,2006-06-15 20:00:00-04:00,39.380001068115234,39.93000030517578,39.349998474121094,39.650001525878906,275000,30.413511276245117,0.0
NNI,2006-06-18 20:00:00-04:00,39.689998626708984,39.720001220703125,39.349998474121094,39.54999923706055,60500,30.336780548095703,0.0
NNI,2006-06-19 20:00:00-04:00,39.54999923706055,39.54999923706055,39.2599983215332,39.349998474121094,101800,30.183368682861328,0.0
NNI,2006-06-20 20:00:00-04:00,39.38999938964844,39.88999938964844,39.29999923706055,39.84000015258789,105900,30.559232711791992,0.0
NNI,2006-06-21 20:00:00-04:00,39.88999938964844,40.0,39.59000015258789,40.0,65700,30.68195915222168,0.0
NNI,2006-06-22 20:00:00-04:00,40.06999969482422,41.310001373291016,39.86000061035156,40.5,85700,31.06546974182129,0.0
NNI,2006-06-25 20:00:00-04:00,40.470001220703125,40.66999816894531,40.15999984741211,40.529998779296875,50300,31.088489532470703,0.0
NNI,2006-06-26 20:00:00-04:00,40.400001525878906,40.5,40.08000183105469,40.400001525878906,96200,30.988786697387695,0.0
NNI,2006-06-27 20:00:00-04:00,40.459999084472656,40.65999984741211,39.959999084472656,40.16999816894531,128600,30.81235694885254,0.0
NNI,2006-06-28 20:00:00-04:00,40.20000076293945,40.75,39.91999816894531,40.52000045776367,67600,31.080839157104492,0.0
NNI,2006-06-29 20:00:00-04:00,40.52000045776367,40.689998626708984,40.310001373291016,40.54999923706055,73500,31.103839874267578,0.0
NNI,2006-07-02 20:00:00-04:00,40.5,40.68000030517578,40.2599983215332,40.650001525878906,24400,31.180551528930664,0.0
NNI,2006-07-04 20:00:00-04:00,40.599998474121094,40.599998474121094,39.90999984741211,40.189998626708984,71900,30.827699661254883,0.0
NNI,2006-07-05 20:00:00-04:00,40.310001373291016,40.36000061035156,40.04999923706055,40.2400016784668,47000,30.86605453491211,0.0
NNI,2006-07-06 20:00:00-04:00,40.16999816894531,40.38999938964844,40.13999938964844,40.20000076293945,105500,30.83538246154785,0.0
NNI,2006-07-09 20:00:00-04:00,40.25,40.25,39.9900016784668,40.029998779296875,52700,30.704988479614258,0.0
NNI,2006-07-10 20:00:00-04:00,39.95000076293945,39.95000076293945,39.54999923706055,39.77000045776367,72200,30.50555992126465,0.0
NNI,2006-07-11 20:00:00-04:00,39.79999923706055,39.95000076293945,39.439998626708984,39.630001068115234,61700,30.398157119750977,0.0
NNI,2006-07-12 20:00:00-04:00,39.5,39.79999923706055,38.869998931884766,39.09000015258789,92000,29.98395347595215,0.0
NNI,2006-07-13 20:00:00-04:00,39.029998779296875,39.16999816894531,38.72999954223633,39.0,113900,29.914918899536133,0.0
NNI,2006-07-16 20:00:00-04:00,38.959999084472656,38.9900016784668,38.720001220703125,38.7400016784668,50300,29.715484619140625,0.0
NNI,2006-07-17 20:00:00-04:00,38.7400016784668,38.84000015258789,38.20000076293945,38.29999923706055,79100,29.37796974182129,0.0
NNI,2006-07-18 20:00:00-04:00,38.349998474121094,38.54999923706055,38.20000076293945,38.36000061035156,124400,29.42399787902832,0.0
NNI,2006-07-19 20:00:00-04:00,38.380001068115234,38.470001220703125,37.90999984741211,38.040000915527344,77000,29.178537368774414,0.0
NNI,2006-07-20 20:00:00-04:00,38.040000915527344,38.040000915527344,37.45000076293945,37.619998931884766,62500,28.85637855529785,0.0
NNI,2006-07-23 20:00:00-04:00,37.75,38.27000045776367,37.650001525878906,38.04999923706055,142400,29.186216354370117,0.0
NNI,2006-07-24 20:00:00-04:00,38.04999923706055,38.189998626708984,37.88999938964844,37.900001525878906,182000,29.0711612701416,0.0
NNI,2006-07-25 20:00:00-04:00,37.95000076293945,37.970001220703125,37.27000045776367,37.4900016784668,42100,28.756664276123047,0.0
NNI,2006-07-26 20:00:00-04:00,37.47999954223633,37.47999954223633,36.779998779296875,37.09000015258789,115100,28.449861526489258,0.0
NNI,2006-07-27 20:00:00-04:00,35.25,35.400001525878906,31.399999618530273,31.93000030517578,1609300,24.49187660217285,0.0
NNI,2006-07-30 20:00:00-04:00,30.700000762939453,31.3799991607666,30.25,30.670000076293945,691800,23.525394439697266,0.0
NNI,2006-07-31 20:00:00-04:00,31.049999237060547,31.09000015258789,30.18000030517578,30.239999771118164,651300,23.195560455322266,0.0
NNI,2006-08-01 20:00:00-04:00,30.809999465942383,32.04999923706055,30.6299991607666,31.450000762939453,927200,24.123701095581055,0.0
NNI,2006-08-02 20:00:00-04:00,31.299999237060547,31.549999237060547,31.020000457763672,31.450000762939453,279000,24.123701095581055,0.0
NNI,2006-08-03 20:00:00-04:00,31.670000076293945,31.860000610351562,31.299999237060547,31.5,214600,24.162050247192383,0.0
NNI,2006-08-06 20:00:00-04:00,31.510000228881836,31.920000076293945,31.010000228881836,31.90999984741211,439700,24.476530075073242,0.0
NNI,2006-08-07 20:00:00-04:00,31.799999237060547,32.08000183105469,31.309999465942383,31.450000762939453,178000,24.123701095581055,0.0
NNI,2006-08-08 20:00:00-04:00,31.450000762939453,31.84000015258789,31.25,31.350000381469727,430300,24.0469913482666,0.0
NNI,2006-08-09 20:00:00-04:00,30.899999618530273,30.899999618530273,29.829999923706055,30.25,400800,23.203235626220703,0.0
NNI,2006-08-10 20:00:00-04:00,30.149999618530273,30.6299991607666,29.920000076293945,30.25,219400,23.203235626220703,0.0
NNI,2006-08-13 20:00:00-04:00,30.200000762939453,30.260000228881836,29.489999771118164,29.510000228881836,159900,22.6356143951416,0.0
NNI,2006-08-14 20:00:00-04:00,29.510000228881836,30.06999969482422,29.510000228881836,29.850000381469727,132300,22.896408081054688,0.0
NNI,2006-08-15 20:00:00-04:00,29.850000381469727,29.899999618530273,29.469999313354492,29.559999465942383,161900,22.673973083496094,0.0
NNI,2006-08-16 20:00:00-04:00,29.649999618530273,29.959999084472656,29.440000534057617,29.600000381469727,164400,22.704654693603516,0.0
NNI,2006-08-17 20:00:00-04:00,29.510000228881836,29.649999618530273,29.3799991607666,29.5,116000,22.627948760986328,0.0
NNI,2006-08-20 20:00:00-04:00,29.399999618530273,29.469999313354492,28.850000381469727,28.979999542236328,105200,22.22907829284668,0.0
NNI,2006-08-21 20:00:00-04:00,29.079999923706055,29.079999923706055,28.610000610351562,28.950000762939453,106800,22.206069946289062,0.0
NNI,2006-08-22 20:00:00-04:00,29.200000762939453,29.31999969482422,28.75,28.850000381469727,134600,22.129369735717773,0.0
NNI,2006-08-23 20:00:00-04:00,28.950000762939453,29.219999313354492,28.520000457763672,28.520000457763672,95000,21.876239776611328,0.0
NNI,2006-08-24 20:00:00-04:00,28.600000381469727,28.899999618530273,28.280000686645508,28.549999237060547,153200,21.899248123168945,0.0
NNI,2006-08-27 20:00:00-04:00,28.549999237060547,28.950000762939453,28.5,28.75,120200,22.05265998840332,0.0
NNI,2006-08-28 20:00:00-04:00,28.75,29.100000381469727,28.56999969482422,28.760000228881836,349100,22.060331344604492,0.0
NNI,2006-08-29 20:00:00-04:00,28.850000381469727,29.1200008392334,28.700000762939453,28.950000762939453,284900,22.206069946289062,0.0
NNI,2006-08-30 20:00:00-04:00,28.950000762939453,30.0,28.950000762939453,29.75,334700,22.819717407226562,0.0
NNI,2006-08-31 20:00:00-04:00,29.600000381469727,30.31999969482422,29.600000381469727,30.0,198300,23.011472702026367,0.0
NNI,2006-09-04 20:00:00-04:00,29.8700008392334,30.440000534057617,29.8700008392334,30.09000015258789,178200,23.08050537109375,0.0
NNI,2006-09-05 20:00:00-04:00,30.0,30.40999984741211,29.829999923706055,29.989999771118164,175500,23.00380516052246,0.0
NNI,2006-09-06 20:00:00-04:00,29.920000076293945,30.100000381469727,29.399999618530273,29.780000686645508,205500,22.84271812438965,0.0
NNI,2006-09-07 20:00:00-04:00,30.5,31.530000686645508,30.479999542236328,31.1200008392334,472500,23.870563507080078,0.0
NNI,2006-09-10 20:00:00-04:00,31.149999618530273,31.459999084472656,31.0,31.200000762939453,165200,23.931934356689453,0.0
NNI,2006-09-11 20:00:00-04:00,31.149999618530273,32.02000045776367,31.1299991607666,31.8700008392334,152400,24.445850372314453,0.0
NNI,2006-09-12 20:00:00-04:00,31.75,32.36000061035156,31.549999237060547,32.119998931884766,159800,24.637617111206055,0.0
NNI,2006-09-13 20:00:00-04:00,32.0,32.4900016784668,31.809999465942383,32.09000015258789,136000,24.614599227905273,0.0
NNI,2006-09-14 20:00:00-04:00,32.0,32.2400016784668,31.6200008392334,32.029998779296875,139000,24.568572998046875,0.0
NNI,2006-09-17 20:00:00-04:00,31.969999313354492,32.060001373291016,30.90999984741211,31.239999771118164,147800,23.962614059448242,0.0
NNI,2006-09-18 20:00:00-04:00,31.139999389648438,31.31999969482422,30.75,31.1299991607666,62700,23.87823486328125,0.0
NNI,2006-09-19 20:00:00-04:00,31.030000686645508,31.68000030517578,30.770000457763672,31.559999465942383,151800,24.20806884765625,0.0
NNI,2006-09-20 20:00:00-04:00,31.43000030517578,31.579999923706055,30.709999084472656,30.809999465942383,56700,23.63278579711914,0.0
NNI,2006-09-21 20:00:00-04:00,30.770000457763672,30.770000457763672,30.260000228881836,30.530000686645508,156300,23.418006896972656,0.0
NNI,2006-09-24 20:00:00-04:00,30.43000030517578,30.850000381469727,30.010000228881836,30.219999313354492,145700,23.180225372314453,0.0
NNI,2006-09-25 20:00:00-04:00,30.219999313354492,30.520000457763672,29.84000015258789,29.889999389648438,179100,22.927101135253906,0.0
NNI,2006-09-26 20:00:00-04:00,30.450000762939453,31.18000030517578,30.450000762939453,30.809999465942383,434100,23.63278579711914,0.0
NNI,2006-09-27 20:00:00-04:00,30.65999984741211,30.950000762939453,30.530000686645508,30.729999542236328,129000,23.571414947509766,0.0
NNI,2006-09-28 20:00:00-04:00,30.950000762939453,30.959999084472656,30.420000076293945,30.739999771118164,141000,23.579092025756836,0.0
NNI,2006-10-01 20:00:00-04:00,30.0,30.299999237060547,29.6200008392334,30.09000015258789,240600,23.08050537109375,0.0
NNI,2006-10-02 20:00:00-04:00,30.200000762939453,30.239999771118164,29.510000228881836,29.56999969482422,230800,22.681640625,0.0
NNI,2006-10-03 20:00:00-04:00,29.06999969482422,29.469999313354492,28.969999313354492,29.049999237060547,243300,22.28277015686035,0.0
NNI,2006-10-04 20:00:00-04:00,28.75,30.93000030517578,28.219999313354492,30.420000076293945,344700,23.333637237548828,0.0
NNI,2006-10-05 20:00:00-04:00,30.479999542236328,30.850000381469727,29.899999618530273,29.899999618530273,62000,22.934764862060547,0.0
NNI,2006-10-08 20:00:00-04:00,29.829999923706055,30.09000015258789,29.600000381469727,29.75,74100,22.819717407226562,0.0
NNI,2006-10-09 20:00:00-04:00,29.649999618530273,30.209999084472656,29.649999618530273,29.809999465942383,55500,22.8657283782959,0.0
NNI,2006-10-10 20:00:00-04:00,29.799999237060547,29.950000762939453,28.899999618530273,29.59000015258789,103900,22.696979522705078,0.0
NNI,2006-10-11 20:00:00-04:00,29.459999084472656,29.920000076293945,29.420000076293945,29.809999465942383,69200,22.8657283782959,0.0
NNI,2006-10-12 20:00:00-04:00,29.950000762939453,30.1200008392334,29.59000015258789,29.90999984741211,50000,22.942434310913086,0.0
NNI,2006-10-15 20:00:00-04:00,29.899999618530273,30.700000762939453,29.899999618530273,30.5,90800,23.394994735717773,0.0
NNI,2006-10-16 20:00:00-04:00,31.299999237060547,31.299999237060547,30.690000534057617,30.790000915527344,191100,23.6174373626709,0.0
NNI,2006-10-17 20:00:00-04:00,30.600000381469727,30.950000762939453,30.360000610351562,30.360000610351562,151100,23.287609100341797,0.0
NNI,2006-10-18 20:00:00-04:00,30.459999084472656,30.770000457763672,29.719999313354492,30.200000762939453,307700,23.16488265991211,0.0
NNI,2006-10-19 20:00:00-04:00,30.059999465942383,30.610000610351562,29.920000076293945,29.979999542236328,126100,22.996131896972656,0.0
NNI,2006-10-22 20:00:00-04:00,29.770000457763672,29.889999389648438,29.270000457763672,29.729999542236328,152500,22.804370880126953,0.0
NNI,2006-10-23 20:00:00-04:00,29.68000030517578,30.139999389648438,29.270000457763672,29.469999313354492,314600,22.604944229125977,0.0
NNI,2006-10-24 20:00:00-04:00,29.270000457763672,29.90999984741211,29.270000457763672,29.889999389648438,88400,22.927101135253906,0.0
NNI,2006-10-25 20:00:00-04:00,30.1200008392334,30.579999923706055,30.079999923706055,30.200000762939453,147800,23.16488265991211,0.0
NNI,2006-10-26 20:00:00-04:00,30.100000381469727,30.420000076293945,28.399999618530273,29.049999237060547,312600,22.28277015686035,0.0
NNI,2006-10-29 19:00:00-05:00,28.969999313354492,29.600000381469727,28.56999969482422,28.809999465942383,453500,22.098684310913086,0.0
NNI,2006-10-30 19:00:00-05:00,28.969999313354492,29.649999618530273,28.969999313354492,29.440000534057617,168400,22.58192253112793,0.0
NNI,2006-10-31 19:00:00-05:00,29.399999618530273,29.450000762939453,28.84000015258789,29.049999237060547,244500,22.28277015686035,0.0
NNI,2006-11-01 19:00:00-05:00,28.799999237060547,28.84000015258789,28.350000381469727,28.649999618530273,214700,21.975955963134766,0.0
NNI,2006-11-02 19:00:00-05:00,28.790000915527344,29.25,28.670000076293945,28.700000762939453,69300,22.014307022094727,0.0
NNI,2006-11-05 19:00:00-05:00,28.700000762939453,28.889999389648438,28.420000076293945,28.5,111800,21.86090087890625,0.0
NNI,2006-11-06 19:00:00-05:00,28.649999618530273,28.829999923706055,28.329999923706055,28.440000534057617,137000,21.814876556396484,0.0
NNI,2006-11-07 19:00:00-05:00,28.079999923706055,28.079999923706055,26.709999084472656,26.8700008392334,285500,20.610614776611328,0.0
NNI,2006-11-08 19:00:00-05:00,26.899999618530273,27.010000228881836,26.549999237060547,26.549999237060547,281400,20.365150451660156,0.0
NNI,2006-11-09 19:00:00-05:00,26.670000076293945,26.950000762939453,26.459999084472656,26.600000381469727,307800,20.40350341796875,0.0
NNI,2006-11-12 19:00:00-05:00,26.440000534057617,27.18000030517578,26.40999984741211,26.989999771118164,316400,20.70265769958496,0.0
NNI,2006-11-13 19:00:00-05:00,26.940000534057617,27.030000686645508,26.299999237060547,26.3700008392334,226300,20.22709083557129,0.0
NNI,2006-11-14 19:00:00-05:00,26.549999237060547,26.56999969482422,26.360000610351562,26.5,431100,20.326799392700195,0.0
NNI,2006-11-15 19:00:00-05:00,26.399999618530273,26.5,26.309999465942383,26.440000534057617,339400,20.280778884887695,0.0
NNI,2006-11-16 19:00:00-05:00,26.290000915527344,26.299999237060547,25.979999542236328,25.979999542236328,155400,19.92793083190918,0.0
NNI,2006-11-19 19:00:00-05:00,25.729999542236328,25.780000686645508,25.06999969482422,25.239999771118164,194100,19.360319137573242,0.0
NNI,2006-11-20 19:00:00-05:00,25.25,25.8700008392334,25.25,25.469999313354492,636700,19.5367374420166,0.0
NNI,2006-11-21 19:00:00-05:00,25.0,25.850000381469727,25.0,25.799999237060547,256500,19.789867401123047,0.0
NNI,2006-11-23 19:00:00-05:00,25.75,25.770000457763672,25.530000686645508,25.549999237060547,118000,19.59809684753418,0.0
NNI,2006-11-26 19:00:00-05:00,25.5,25.81999969482422,25.260000228881836,25.290000915527344,226100,19.398666381835938,0.0
NNI,2006-11-27 19:00:00-05:00,25.25,25.75,25.25,25.6299991607666,254200,19.659465789794922,0.0
NNI,2006-11-28 19:00:00-05:00,25.299999237060547,25.809999465942383,25.25,25.610000610351562,253600,19.64412498474121,0.0
NNI,2006-11-29 19:00:00-05:00,25.860000610351562,26.59000015258789,25.860000610351562,26.399999618530273,635900,20.250093460083008,0.0
NNI,2006-11-30 19:00:00-05:00,26.600000381469727,26.600000381469727,26.06999969482422,26.489999771118164,536100,20.31913185119629,0.0
NNI,2006-12-03 19:00:00-05:00,26.049999237060547,27.209999084472656,25.8700008392334,27.059999465942383,284600,20.756349563598633,0.0
NNI,2006-12-04 19:00:00-05:00,27.010000228881836,27.559999465942383,27.010000228881836,27.459999084472656,247400,21.06316566467285,0.0
NNI,2006-12-05 19:00:00-05:00,27.5,27.90999984741211,27.440000534057617,27.90999984741211,249100,21.408344268798828,0.0
NNI,2006-12-06 19:00:00-05:00,27.809999465942383,28.030000686645508,27.729999542236328,27.940000534057617,207900,21.431346893310547,0.0
NNI,2006-12-07 19:00:00-05:00,27.899999618530273,28.0,27.690000534057617,27.989999771118164,221600,21.469697952270508,0.0
NNI,2006-12-10 19:00:00-05:00,28.649999618530273,28.649999618530273,28.010000228881836,28.100000381469727,193900,21.554075241088867,0.0
NNI,2006-12-11 19:00:00-05:00,27.979999542236328,28.139999389648438,27.899999618530273,28.079999923706055,193000,21.538738250732422,0.0
NNI,2006-12-12 19:00:00-05:00,27.979999542236328,28.18000030517578,27.670000076293945,28.110000610351562,193800,21.561748504638672,0.0
NNI,2006-12-13 19:00:00-05:00,28.0,28.709999084472656,28.0,28.229999542236328,281100,21.653789520263672,0.0
NNI,2006-12-14 19:00:00-05:00,28.479999542236328,28.809999465942383,28.229999542236328,28.6299991607666,210200,21.960615158081055,0.0
NNI,2006-12-17 19:00:00-05:00,28.600000381469727,28.739999771118164,28.579999923706055,28.610000610351562,118900,21.94527244567871,0.0
NNI,2006-12-18 19:00:00-05:00,28.719999313354492,28.959999084472656,28.600000381469727,28.600000381469727,280700,21.937597274780273,0.0
NNI,2006-12-19 19:00:00-05:00,28.600000381469727,29.31999969482422,28.600000381469727,29.110000610351562,292000,22.328794479370117,0.0
NNI,2006-12-20 19:00:00-05:00,29.010000228881836,29.209999084472656,28.950000762939453,29.059999465942383,160400,22.290441513061523,0.0
NNI,2006-12-21 19:00:00-05:00,29.030000686645508,29.040000915527344,25.799999237060547,26.649999618530273,1004700,20.441858291625977,0.0
NNI,2006-12-25 19:00:00-05:00,26.799999237060547,28.649999618530273,26.40999984741211,27.579999923706055,461400,21.15521812438965,0.0
NNI,2006-12-26 19:00:00-05:00,27.520000457763672,27.520000457763672,26.989999771118164,27.1200008392334,217400,20.802371978759766,0.0
NNI,2006-12-27 19:00:00-05:00,27.1200008392334,27.56999969482422,27.049999237060547,27.549999237060547,127400,21.132200241088867,0.0
NNI,2006-12-28 19:00:00-05:00,27.479999542236328,27.510000228881836,26.940000534057617,27.360000610351562,142200,20.98647117614746,0.0
NNI,2007-01-02 19:00:00-05:00,27.350000381469727,27.350000381469727,26.81999969482422,26.989999771118164,325100,20.70265769958496,0.0
NNI,2007-01-03 19:00:00-05:00,27.020000457763672,27.809999465942383,26.950000762939453,27.639999389648438,206500,21.201244354248047,0.0
NNI,2007-01-04 19:00:00-05:00,27.5,27.5,26.959999084472656,26.979999542236328,236200,20.694984436035156,0.0
NNI,2007-01-07 19:00:00-05:00,27.0,27.09000015258789,26.549999237060547,26.829999923706055,399500,20.579927444458008,0.0
NNI,2007-01-08 19:00:00-05:00,26.809999465942383,27.0,26.559999465942383,26.770000457763672,148300,20.53390884399414,0.0
NNI,2007-01-09 19:00:00-05:00,26.690000534057617,26.690000534057617,26.0,26.260000228881836,298000,20.142709732055664,0.0
NNI,2007-01-10 19:00:00-05:00,26.260000228881836,26.649999618530273,26.260000228881836,26.3799991607666,259200,20.23474884033203,0.0
NNI,2007-01-11 19:00:00-05:00,26.200000762939453,26.350000381469727,25.90999984741211,26.1200008392334,177100,20.035322189331055,0.0
NNI,2007-01-15 19:00:00-05:00,26.229999542236328,26.360000610351562,25.920000076293945,26.110000610351562,206400,20.02765655517578,0.0
NNI,2007-01-16 19:00:00-05:00,26.190000534057617,26.700000762939453,26.1200008392334,26.690000534057617,194600,20.472545623779297,0.0
NNI,2007-01-17 19:00:00-05:00,26.5,26.559999465942383,26.200000762939453,26.270000457763672,106700,20.15037727355957,0.0
NNI,2007-01-18 19:00:00-05:00,26.190000534057617,26.209999084472656,25.81999969482422,25.860000610351562,180600,19.835891723632812,0.0
NNI,2007-01-21 19:00:00-05:00,28.229999542236328,29.06999969482422,26.489999771118164,27.079999923706055,1539600,20.771682739257812,0.0
NNI,2007-01-22 19:00:00-05:00,27.010000228881836,27.770000457763672,26.81999969482422,27.600000381469727,351300,21.170560836791992,0.0
NNI,2007-01-23 19:00:00-05:00,27.579999923706055,27.940000534057617,27.479999542236328,27.639999389648438,221900,21.201244354248047,0.0
NNI,2007-01-24 19:00:00-05:00,27.75,27.920000076293945,27.520000457763672,27.920000076293945,101400,21.416013717651367,0.0
NNI,2007-01-25 19:00:00-05:00,27.809999465942383,27.899999618530273,26.989999771118164,27.049999237060547,318200,20.748672485351562,0.0
NNI,2007-01-28 19:00:00-05:00,26.959999084472656,28.489999771118164,26.850000381469727,27.43000030517578,326300,21.040157318115234,0.0
NNI,2007-01-29 19:00:00-05:00,27.270000457763672,27.90999984741211,27.219999313354492,27.3799991607666,152600,21.001800537109375,0.0
NNI,2007-01-30 19:00:00-05:00,27.34000015258789,27.75,27.049999237060547,27.670000076293945,280600,21.2242488861084,0.0
NNI,2007-01-31 19:00:00-05:00,27.600000381469727,27.809999465942383,27.18000030517578,27.260000228881836,142400,20.909753799438477,0.0
NNI,2007-02-01 19:00:00-05:00,27.350000381469727,27.899999618530273,27.350000381469727,27.700000762939453,122200,21.247264862060547,0.0
NNI,2007-02-04 19:00:00-05:00,27.520000457763672,27.809999465942383,24.90999984741211,25.049999237060547,892400,19.214582443237305,0.0
NNI,2007-02-05 19:00:00-05:00,24.520000457763672,24.549999237060547,22.479999542236328,23.3799991607666,1593700,17.933609008789062,0.0
NNI,2007-02-06 19:00:00-05:00,23.43000030517578,24.649999618530273,23.059999465942383,24.549999237060547,897800,18.831052780151367,0.0
NNI,2007-02-07 19:00:00-05:00,24.469999313354492,24.5,23.989999771118164,24.43000030517578,290600,18.739009857177734,0.0
NNI,2007-02-08 19:00:00-05:00,25.399999618530273,25.5,23.959999084472656,25.229999542236328,787700,19.35265350341797,0.0
NNI,2007-02-11 19:00:00-05:00,25.0,25.989999771118164,25.0,25.56999969482422,419300,19.61344337463379,0.0
NNI,2007-02-12 19:00:00-05:00,25.559999465942383,25.93000030517578,25.459999084472656,25.510000228881836,353000,19.567428588867188,0.0
NNI,2007-02-13 19:00:00-05:00,25.6200008392334,26.200000762939453,25.549999237060547,25.899999618530273,325500,19.866575241088867,0.0
NNI,2007-02-14 19:00:00-05:00,26.1299991607666,26.3799991607666,25.809999465942383,26.15999984741211,329100,20.066001892089844,0.0
NNI,2007-02-15 19:00:00-05:00,25.950000762939453,26.1299991607666,25.780000686645508,25.790000915527344,213100,19.782197952270508,0.0
NNI,2007-02-19 19:00:00-05:00,25.790000915527344,26.780000686645508,25.6200008392334,26.56999969482422,431100,20.380495071411133,0.0
NNI,2007-02-20 19:00:00-05:00,26.600000381469727,26.690000534057617,26.0,26.329999923706055,676500,20.196401596069336,0.0
NNI,2007-02-21 19:00:00-05:00,26.389999389648438,26.510000228881836,26.209999084472656,26.43000030517578,97200,20.273103713989258,0.0
NNI,2007-02-22 19:00:00-05:00,26.579999923706055,26.6299991607666,26.149999618530273,26.59000015258789,239100,20.39583396911621,0.0
NNI,2007-02-25 19:00:00-05:00,26.579999923706055,26.59000015258789,26.1299991607666,26.34000015258789,327100,20.20407485961914,0.0
NNI,2007-02-26 19:00:00-05:00,26.110000610351562,26.18000030517578,25.40999984741211,25.700000762939453,217400,19.765684127807617,0.07
NNI,2007-02-27 19:00:00-05:00,25.700000762939453,25.8700008392334,25.399999618530273,25.790000915527344,152700,19.83490753173828,0.0
NNI,2007-02-28 19:00:00-05:00,25.530000686645508,25.770000457763672,25.200000762939453,25.709999084472656,147900,19.77338218688965,0.0
NNI,2007-03-01 19:00:00-05:00,25.549999237060547,25.719999313354492,25.149999618530273,25.219999313354492,117000,19.396516799926758,0.0
NNI,2007-03-04 19:00:00-05:00,25.149999618530273,25.440000534057617,24.790000915527344,25.0,249300,19.227327346801758,0.0
NNI,2007-03-05 19:00:00-05:00,25.200000762939453,25.649999618530273,25.010000228881836,25.56999969482422,202100,19.665708541870117,0.0
NNI,2007-03-06 19:00:00-05:00,25.15999984741211,25.670000076293945,24.6299991607666,24.81999969482422,400500,19.088882446289062,0.0
NNI,2007-03-07 19:00:00-05:00,24.950000762939453,25.219999313354492,24.850000381469727,25.030000686645508,147900,19.250404357910156,0.0
NNI,2007-03-08 19:00:00-05:00,25.110000610351562,25.190000534057617,24.790000915527344,25.139999389648438,106600,19.335002899169922,0.0
NNI,2007-03-11 20:00:00-04:00,25.0,25.0,24.549999237060547,24.600000381469727,117700,18.9196834564209,0.0
NNI,2007-03-12 20:00:00-04:00,24.3700008392334,24.540000915527344,23.670000076293945,23.84000015258789,211600,18.335174560546875,0.0
NNI,2007-03-13 20:00:00-04:00,23.93000030517578,24.31999969482422,23.6200008392334,24.309999465942383,132800,18.6966552734375,0.0
NNI,2007-03-14 20:00:00-04:00,24.100000381469727,24.6299991607666,24.100000381469727,24.520000457763672,70800,18.858163833618164,0.0
NNI,2007-03-15 20:00:00-04:00,24.479999542236328,24.729999542236328,24.0,24.219999313354492,156500,18.627429962158203,0.0
NNI,2007-03-18 20:00:00-04:00,24.200000762939453,24.200000762939453,23.829999923706055,23.920000076293945,140300,18.396699905395508,0.0
NNI,2007-03-19 20:00:00-04:00,24.030000686645508,24.25,23.860000610351562,24.110000610351562,86600,18.542835235595703,0.0
NNI,2007-03-20 20:00:00-04:00,23.979999542236328,24.479999542236328,23.450000762939453,24.229999542236328,190000,18.635120391845703,0.0
NNI,2007-03-21 20:00:00-04:00,24.360000610351562,24.540000915527344,22.389999389648438,23.770000457763672,870100,18.281341552734375,0.0
NNI,2007-03-22 20:00:00-04:00,23.549999237060547,24.139999389648438,23.479999542236328,24.059999465942383,287100,18.504375457763672,0.0
NNI,2007-03-25 20:00:00-04:00,24.059999465942383,24.059999465942383,23.520000457763672,24.0,101100,18.458234786987305,0.0
NNI,2007-03-26 20:00:00-04:00,23.889999389648438,24.040000915527344,23.780000686645508,23.8799991607666,164400,18.365942001342773,0.0
NNI,2007-03-27 20:00:00-04:00,23.709999084472656,23.93000030517578,23.600000381469727,23.780000686645508,101400,18.289031982421875,0.0
NNI,2007-03-28 20:00:00-04:00,23.760000228881836,23.950000762939453,23.34000015258789,23.600000381469727,135900,18.15059471130371,0.0
NNI,2007-03-29 20:00:00-04:00,23.690000534057617,24.0,23.690000534057617,23.969999313354492,162300,18.435161590576172,0.0
NNI,2007-04-01 20:00:00-04:00,23.8799991607666,24.020000457763672,23.649999618530273,24.020000457763672,215700,18.473613739013672,0.0
NNI,2007-04-02 20:00:00-04:00,23.969999313354492,24.09000015258789,23.84000015258789,24.020000457763672,240900,18.473613739013672,0.0
NNI,2007-04-03 20:00:00-04:00,23.90999984741211,23.93000030517578,23.65999984741211,23.68000030517578,169900,18.212129592895508,0.0
NNI,2007-04-04 20:00:00-04:00,23.68000030517578,23.860000610351562,23.260000228881836,23.770000457763672,157500,18.281341552734375,0.0
NNI,2007-04-08 20:00:00-04:00,23.700000762939453,24.0,23.600000381469727,23.65999984741211,252100,18.19674301147461,0.0
NNI,2007-04-09 20:00:00-04:00,23.6299991607666,23.780000686645508,23.440000534057617,23.5,192600,18.073680877685547,0.0
NNI,2007-04-10 20:00:00-04:00,23.510000228881836,23.559999465942383,23.06999969482422,23.219999313354492,349200,17.858335494995117,0.0
NNI,2007-04-11 20:00:00-04:00,23.040000915527344,23.260000228881836,22.84000015258789,22.989999771118164,113100,17.681447982788086,0.0
NNI,2007-04-12 20:00:00-04:00,24.399999618530273,25.719999313354492,24.0,24.450000762939453,654900,18.804325103759766,0.0
NNI,2007-04-15 20:00:00-04:00,25.25,29.34000015258789,25.25,28.0,1426100,21.534605026245117,0.0
NNI,2007-04-16 20:00:00-04:00,27.6299991607666,28.0,27.079999923706055,27.549999237060547,675200,21.188512802124023,0.0
NNI,2007-04-17 20:00:00-04:00,27.149999618530273,27.579999923706055,27.0,27.170000076293945,260600,20.896255493164062,0.0
NNI,2007-04-18 20:00:00-04:00,28.700000762939453,28.700000762939453,26.850000381469727,27.0,164900,20.76551055908203,0.0
NNI,2007-04-19 20:00:00-04:00,26.950000762939453,27.239999771118164,26.6299991607666,26.690000534057617,245300,20.527095794677734,0.0
NNI,2007-04-22 20:00:00-04:00,26.549999237060547,26.639999389648438,25.959999084472656,26.209999084472656,225800,20.157928466796875,0.0
NNI,2007-04-23 20:00:00-04:00,26.0,26.299999237060547,25.790000915527344,26.09000015258789,145000,20.065635681152344,0.0
NNI,2007-04-24 20:00:00-04:00,26.100000381469727,26.149999618530273,25.549999237060547,25.780000686645508,114900,19.827213287353516,0.0
NNI,2007-04-25 20:00:00-04:00,25.780000686645508,25.780000686645508,25.270000457763672,25.649999618530273,190500,19.727237701416016,0.0
NNI,2007-04-26 20:00:00-04:00,26.75,28.0,26.75,27.219999313354492,384100,20.934711456298828,0.0
NNI,2007-04-29 20:00:00-04:00,27.530000686645508,27.530000686645508,26.889999389648438,26.889999389648438,301500,20.680908203125,0.0
NNI,2007-04-30 20:00:00-04:00,26.899999618530273,26.899999618530273,26.0,26.239999771118164,223000,20.181001663208008,0.0
NNI,2007-05-01 20:00:00-04:00,26.200000762939453,26.899999618530273,25.90999984741211,26.049999237060547,233200,20.03487205505371,0.0
NNI,2007-05-02 20:00:00-04:00,26.200000762939453,26.700000762939453,25.450000762939453,26.100000381469727,428700,20.073322296142578,0.0
NNI,2007-05-03 20:00:00-04:00,26.25,26.350000381469727,25.739999771118164,25.84000015258789,166500,19.873363494873047,0.0
NNI,2007-05-06 20:00:00-04:00,26.0,26.0,25.610000610351562,25.709999084472656,76400,19.77338218688965,0.0
NNI,2007-05-07 20:00:00-04:00,25.670000076293945,25.670000076293945,25.030000686645508,25.329999923706055,202700,19.481124877929688,0.0
NNI,2007-05-08 20:00:00-04:00,25.459999084472656,25.719999313354492,25.059999465942383,25.549999237060547,101100,19.65032196044922,0.0
NNI,2007-05-09 20:00:00-04:00,25.1299991607666,25.399999618530273,24.889999389648438,25.010000228881836,309000,19.23501205444336,0.0
NNI,2007-05-10 20:00:00-04:00,25.100000381469727,25.100000381469727,24.809999465942383,24.950000762939453,124500,19.18886947631836,0.0
NNI,2007-05-13 20:00:00-04:00,24.860000610351562,25.0,24.790000915527344,24.799999237060547,75900,19.073503494262695,0.0
NNI,2007-05-14 20:00:00-04:00,24.649999618530273,25.1200008392334,24.600000381469727,25.010000228881836,176600,19.23501205444336,0.0
NNI,2007-05-15 20:00:00-04:00,25.170000076293945,25.170000076293945,24.760000228881836,25.010000228881836,209600,19.23501205444336,0.0
NNI,2007-05-16 20:00:00-04:00,25.059999465942383,25.280000686645508,24.760000228881836,25.200000762939453,82900,19.381139755249023,0.0
NNI,2007-05-17 20:00:00-04:00,25.3799991607666,25.3799991607666,24.850000381469727,25.09000015258789,102500,19.296539306640625,0.0
NNI,2007-05-20 20:00:00-04:00,25.149999618530273,25.309999465942383,24.899999618530273,25.1200008392334,141400,19.31962013244629,0.0
NNI,2007-05-21 20:00:00-04:00,25.200000762939453,25.969999313354492,24.940000534057617,25.6299991607666,189900,19.71185302734375,0.0
NNI,2007-05-22 20:00:00-04:00,25.700000762939453,25.770000457763672,25.209999084472656,25.459999084472656,64700,19.581106185913086,0.0
NNI,2007-05-23 20:00:00-04:00,25.34000015258789,25.43000030517578,24.90999984741211,25.149999618530273,166800,19.34269142150879,0.0
NNI,2007-05-24 20:00:00-04:00,25.149999618530273,25.15999984741211,24.739999771118164,25.1200008392334,127800,19.31962013244629,0.0
NNI,2007-05-28 20:00:00-04:00,25.049999237060547,25.25,24.959999084472656,25.15999984741211,179500,19.35037612915039,0.0
NNI,2007-05-29 20:00:00-04:00,25.09000015258789,25.440000534057617,25.0,25.420000076293945,110700,19.604890823364258,0.07
NNI,2007-05-30 20:00:00-04:00,26.309999465942383,26.309999465942383,25.06999969482422,25.469999313354492,287900,19.643447875976562,0.0
NNI,2007-05-31 20:00:00-04:00,25.5,25.729999542236328,25.260000228881836,25.6200008392334,154900,19.759132385253906,0.0
NNI,2007-06-03 20:00:00-04:00,25.690000534057617,25.690000534057617,25.170000076293945,25.200000762939453,115700,19.435213088989258,0.0
NNI,2007-06-04 20:00:00-04:00,25.15999984741211,25.299999237060547,25.020000457763672,25.25,154300,19.473777770996094,0.0
NNI,2007-06-05 20:00:00-04:00,25.209999084472656,25.540000915527344,25.18000030517578,25.399999618530273,149300,19.589460372924805,0.0
NNI,2007-06-06 20:00:00-04:00,25.549999237060547,25.549999237060547,24.959999084472656,25.1200008392334,137500,19.37352180480957,0.0
NNI,2007-06-07 20:00:00-04:00,25.0,25.139999389648438,24.8799991607666,24.889999389648438,148000,19.196128845214844,0.0
NNI,2007-06-10 20:00:00-04:00,24.93000030517578,25.579999923706055,24.760000228881836,25.549999237060547,256800,19.70514488220215,0.0
NNI,2007-06-11 20:00:00-04:00,25.639999389648438,25.989999771118164,25.360000610351562,25.579999923706055,187200,19.72828483581543,0.0
NNI,2007-06-12 20:00:00-04:00,25.809999465942383,25.989999771118164,25.520000457763672,25.729999542236328,182300,19.843971252441406,0.0
NNI,2007-06-13 20:00:00-04:00,25.84000015258789,26.68000030517578,25.84000015258789,26.270000457763672,200500,20.26044273376465,0.0
NNI,2007-06-14 20:00:00-04:00,26.110000610351562,26.399999618530273,25.649999618530273,25.8799991607666,266500,19.95965003967285,0.0
NNI,2007-06-17 20:00:00-04:00,25.850000381469727,25.93000030517578,25.469999313354492,25.790000915527344,78800,19.890243530273438,0.0
NNI,2007-06-18 20:00:00-04:00,26.5,27.670000076293945,26.299999237060547,26.959999084472656,738300,20.792593002319336,0.0
NNI,2007-06-19 20:00:00-04:00,27.1200008392334,27.559999465942383,26.309999465942383,26.510000228881836,315800,20.445533752441406,0.0
NNI,2007-06-20 20:00:00-04:00,26.510000228881836,26.649999618530273,26.149999618530273,26.270000457763672,203700,20.26044273376465,0.0
NNI,2007-06-21 20:00:00-04:00,26.020000457763672,26.239999771118164,25.450000762939453,25.540000915527344,1125600,19.697439193725586,0.0
NNI,2007-06-24 20:00:00-04:00,25.540000915527344,25.790000915527344,25.219999313354492,25.489999771118164,411200,19.658876419067383,0.0
NNI,2007-06-25 20:00:00-04:00,25.65999984741211,25.75,25.010000228881836,25.100000381469727,196600,19.358091354370117,0.0
NNI,2007-06-26 20:00:00-04:00,24.8799991607666,25.18000030517578,24.440000534057617,25.079999923706055,198400,19.342666625976562,0.0
NNI,2007-06-27 20:00:00-04:00,25.139999389648438,25.399999618530273,25.049999237060547,25.209999084472656,202300,19.442922592163086,0.0
NNI,2007-06-28 20:00:00-04:00,25.360000610351562,25.440000534057617,24.299999237060547,24.440000534057617,241700,18.849075317382812,0.0
NNI,2007-07-01 20:00:00-04:00,24.469999313354492,24.65999984741211,23.8799991607666,24.0,361300,18.50973129272461,0.0
NNI,2007-07-02 20:00:00-04:00,23.940000534057617,24.510000228881836,23.940000534057617,24.350000381469727,126900,18.7796573638916,0.0
NNI,2007-07-04 20:00:00-04:00,24.34000015258789,24.649999618530273,23.93000030517578,24.1200008392334,134900,18.602285385131836,0.0
NNI,2007-07-05 20:00:00-04:00,24.15999984741211,24.6200008392334,24.040000915527344,24.350000381469727,119300,18.7796573638916,0.0
NNI,2007-07-08 20:00:00-04:00,24.229999542236328,24.389999389648438,23.860000610351562,24.09000015258789,147500,18.579139709472656,0.0
NNI,2007-07-09 20:00:00-04:00,24.030000686645508,24.3700008392334,23.700000762939453,23.809999465942383,189800,18.363197326660156,0.0
NNI,2007-07-10 20:00:00-04:00,23.84000015258789,23.84000015258789,23.200000762939453,23.34000015258789,344100,18.000717163085938,0.0
NNI,2007-07-11 20:00:00-04:00,23.420000076293945,23.889999389648438,23.329999923706055,23.700000762939453,171400,18.27836036682129,0.0
NNI,2007-07-12 20:00:00-04:00,23.729999542236328,23.829999923706055,23.389999389648438,23.56999969482422,201800,18.178104400634766,0.0
NNI,2007-07-15 20:00:00-04:00,23.420000076293945,23.43000030517578,22.989999771118164,23.030000686645508,192600,17.76162338256836,0.0
NNI,2007-07-16 20:00:00-04:00,23.040000915527344,23.15999984741211,22.959999084472656,23.020000457763672,123600,17.753921508789062,0.0
NNI,2007-07-17 20:00:00-04:00,22.809999465942383,22.989999771118164,22.469999313354492,22.780000686645508,179100,17.56882095336914,0.0
NNI,2007-07-18 20:00:00-04:00,22.969999313354492,23.100000381469727,22.610000610351562,22.68000030517578,216200,17.49169158935547,0.0
NNI,2007-07-19 20:00:00-04:00,22.450000762939453,22.510000228881836,22.0,22.020000457763672,191400,16.9826717376709,0.0
NNI,2007-07-22 20:00:00-04:00,22.0,22.329999923706055,21.309999465942383,21.850000381469727,432000,16.851566314697266,0.0
NNI,2007-07-23 20:00:00-04:00,21.530000686645508,21.649999618530273,21.190000534057617,21.239999771118164,363700,16.381114959716797,0.0
NNI,2007-07-24 20:00:00-04:00,21.440000534057617,21.59000015258789,20.739999771118164,21.06999969482422,180900,16.249998092651367,0.0
NNI,2007-07-25 20:00:00-04:00,20.549999237060547,20.639999389648438,19.459999084472656,19.829999923706055,292900,15.293660163879395,0.0
NNI,2007-07-26 20:00:00-04:00,19.649999618530273,19.920000076293945,18.959999084472656,19.760000228881836,266000,15.239684104919434,0.0
NNI,2007-07-29 20:00:00-04:00,19.719999313354492,19.850000381469727,19.15999984741211,19.719999313354492,397400,15.208826065063477,0.0
NNI,2007-07-30 20:00:00-04:00,19.100000381469727,19.270000457763672,17.09000015258789,17.299999237060547,677700,13.342429161071777,0.0
NNI,2007-07-31 20:00:00-04:00,16.899999618530273,17.559999465942383,16.729999542236328,17.450000762939453,597100,13.458112716674805,0.0
NNI,2007-08-01 20:00:00-04:00,17.940000534057617,18.780000686645508,17.799999237060547,17.8700008392334,597300,13.782042503356934,0.0
NNI,2007-08-02 20:00:00-04:00,17.920000076293945,17.920000076293945,16.799999237060547,17.110000610351562,488400,13.195893287658691,0.0
NNI,2007-08-05 20:00:00-04:00,16.219999313354492,18.219999313354492,16.219999313354492,18.139999389648438,644200,13.990265846252441,0.0
NNI,2007-08-06 20:00:00-04:00,18.1200008392334,18.8799991607666,18.100000381469727,18.489999771118164,501800,14.260198593139648,0.0
NNI,2007-08-07 20:00:00-04:00,18.75,22.860000610351562,18.75,21.1200008392334,1212200,16.288564682006836,0.0
NNI,2007-08-08 20:00:00-04:00,20.989999771118164,22.489999771118164,20.739999771118164,20.850000381469727,903800,16.0803279876709,0.0
NNI,2007-08-09 20:00:00-04:00,20.799999237060547,20.829999923706055,18.329999923706055,19.989999771118164,806000,15.417059898376465,0.0
NNI,2007-08-12 20:00:00-04:00,20.0,20.1299991607666,18.729999542236328,19.049999237060547,436300,14.692094802856445,0.0
NNI,2007-08-13 20:00:00-04:00,19.09000015258789,19.100000381469727,18.239999771118164,18.530000686645508,238100,14.29104995727539,0.0
NNI,2007-08-14 20:00:00-04:00,18.579999923706055,19.18000030517578,17.68000030517578,17.719999313354492,315800,13.666349411010742,0.0
NNI,2007-08-15 20:00:00-04:00,17.729999542236328,18.3700008392334,17.260000228881836,18.0,531600,13.882298469543457,0.0
NNI,2007-08-16 20:00:00-04:00,18.0,19.530000686645508,18.0,19.329999923706055,377400,14.90804672241211,0.0
NNI,2007-08-19 20:00:00-04:00,19.3799991607666,19.8799991607666,19.059999465942383,19.219999313354492,263100,14.823203086853027,0.0
NNI,2007-08-20 20:00:00-04:00,18.979999542236328,19.510000228881836,18.329999923706055,19.270000457763672,181900,14.861766815185547,0.0
NNI,2007-08-21 20:00:00-04:00,19.389999389648438,19.389999389648438,18.969999313354492,19.09000015258789,120300,14.72294807434082,0.0
NNI,2007-08-22 20:00:00-04:00,19.09000015258789,19.139999389648438,18.239999771118164,18.360000610351562,162000,14.159951210021973,0.0
NNI,2007-08-23 20:00:00-04:00,18.399999618530273,18.440000534057617,17.950000762939453,18.389999389648438,187300,14.183075904846191,0.0
NNI,2007-08-26 20:00:00-04:00,18.329999923706055,18.329999923706055,17.899999618530273,17.940000534057617,125900,13.836020469665527,0.0
NNI,2007-08-27 20:00:00-04:00,17.940000534057617,18.049999237060547,17.209999084472656,17.559999465942383,265500,13.542951583862305,0.0
NNI,2007-08-28 20:00:00-04:00,17.600000381469727,17.8700008392334,17.3700008392334,17.860000610351562,115800,13.829451560974121,0.07
NNI,2007-08-29 20:00:00-04:00,17.649999618530273,18.030000686645508,17.5,17.559999465942383,96400,13.597156524658203,0.0
NNI,2007-08-30 20:00:00-04:00,17.799999237060547,17.8700008392334,17.280000686645508,17.65999984741211,91000,13.674589157104492,0.0
NNI,2007-09-03 20:00:00-04:00,17.549999237060547,18.6200008392334,17.5,18.459999084472656,223200,14.294048309326172,0.0
NNI,2007-09-04 20:00:00-04:00,18.350000381469727,18.350000381469727,17.950000762939453,18.110000610351562,154400,14.02303695678711,0.0
NNI,2007-09-05 20:00:00-04:00,18.200000762939453,18.25,17.6200008392334,18.1200008392334,233000,14.03077220916748,0.0
NNI,2007-09-06 20:00:00-04:00,18.020000457763672,19.709999084472656,17.520000457763672,17.770000457763672,250400,13.759760856628418,0.0
NNI,2007-09-09 20:00:00-04:00,17.809999465942383,18.0,17.459999084472656,17.600000381469727,268700,13.628124237060547,0.0
NNI,2007-09-10 20:00:00-04:00,17.670000076293945,18.200000762939453,17.579999923706055,18.1299991607666,235900,14.038518905639648,0.0
NNI,2007-09-11 20:00:00-04:00,18.059999465942383,18.469999313354492,17.93000030517578,17.979999542236328,276200,13.922370910644531,0.0
NNI,2007-09-12 20:00:00-04:00,18.030000686645508,18.420000076293945,17.75,18.299999237060547,248900,14.170151710510254,0.0
NNI,2007-09-13 20:00:00-04:00,18.149999618530273,18.399999618530273,18.0,18.3799991607666,311100,14.232100486755371,0.0
NNI,2007-09-16 20:00:00-04:00,18.399999618530273,18.489999771118164,18.100000381469727,18.229999542236328,189800,14.11595344543457,0.0
NNI,2007-09-17 20:00:00-04:00,18.290000915527344,18.889999389648438,17.959999084472656,18.760000228881836,340100,14.526341438293457,0.0
NNI,2007-09-18 20:00:00-04:00,18.850000381469727,19.200000762939453,18.65999984741211,18.719999313354492,309700,14.495369911193848,0.0
NNI,2007-09-19 20:00:00-04:00,18.68000030517578,18.940000534057617,18.09000015258789,18.110000610351562,228500,14.02303695678711,0.0
NNI,2007-09-20 20:00:00-04:00,18.190000534057617,18.43000030517578,17.940000534057617,18.06999969482422,266800,13.992056846618652,0.0
NNI,2007-09-23 20:00:00-04:00,18.049999237060547,18.739999771118164,18.020000457763672,18.139999389648438,197000,14.046257972717285,0.0
NNI,2007-09-24 20:00:00-04:00,18.059999465942383,18.540000915527344,17.950000762939453,18.170000076293945,371600,14.06949234008789,0.0
NNI,2007-09-25 20:00:00-04:00,18.239999771118164,18.670000076293945,18.219999313354492,18.520000457763672,346000,14.340508460998535,0.0
NNI,2007-09-26 20:00:00-04:00,18.600000381469727,18.75,18.389999389648438,18.6200008392334,191100,14.417937278747559,0.0
NNI,2007-09-27 20:00:00-04:00,18.649999618530273,18.649999618530273,18.0,18.239999771118164,271400,14.123696327209473,0.0
NNI,2007-09-30 20:00:00-04:00,18.299999237060547,18.75,18.149999618530273,18.709999084472656,338900,14.487628936767578,0.0
NNI,2007-10-01 20:00:00-04:00,18.690000534057617,19.649999618530273,18.6299991607666,19.43000030517578,350100,15.045149803161621,0.0
NNI,2007-10-02 20:00:00-04:00,19.260000228881836,19.5,18.889999389648438,19.229999542236328,270500,14.890280723571777,0.0
NNI,2007-10-03 20:00:00-04:00,19.299999237060547,19.5,19.25,19.389999389648438,120000,15.01416301727295,0.0
NNI,2007-10-04 20:00:00-04:00,19.489999771118164,19.610000610351562,19.15999984741211,19.420000076293945,427200,15.037400245666504,0.0
NNI,2007-10-07 20:00:00-04:00,19.219999313354492,19.309999465942383,18.940000534057617,19.18000030517578,345700,14.851558685302734,0.0
NNI,2007-10-08 20:00:00-04:00,19.200000762939453,19.5,19.200000762939453,19.5,123300,15.099347114562988,0.0
NNI,2007-10-09 20:00:00-04:00,19.5,19.56999969482422,19.110000610351562,19.559999465942383,176300,15.145803451538086,0.0
NNI,2007-10-10 20:00:00-04:00,19.6200008392334,19.65999984741211,19.43000030517578,19.610000610351562,151300,15.184521675109863,0.0
NNI,2007-10-11 20:00:00-04:00,19.56999969482422,19.65999984741211,19.450000762939453,19.59000015258789,201000,15.169034004211426,0.0
NNI,2007-10-14 20:00:00-04:00,19.549999237060547,19.549999237060547,19.18000030517578,19.399999618530273,298700,15.021909713745117,0.0
NNI,2007-10-15 20:00:00-04:00,19.309999465942383,19.350000381469727,18.979999542236328,19.209999084472656,156500,14.874794960021973,0.0
NNI,2007-10-16 20:00:00-04:00,19.450000762939453,19.520000457763672,19.06999969482422,19.309999465942383,173300,14.952224731445312,0.0
NNI,2007-10-17 20:00:00-04:00,19.309999465942383,19.309999465942383,18.950000762939453,19.239999771118164,191500,14.898021697998047,0.0
NNI,2007-10-18 20:00:00-04:00,19.059999465942383,19.149999618530273,18.3799991607666,18.489999771118164,281900,14.31727123260498,0.0
NNI,2007-10-21 20:00:00-04:00,17.299999237060547,18.010000228881836,16.81999969482422,17.950000762939453,459700,13.899142265319824,0.0
NNI,2007-10-22 20:00:00-04:00,17.829999923706055,18.0,17.600000381469727,18.0,400600,13.937859535217285,0.0
NNI,2007-10-23 20:00:00-04:00,17.799999237060547,17.989999771118164,17.6200008392334,17.90999984741211,264600,13.868170738220215,0.0
NNI,2007-10-24 20:00:00-04:00,17.979999542236328,17.979999542236328,17.139999389648438,17.309999465942383,295300,13.403573989868164,0.0
NNI,2007-10-25 20:00:00-04:00,17.350000381469727,17.719999313354492,17.290000915527344,17.690000534057617,161200,13.697816848754883,0.0
NNI,2007-10-28 20:00:00-04:00,17.709999084472656,17.809999465942383,17.469999313354492,17.75,163500,13.744275093078613,0.0
NNI,2007-10-29 20:00:00-04:00,17.649999618530273,18.520000457763672,17.649999618530273,18.520000457763672,197400,14.340508460998535,0.0
NNI,2007-10-30 20:00:00-04:00,18.530000686645508,18.920000076293945,18.200000762939453,18.579999923706055,191900,14.386963844299316,0.0
NNI,2007-10-31 20:00:00-04:00,18.479999542236328,18.549999237060547,17.469999313354492,17.889999389648438,350100,13.852673530578613,0.0
NNI,2007-11-01 20:00:00-04:00,18.0,18.479999542236328,16.420000076293945,16.950000762939453,902100,13.124815940856934,0.0
NNI,2007-11-04 19:00:00-05:00,16.270000457763672,16.360000610351562,15.5,16.270000457763672,588100,12.598272323608398,0.0
NNI,2007-11-05 19:00:00-05:00,16.190000534057617,16.350000381469727,15.579999923706055,16.0,255500,12.389205932617188,0.0
NNI,2007-11-06 19:00:00-05:00,15.65999984741211,15.739999771118164,14.859999656677246,14.9399995803833,387500,11.568418502807617,0.0
NNI,2007-11-07 19:00:00-05:00,14.989999771118164,15.390000343322754,14.5600004196167,15.300000190734863,258900,11.847177505493164,0.0
NNI,2007-11-08 19:00:00-05:00,15.0,15.699999809265137,14.84000015258789,15.5,248200,12.00204086303711,0.0
NNI,2007-11-11 19:00:00-05:00,15.75,15.8100004196167,14.8100004196167,14.949999809265137,302400,11.57616901397705,0.0
NNI,2007-11-12 19:00:00-05:00,15.0,15.390000343322754,14.850000381469727,15.390000343322754,221300,11.916864395141602,0.0
NNI,2007-11-13 19:00:00-05:00,15.5,15.890000343322754,15.100000381469727,15.220000267028809,145400,11.785234451293945,0.0
NNI,2007-11-14 19:00:00-05:00,15.130000114440918,15.25,14.5,14.649999618530273,113900,11.343867301940918,0.0
NNI,2007-11-15 19:00:00-05:00,14.5,14.640000343322754,14.0,14.149999618530273,543500,10.956701278686523,0.0
NNI,2007-11-18 19:00:00-05:00,14.020000457763672,14.109999656677246,13.3100004196167,13.359999656677246,374000,10.344986915588379,0.0
NNI,2007-11-19 19:00:00-05:00,13.300000190734863,13.880000114440918,12.550000190734863,12.899999618530273,521100,9.988799095153809,0.0
NNI,2007-11-20 19:00:00-05:00,12.859999656677246,13.579999923706055,12.859999656677246,13.25,447400,10.259814262390137,0.0
NNI,2007-11-22 19:00:00-05:00,13.270000457763672,13.869999885559082,13.270000457763672,13.760000228881836,206500,10.654719352722168,0.0
NNI,2007-11-25 19:00:00-05:00,13.760000228881836,14.350000381469727,12.739999771118164,12.8100004196167,480200,9.919111251831055,0.0
NNI,2007-11-26 19:00:00-05:00,12.890000343322754,13.550000190734863,12.539999961853027,13.350000381469727,488000,10.337247848510742,0.0
NNI,2007-11-27 19:00:00-05:00,13.350000381469727,13.789999961853027,12.880000114440918,13.0,665900,10.119293212890625,0.07
NNI,2007-11-28 19:00:00-05:00,12.899999618530273,13.300000190734863,12.770000457763672,13.119999885559082,346500,10.212699890136719,0.0
NNI,2007-11-29 19:00:00-05:00,13.300000190734863,13.920000076293945,13.300000190734863,13.789999961853027,308400,10.734230041503906,0.0
NNI,2007-12-02 19:00:00-05:00,13.710000038146973,13.710000038146973,13.119999885559082,13.34000015258789,279700,10.38394546508789,0.0
NNI,2007-12-03 19:00:00-05:00,13.279999732971191,13.460000038146973,12.970000267028809,13.029999732971191,241000,10.142641067504883,0.0
NNI,2007-12-04 19:00:00-05:00,13.020000457763672,13.210000038146973,12.75,12.850000381469727,155600,10.002527236938477,0.0
NNI,2007-12-05 19:00:00-05:00,12.75,13.920000076293945,12.630000114440918,13.920000076293945,376000,10.835426330566406,0.0
NNI,2007-12-06 19:00:00-05:00,14.039999961853027,14.069999694824219,13.65999984741211,13.84000015258789,154900,10.773153305053711,0.0
NNI,2007-12-09 19:00:00-05:00,13.84000015258789,14.210000038146973,13.630000114440918,14.109999656677246,203000,10.983318328857422,0.0
NNI,2007-12-10 19:00:00-05:00,14.25,14.300000190734863,13.34000015258789,13.470000267028809,352900,10.485143661499023,0.0
NNI,2007-12-11 19:00:00-05:00,13.75,14.199999809265137,12.59000015258789,12.859999656677246,538000,10.010310173034668,0.0
NNI,2007-12-12 19:00:00-05:00,12.729999542236328,13.029999732971191,12.489999771118164,12.960000038146973,181800,10.088153839111328,0.0
NNI,2007-12-13 19:00:00-05:00,12.710000038146973,12.930000305175781,12.359999656677246,12.489999771118164,136900,9.722298622131348,0.0
NNI,2007-12-16 19:00:00-05:00,12.5,12.640000343322754,12.270000457763672,12.279999732971191,264800,9.558838844299316,0.0
NNI,2007-12-17 19:00:00-05:00,12.5,13.100000381469727,12.420000076293945,12.949999809265137,324600,10.080368041992188,0.0
NNI,2007-12-18 19:00:00-05:00,12.899999618530273,12.899999618530273,11.880000114440918,12.149999618530273,329100,9.457642555236816,0.0
NNI,2007-12-19 19:00:00-05:00,12.319999694824219,12.600000381469727,11.75,11.989999771118164,177800,9.33309555053711,0.0
NNI,2007-12-20 19:00:00-05:00,12.300000190734863,13.069999694824219,12.010000228881836,13.069999694824219,460500,10.173778533935547,0.0
NNI,2007-12-23 19:00:00-05:00,12.800000190734863,13.479999542236328,12.800000190734863,13.430000305175781,82200,10.454002380371094,0.0
NNI,2007-12-25 19:00:00-05:00,13.220000267028809,13.479999542236328,13.0,13.329999923706055,146200,10.376166343688965,0.0
NNI,2007-12-26 19:00:00-05:00,13.319999694824219,13.420000076293945,12.970000267028809,13.109999656677246,175900,10.204914093017578,0.0
NNI,2007-12-27 19:00:00-05:00,13.300000190734863,13.399999618530273,12.8100004196167,12.960000038146973,100000,10.088153839111328,0.0
NNI,2007-12-30 19:00:00-05:00,12.899999618530273,13.050000190734863,12.1899995803833,12.710000038146973,224300,9.893552780151367,0.0
NNI,2008-01-01 19:00:00-05:00,12.600000381469727,12.6899995803833,11.880000114440918,12.069999694824219,213200,9.395373344421387,0.0
NNI,2008-01-02 19:00:00-05:00,12.130000114440918,12.1899995803833,11.75,11.75,162800,9.146280288696289,0.0
NNI,2008-01-03 19:00:00-05:00,11.649999618530273,11.649999618530273,10.579999923706055,10.600000381469727,346500,8.251113891601562,0.0
NNI,2008-01-06 19:00:00-05:00,10.670000076293945,11.170000076293945,10.600000381469727,10.979999542236328,495700,8.546906471252441,0.0
NNI,2008-01-07 19:00:00-05:00,11.039999961853027,11.180000305175781,9.789999961853027,9.84000015258789,323700,7.6595258712768555,0.0
NNI,2008-01-08 19:00:00-05:00,9.760000228881836,10.170000076293945,9.460000038146973,10.050000190734863,307500,7.822990894317627,0.0
NNI,2008-01-09 19:00:00-05:00,9.920000076293945,10.789999961853027,9.859999656677246,10.579999923706055,302600,8.235544204711914,0.0
NNI,2008-01-10 19:00:00-05:00,10.5,10.65999984741211,10.260000228881836,10.359999656677246,270200,8.064295768737793,0.0
NNI,2008-01-13 19:00:00-05:00,10.5,10.5,9.979999542236328,10.15999984741211,290000,7.908615589141846,0.0
NNI,2008-01-14 19:00:00-05:00,9.930000305175781,10.170000076293945,9.930000305175781,9.949999809265137,260600,7.745148658752441,0.0
NNI,2008-01-15 19:00:00-05:00,9.800000190734863,11.220000267028809,9.800000190734863,10.960000038146973,491300,8.531341552734375,0.0
NNI,2008-01-16 19:00:00-05:00,10.779999732971191,10.899999618530273,10.010000228881836,10.199999809265137,299200,7.939753532409668,0.0
NNI,2008-01-17 19:00:00-05:00,10.15999984741211,10.4399995803833,9.630000114440918,9.920000076293945,159200,7.721798896789551,0.0
NNI,2008-01-21 19:00:00-05:00,9.319999694824219,10.989999771118164,9.069999694824219,10.420000076293945,263400,8.11099910736084,0.0
NNI,2008-01-22 19:00:00-05:00,10.119999885559082,11.84000015258789,10.069999694824219,11.680000305175781,344700,9.091793060302734,0.0
NNI,2008-01-23 19:00:00-05:00,11.600000381469727,11.75,11.09000015258789,11.34000015258789,198200,8.827136993408203,0.0
NNI,2008-01-24 19:00:00-05:00,11.609999656677246,11.739999771118164,10.489999771118164,10.75,248400,8.367876052856445,0.0
NNI,2008-01-27 19:00:00-05:00,10.65999984741211,11.609999656677246,10.520000457763672,11.5600004196167,158400,8.998385429382324,0.0
NNI,2008-01-28 19:00:00-05:00,11.600000381469727,12.470000267028809,11.1899995803833,12.329999923706055,169000,9.59775447845459,0.0
NNI,2008-01-29 19:00:00-05:00,12.279999732971191,12.579999923706055,11.920000076293945,11.9399995803833,193800,9.294177055358887,0.0
NNI,2008-01-30 19:00:00-05:00,11.699999809265137,13.289999961853027,11.59000015258789,13.130000114440918,317600,10.220481872558594,0.0
NNI,2008-01-31 19:00:00-05:00,13.140000343322754,13.6899995803833,12.1899995803833,13.65999984741211,297300,10.633038520812988,0.0
NNI,2008-02-03 19:00:00-05:00,13.640000343322754,13.890000343322754,13.109999656677246,13.289999961853027,416700,10.345025062561035,0.0
NNI,2008-02-04 19:00:00-05:00,12.75,13.430000305175781,12.59000015258789,12.59000015258789,311700,9.800145149230957,0.0
NNI,2008-02-05 19:00:00-05:00,12.90999984741211,13.859999656677246,12.5,12.529999732971191,363400,9.753439903259277,0.0
NNI,2008-02-06 19:00:00-05:00,12.479999542236328,12.960000038146973,12.350000381469727,12.699999809265137,376300,9.885767936706543,0.0
NNI,2008-02-07 19:00:00-05:00,12.680000305175781,12.829999923706055,11.970000267028809,12.289999961853027,440600,9.566620826721191,0.0
NNI,2008-02-10 19:00:00-05:00,12.140000343322754,12.140000343322754,10.680000305175781,10.739999771118164,426200,8.360090255737305,0.0
NNI,2008-02-11 19:00:00-05:00,10.920000076293945,11.100000381469727,10.359999656677246,10.489999771118164,273100,8.16549015045166,0.0
NNI,2008-02-12 19:00:00-05:00,10.65999984741211,10.65999984741211,10.0,10.020000457763672,315500,7.799638748168945,0.0
NNI,2008-02-13 19:00:00-05:00,10.050000190734863,10.199999809265137,9.5,10.140000343322754,467600,7.893044948577881,0.0
NNI,2008-02-14 19:00:00-05:00,10.079999923706055,10.09000015258789,9.800000190734863,10.050000190734863,251200,7.822990894317627,0.0
NNI,2008-02-18 19:00:00-05:00,10.399999618530273,10.899999618530273,10.100000381469727,10.5,405000,8.173273086547852,0.0
NNI,2008-02-19 19:00:00-05:00,10.4399995803833,10.699999809265137,10.220000267028809,10.609999656677246,193300,8.258893966674805,0.0
NNI,2008-02-20 19:00:00-05:00,10.739999771118164,11.069999694824219,10.15999984741211,10.15999984741211,254200,7.908615589141846,0.0
NNI,2008-02-21 19:00:00-05:00,10.15999984741211,10.329999923706055,9.899999618530273,10.329999923706055,147100,8.04094409942627,0.0
NNI,2008-02-24 19:00:00-05:00,10.329999923706055,10.899999618530273,10.180000305175781,10.859999656677246,366900,8.453495025634766,0.0
NNI,2008-02-25 19:00:00-05:00,10.859999656677246,11.220000267028809,10.630000114440918,11.010000228881836,302500,8.570262908935547,0.0
NNI,2008-02-26 19:00:00-05:00,10.850000381469727,11.649999618530273,10.670000076293945,11.3100004196167,334400,8.860113143920898,0.07
NNI,2008-02-27 19:00:00-05:00,11.289999961853027,11.399999618530273,10.420000076293945,11.020000457763672,338700,8.632932662963867,0.0
NNI,2008-02-28 19:00:00-05:00,10.880000114440918,12.279999732971191,10.619999885559082,10.899999618530273,368100,8.538922309875488,0.0
NNI,2008-03-02 19:00:00-05:00,10.989999771118164,11.15999984741211,10.65999984741211,10.970000267028809,293600,8.593758583068848,0.0
NNI,2008-03-03 19:00:00-05:00,10.800000190734863,10.960000038146973,10.260000228881836,10.470000267028809,222800,8.202070236206055,0.0
NNI,2008-03-04 19:00:00-05:00,10.369999885559082,10.5,10.020000457763672,10.449999809265137,356100,8.18639850616455,0.0
NNI,2008-03-05 19:00:00-05:00,10.289999961853027,10.289999961853027,8.630000114440918,9.0,651600,7.050488471984863,0.0
NNI,2008-03-06 19:00:00-05:00,8.84000015258789,9.960000038146973,8.829999923706055,9.770000457763672,615900,7.653697490692139,0.0
NNI,2008-03-09 20:00:00-04:00,9.800000190734863,9.84000015258789,9.289999961853027,9.520000457763672,210100,7.457850456237793,0.0
NNI,2008-03-10 20:00:00-04:00,9.729999542236328,10.0,9.630000114440918,10.0,344700,7.833878040313721,0.0
NNI,2008-03-11 20:00:00-04:00,10.0,10.300000190734863,9.760000228881836,10.010000228881836,266700,7.841707229614258,0.0
NNI,2008-03-12 20:00:00-04:00,9.819999694824219,10.239999771118164,9.510000228881836,10.079999923706055,239800,7.896550178527832,0.0
NNI,2008-03-13 20:00:00-04:00,10.029999732971191,10.220000267028809,9.680000305175781,10.010000228881836,370700,7.841707229614258,0.0
NNI,2008-03-16 20:00:00-04:00,9.550000190734863,10.15999984741211,9.25,9.9399995803833,311600,7.786872863769531,0.0
NNI,2008-03-17 20:00:00-04:00,10.0,10.930000305175781,9.979999542236328,10.930000305175781,206600,8.562430381774902,0.0
NNI,2008-03-18 20:00:00-04:00,11.050000190734863,11.350000381469727,10.739999771118164,11.029999732971191,210900,8.640763282775879,0.0
NNI,2008-03-19 20:00:00-04:00,11.199999809265137,11.550000190734863,11.039999961853027,11.5,366100,9.008955955505371,0.0
NNI,2008-03-23 20:00:00-04:00,11.270000457763672,12.649999618530273,11.270000457763672,12.600000381469727,348900,9.870683670043945,0.0
NNI,2008-03-24 20:00:00-04:00,12.600000381469727,12.600000381469727,11.829999923706055,11.989999771118164,246100,9.392815589904785,0.0
NNI,2008-03-25 20:00:00-04:00,11.9399995803833,13.369999885559082,11.8100004196167,12.390000343322754,324500,9.706170082092285,0.0
NNI,2008-03-26 20:00:00-04:00,12.449999809265137,12.449999809265137,11.569999694824219,11.699999809265137,249900,9.165637016296387,0.0
NNI,2008-03-27 20:00:00-04:00,11.739999771118164,11.819999694824219,11.210000038146973,11.510000228881836,322700,9.016788482666016,0.0
NNI,2008-03-30 20:00:00-04:00,11.630000114440918,12.0,11.199999809265137,11.75,292900,9.204801559448242,0.0
NNI,2008-03-31 20:00:00-04:00,11.930000305175781,12.579999923706055,11.510000228881836,12.579999923706055,636700,9.855016708374023,0.0
NNI,2008-04-01 20:00:00-04:00,12.75,12.829999923706055,12.329999923706055,12.40999984741211,327200,9.721842765808105,0.0
NNI,2008-04-02 20:00:00-04:00,12.319999694824219,12.869999885559082,12.180000305175781,12.869999885559082,320400,10.082200050354004,0.0
NNI,2008-04-03 20:00:00-04:00,12.880000114440918,13.140000343322754,12.5600004196167,12.84000015258789,315700,10.058698654174805,0.0
NNI,2008-04-06 20:00:00-04:00,12.970000267028809,12.970000267028809,12.369999885559082,12.65999984741211,274400,9.917685508728027,0.0
NNI,2008-04-07 20:00:00-04:00,12.5,12.65999984741211,12.109999656677246,12.550000190734863,224900,9.831514358520508,0.0
NNI,2008-04-08 20:00:00-04:00,12.600000381469727,13.119999885559082,12.279999732971191,13.039999961853027,533600,10.215375900268555,0.0
NNI,2008-04-09 20:00:00-04:00,13.069999694824219,13.1899995803833,12.460000038146973,13.0,522300,10.184041976928711,0.0
NNI,2008-04-10 20:00:00-04:00,12.729999542236328,13.279999732971191,12.180000305175781,12.270000457763672,507300,9.612162590026855,0.0
NNI,2008-04-13 20:00:00-04:00,12.229999542236328,12.239999771118164,11.720000267028809,11.819999694824219,172800,9.2596435546875,0.0
NNI,2008-04-14 20:00:00-04:00,11.819999694824219,11.949999809265137,11.5600004196167,11.600000381469727,238500,9.087294578552246,0.0
NNI,2008-04-15 20:00:00-04:00,11.699999809265137,11.770000457763672,11.479999542236328,11.699999809265137,393900,9.165637016296387,0.0
NNI,2008-04-16 20:00:00-04:00,11.670000076293945,12.510000228881836,11.649999618530273,12.479999542236328,255200,9.77667236328125,0.0
NNI,2008-04-17 20:00:00-04:00,12.630000114440918,13.170000076293945,12.600000381469727,12.75,308600,9.988188743591309,0.0
NNI,2008-04-20 20:00:00-04:00,12.609999656677246,12.729999542236328,12.239999771118164,12.300000190734863,227900,9.63567066192627,0.0
NNI,2008-04-21 20:00:00-04:00,12.199999809265137,12.390000343322754,11.850000381469727,12.140000343322754,106500,9.510327339172363,0.0
NNI,2008-04-22 20:00:00-04:00,12.149999618530273,12.289999961853027,11.880000114440918,12.050000190734863,98000,9.439821243286133,0.0
NNI,2008-04-23 20:00:00-04:00,12.0600004196167,12.75,11.829999923706055,12.600000381469727,136100,9.870683670043945,0.0
NNI,2008-04-24 20:00:00-04:00,12.569999694824219,12.770000457763672,12.470000267028809,12.65999984741211,198500,9.917685508728027,0.0
NNI,2008-04-27 20:00:00-04:00,12.619999885559082,13.319999694824219,12.619999885559082,13.069999694824219,432700,10.238875389099121,0.0
NNI,2008-04-28 20:00:00-04:00,12.680000305175781,12.680000305175781,11.699999809265137,12.460000038146973,351700,9.761006355285645,0.0
NNI,2008-04-29 20:00:00-04:00,12.550000190734863,13.289999961853027,12.550000190734863,12.789999961853027,208300,10.019523620605469,0.0
NNI,2008-04-30 20:00:00-04:00,12.760000228881836,13.470000267028809,12.699999809265137,13.40999984741211,197800,10.505228996276855,0.0
NNI,2008-05-01 20:00:00-04:00,13.5,14.59000015258789,13.5,14.039999961853027,434600,10.998763084411621,0.0
NNI,2008-05-04 20:00:00-04:00,14.100000381469727,14.239999771118164,13.789999961853027,13.970000267028809,425000,10.943923950195312,0.0
NNI,2008-05-05 20:00:00-04:00,13.829999923706055,14.34000015258789,13.539999961853027,14.109999656677246,474200,11.053597450256348,0.0
NNI,2008-05-06 20:00:00-04:00,14.0600004196167,14.130000114440918,13.449999809265137,13.550000190734863,275000,10.61490249633789,0.0
NNI,2008-05-07 20:00:00-04:00,13.5600004196167,13.649999618530273,13.180000305175781,13.300000190734863,125500,10.419059753417969,0.0
NNI,2008-05-08 20:00:00-04:00,13.050000190734863,13.579999923706055,13.010000228881836,13.289999961853027,125200,10.411218643188477,0.0
NNI,2008-05-11 20:00:00-04:00,13.760000228881836,14.25,13.34000015258789,13.5600004196167,300300,10.622735977172852,0.0
NNI,2008-05-12 20:00:00-04:00,13.489999771118164,13.489999771118164,12.819999694824219,13.220000267028809,266400,10.356382369995117,0.0
NNI,2008-05-13 20:00:00-04:00,13.229999542236328,13.270000457763672,13.0600004196167,13.220000267028809,89200,10.356382369995117,0.0
NNI,2008-05-14 20:00:00-04:00,13.15999984741211,13.75,13.050000190734863,13.65999984741211,108600,10.701074600219727,0.0
NNI,2008-05-15 20:00:00-04:00,13.699999809265137,13.699999809265137,12.710000038146973,13.119999885559082,261400,10.278043746948242,0.0
NNI,2008-05-18 20:00:00-04:00,13.029999732971191,13.670000076293945,12.970000267028809,13.369999885559082,179100,10.473892211914062,0.0
NNI,2008-05-19 20:00:00-04:00,13.34000015258789,13.40999984741211,12.720000267028809,13.350000381469727,340400,10.458224296569824,0.0
NNI,2008-05-20 20:00:00-04:00,13.489999771118164,13.8100004196167,13.029999732971191,13.270000457763672,301300,10.395553588867188,0.0
NNI,2008-05-21 20:00:00-04:00,13.100000381469727,14.029999732971191,13.100000381469727,13.84000015258789,311400,10.842085838317871,0.0
NNI,2008-05-22 20:00:00-04:00,13.720000267028809,13.819999694824219,13.369999885559082,13.579999923706055,156400,10.638400077819824,0.0
NNI,2008-05-26 20:00:00-04:00,13.569999694824219,13.739999771118164,13.119999885559082,13.420000076293945,121500,10.513059616088867,0.0
NNI,2008-05-27 20:00:00-04:00,13.5,13.579999923706055,13.050000190734863,13.229999542236328,154300,10.364216804504395,0.0
NNI,2008-05-28 20:00:00-04:00,13.15999984741211,13.520000457763672,12.949999809265137,13.359999656677246,138100,10.466054916381836,0.0
NNI,2008-05-29 20:00:00-04:00,13.399999618530273,13.399999618530273,12.960000038146973,13.1899995803833,119800,10.332879066467285,0.0
NNI,2008-06-01 20:00:00-04:00,13.130000114440918,13.130000114440918,12.399999618530273,12.6899995803833,323500,9.941187858581543,0.0
NNI,2008-06-02 20:00:00-04:00,12.65999984741211,12.710000038146973,12.260000228881836,12.479999542236328,201800,9.77667236328125,0.0
NNI,2008-06-03 20:00:00-04:00,12.399999618530273,12.600000381469727,12.180000305175781,12.229999542236328,221800,9.580829620361328,0.0
NNI,2008-06-04 20:00:00-04:00,12.239999771118164,12.600000381469727,12.119999885559082,12.579999923706055,131700,9.855016708374023,0.0
NNI,2008-06-05 20:00:00-04:00,12.460000038146973,12.460000038146973,11.819999694824219,11.949999809265137,236600,9.361480712890625,0.0
NNI,2008-06-08 20:00:00-04:00,11.9399995803833,11.9399995803833,11.300000190734863,11.449999809265137,187800,8.969786643981934,0.0
NNI,2008-06-09 20:00:00-04:00,11.34000015258789,11.65999984741211,11.109999656677246,11.600000381469727,242100,9.087294578552246,0.0
NNI,2008-06-10 20:00:00-04:00,11.520000457763672,11.670000076293945,11.079999923706055,11.079999923706055,199000,8.679931640625,0.0
NNI,2008-06-11 20:00:00-04:00,11.0,11.449999809265137,11.0,11.279999732971191,210400,8.836612701416016,0.0
NNI,2008-06-12 20:00:00-04:00,11.40999984741211,11.430000305175781,10.989999771118164,11.380000114440918,115500,8.914949417114258,0.0
NNI,2008-06-15 20:00:00-04:00,11.359999656677246,11.729999542236328,11.25,11.630000114440918,185200,9.110794067382812,0.0
NNI,2008-06-16 20:00:00-04:00,11.649999618530273,11.649999618530273,11.220000267028809,11.229999542236328,65300,8.797439575195312,0.0
NNI,2008-06-17 20:00:00-04:00,11.149999618530273,11.149999618530273,10.600000381469727,10.800000190734863,136800,8.46058464050293,0.0
NNI,2008-06-18 20:00:00-04:00,10.84000015258789,10.979999542236328,10.609999656677246,10.979999542236328,120000,8.60159683227539,0.0
NNI,2008-06-19 20:00:00-04:00,10.9399995803833,10.9399995803833,10.4399995803833,10.649999618530273,205900,8.343076705932617,0.0
NNI,2008-06-22 20:00:00-04:00,10.710000038146973,10.739999771118164,10.300000190734863,10.359999656677246,128000,8.11589527130127,0.0
NNI,2008-06-23 20:00:00-04:00,10.239999771118164,10.670000076293945,10.069999694824219,10.350000381469727,119900,8.108063697814941,0.0
NNI,2008-06-24 20:00:00-04:00,11.729999542236328,12.0,10.670000076293945,11.550000190734863,534300,9.048125267028809,0.0
NNI,2008-06-25 20:00:00-04:00,11.109999656677246,12.119999885559082,11.0,11.989999771118164,316100,9.392815589904785,0.0
NNI,2008-06-26 20:00:00-04:00,11.8100004196167,12.149999618530273,11.260000228881836,11.40999984741211,383300,8.938450813293457,0.0
NNI,2008-06-29 20:00:00-04:00,11.329999923706055,11.5600004196167,10.920000076293945,11.229999542236328,283500,8.797439575195312,0.0
NNI,2008-06-30 20:00:00-04:00,11.170000076293945,11.25,10.699999809265137,11.149999618530273,253000,8.734771728515625,0.0
NNI,2008-07-01 20:00:00-04:00,11.229999542236328,11.229999542236328,10.539999961853027,10.630000114440918,156600,8.327408790588379,0.0
NNI,2008-07-02 20:00:00-04:00,10.630000114440918,10.880000114440918,10.359999656677246,10.6899995803833,123500,8.374414443969727,0.0
NNI,2008-07-06 20:00:00-04:00,10.800000190734863,10.880000114440918,10.020000457763672,10.460000038146973,205600,8.194234848022461,0.0
NNI,2008-07-07 20:00:00-04:00,10.470000267028809,11.199999809265137,10.319999694824219,11.1899995803833,196500,8.766107559204102,0.0
NNI,2008-07-08 20:00:00-04:00,11.170000076293945,11.279999732971191,10.510000228881836,10.550000190734863,175500,8.264739990234375,0.0
NNI,2008-07-09 20:00:00-04:00,10.279999732971191,10.75,10.119999885559082,10.550000190734863,167600,8.264739990234375,0.0
NNI,2008-07-10 20:00:00-04:00,10.25,10.640000343322754,9.899999618530273,10.180000305175781,360600,7.974886894226074,0.0
NNI,2008-07-13 20:00:00-04:00,10.279999732971191,10.380000114440918,9.520000457763672,9.550000190734863,228600,7.481353282928467,0.0
NNI,2008-07-14 20:00:00-04:00,9.399999618530273,9.819999694824219,9.100000381469727,9.369999885559082,322500,7.340342998504639,0.0
NNI,2008-07-15 20:00:00-04:00,9.390000343322754,10.25,9.09000015258789,10.239999771118164,225700,8.02188777923584,0.0
NNI,2008-07-16 20:00:00-04:00,10.449999809265137,10.960000038146973,10.140000343322754,10.699999809265137,409400,8.382247924804688,0.0
NNI,2008-07-17 20:00:00-04:00,10.760000228881836,10.880000114440918,10.109999656677246,10.670000076293945,385300,8.358742713928223,0.0
NNI,2008-07-20 20:00:00-04:00,10.819999694824219,10.819999694824219,10.350000381469727,10.510000228881836,135000,8.233405113220215,0.0
NNI,2008-07-21 20:00:00-04:00,10.470000267028809,11.289999961853027,10.140000343322754,11.149999618530273,273300,8.734771728515625,0.0
NNI,2008-07-22 20:00:00-04:00,11.220000267028809,11.949999809265137,11.180000305175781,11.720000267028809,390900,9.181302070617676,0.0
NNI,2008-07-23 20:00:00-04:00,11.850000381469727,11.850000381469727,10.789999961853027,10.869999885559082,221200,8.515427589416504,0.0
NNI,2008-07-24 20:00:00-04:00,11.039999961853027,11.380000114440918,10.8100004196167,10.90999984741211,208600,8.546759605407715,0.0
NNI,2008-07-27 20:00:00-04:00,10.949999809265137,11.15999984741211,10.239999771118164,10.300000190734863,227100,8.068892478942871,0.0
NNI,2008-07-28 20:00:00-04:00,10.34000015258789,10.729999542236328,10.300000190734863,10.680000305175781,232300,8.366579055786133,0.0
NNI,2008-07-29 20:00:00-04:00,10.970000267028809,11.289999961853027,10.369999885559082,10.739999771118164,140900,8.413582801818848,0.0
NNI,2008-07-30 20:00:00-04:00,10.5600004196167,11.050000190734863,10.350000381469727,10.779999732971191,119600,8.444918632507324,0.0
NNI,2008-07-31 20:00:00-04:00,10.949999809265137,11.039999961853027,10.600000381469727,10.899999618530273,257100,8.538922309875488,0.0
NNI,2008-08-03 20:00:00-04:00,10.899999618530273,10.930000305175781,9.75,10.069999694824219,344700,7.888714790344238,0.0
NNI,2008-08-04 20:00:00-04:00,10.270000457763672,10.420000076293945,10.050000190734863,10.350000381469727,409500,8.108063697814941,0.0
NNI,2008-08-05 20:00:00-04:00,10.300000190734863,10.880000114440918,10.020000457763672,10.680000305175781,310100,8.366579055786133,0.0
NNI,2008-08-06 20:00:00-04:00,10.489999771118164,10.899999618530273,10.3100004196167,10.5600004196167,318900,8.272571563720703,0.0
NNI,2008-08-07 20:00:00-04:00,10.609999656677246,11.460000038146973,10.5,11.300000190734863,185700,8.852280616760254,0.0
NNI,2008-08-10 20:00:00-04:00,11.380000114440918,12.130000114440918,11.220000267028809,11.6899995803833,294700,9.157798767089844,0.0
NNI,2008-08-11 20:00:00-04:00,12.449999809265137,13.600000381469727,12.25,12.5,499600,9.792343139648438,0.0
NNI,2008-08-12 20:00:00-04:00,12.539999961853027,13.0,12.09000015258789,12.890000343322754,463500,10.097867012023926,0.0
NNI,2008-08-13 20:00:00-04:00,12.890000343322754,13.5,12.890000343322754,13.479999542236328,365100,10.560065269470215,0.0
NNI,2008-08-14 20:00:00-04:00,13.65999984741211,14.619999885559082,13.65999984741211,14.430000305175781,595400,11.304281234741211,0.0
NNI,2008-08-17 20:00:00-04:00,14.430000305175781,14.960000038146973,14.069999694824219,14.6899995803833,433000,11.50796127319336,0.0
NNI,2008-08-18 20:00:00-04:00,14.59000015258789,14.760000228881836,13.859999656677246,13.949999809265137,320100,10.92825698852539,0.0
NNI,2008-08-19 20:00:00-04:00,14.010000228881836,14.260000228881836,13.710000038146973,14.15999984741211,367700,11.092768669128418,0.0
NNI,2008-08-20 20:00:00-04:00,13.949999809265137,14.34000015258789,13.75,14.050000190734863,144800,11.006593704223633,0.0
NNI,2008-08-21 20:00:00-04:00,14.270000457763672,14.649999618530273,14.260000228881836,14.539999961853027,227300,11.39045524597168,0.0
NNI,2008-08-24 20:00:00-04:00,14.460000038146973,14.460000038146973,13.989999771118164,14.180000305175781,162200,11.10843563079834,0.0
NNI,2008-08-25 20:00:00-04:00,14.029999732971191,14.630000114440918,14.029999732971191,14.489999771118164,211000,11.351286888122559,0.0
NNI,2008-08-26 20:00:00-04:00,14.489999771118164,15.0,14.430000305175781,14.84000015258789,241700,11.625472068786621,0.0
NNI,2008-08-27 20:00:00-04:00,15.029999732971191,15.510000228881836,14.8100004196167,15.510000228881836,194100,12.150341033935547,0.0
NNI,2008-08-28 20:00:00-04:00,15.399999618530273,15.850000381469727,15.220000267028809,15.720000267028809,278500,12.314854621887207,0.0
NNI,2008-09-01 20:00:00-04:00,16.0,16.350000381469727,15.710000038146973,16.059999465942383,315500,12.581202507019043,0.0
NNI,2008-09-02 20:00:00-04:00,15.899999618530273,16.1299991607666,15.789999961853027,16.0,408000,12.534200668334961,0.0
NNI,2008-09-03 20:00:00-04:00,15.680000305175781,16.0,15.489999771118164,15.720000267028809,159000,12.314854621887207,0.0
NNI,2008-09-04 20:00:00-04:00,15.640000343322754,15.8100004196167,15.09000015258789,15.40999984741211,339900,12.072002410888672,0.0
NNI,2008-09-07 20:00:00-04:00,15.8100004196167,16.049999237060547,14.5,15.5,629700,12.142508506774902,0.0
NNI,2008-09-08 20:00:00-04:00,15.239999771118164,15.899999618530273,14.949999809265137,15.029999732971191,281500,11.77431583404541,0.0
NNI,2008-09-09 20:00:00-04:00,15.319999694824219,15.619999885559082,14.850000381469727,15.420000076293945,321800,12.079835891723633,0.0
NNI,2008-09-10 20:00:00-04:00,15.270000457763672,15.960000038146973,15.220000267028809,15.859999656677246,270800,12.42452621459961,0.0
NNI,2008-09-11 20:00:00-04:00,15.859999656677246,16.040000915527344,15.59000015258789,15.850000381469727,341300,12.416692733764648,0.0
NNI,2008-09-14 20:00:00-04:00,15.270000457763672,15.649999618530273,14.5600004196167,14.949999809265137,195200,11.711641311645508,0.0
NNI,2008-09-15 20:00:00-04:00,14.420000076293945,15.430000305175781,14.399999618530273,15.279999732971191,330100,11.970161437988281,0.0
NNI,2008-09-16 20:00:00-04:00,14.949999809265137,14.979999542236328,12.149999618530273,12.859999656677246,556100,10.074361801147461,0.0
NNI,2008-09-17 20:00:00-04:00,13.260000228881836,15.25,12.25,15.25,536200,11.946662902832031,0.0
NNI,2008-09-18 20:00:00-04:00,15.699999809265137,15.699999809265137,15.699999809265137,15.699999809265137,555600,12.29918384552002,0.0
NNI,2008-09-21 20:00:00-04:00,15.5,15.960000038146973,15.0600004196167,15.420000076293945,235600,12.079835891723633,0.0
NNI,2008-09-22 20:00:00-04:00,15.600000381469727,15.899999618530273,14.800000190734863,15.039999961853027,229600,11.782150268554688,0.0
NNI,2008-09-23 20:00:00-04:00,14.949999809265137,14.949999809265137,13.850000381469727,14.1899995803833,129300,11.11627197265625,0.0
NNI,2008-09-24 20:00:00-04:00,14.15999984741211,14.920000076293945,14.15999984741211,14.609999656677246,131800,11.445293426513672,0.0
NNI,2008-09-25 20:00:00-04:00,14.149999618530273,15.109999656677246,14.149999618530273,14.6899995803833,94200,11.50796127319336,0.0
NNI,2008-09-28 20:00:00-04:00,14.420000076293945,15.010000228881836,13.789999961853027,13.789999961853027,68800,10.802912712097168,0.0
NNI,2008-09-29 20:00:00-04:00,14.5,14.720000267028809,13.100000381469727,14.199999809265137,208300,11.124100685119629,0.0
NNI,2008-09-30 20:00:00-04:00,14.100000381469727,15.220000267028809,13.119999885559082,14.399999618530273,268600,11.280783653259277,0.0
NNI,2008-10-01 20:00:00-04:00,14.300000190734863,14.300000190734863,12.0,12.5,153400,9.792343139648438,0.0
NNI,2008-10-02 20:00:00-04:00,12.789999961853027,14.199999809265137,12.520000457763672,12.579999923706055,165000,9.855016708374023,0.0
NNI,2008-10-05 20:00:00-04:00,12.0,13.239999771118164,11.029999732971191,12.619999885559082,184100,9.88634967803955,0.0
NNI,2008-10-06 20:00:00-04:00,12.65999984741211,13.1899995803833,10.420000076293945,10.569999694824219,170000,8.28040885925293,0.0
NNI,2008-10-07 20:00:00-04:00,10.890000343322754,13.0,10.550000190734863,12.140000343322754,209000,9.510327339172363,0.0
NNI,2008-10-08 20:00:00-04:00,12.380000114440918,12.449999809265137,9.75,10.079999923706055,227100,7.896550178527832,0.0
NNI,2008-10-09 20:00:00-04:00,9.619999885559082,11.920000076293945,9.4399995803833,11.0,340300,8.617262840270996,0.0
NNI,2008-10-12 20:00:00-04:00,11.850000381469727,13.09000015258789,11.449999809265137,13.079999923706055,125600,10.246708869934082,0.0
NNI,2008-10-13 20:00:00-04:00,13.609999656677246,13.75,11.960000038146973,13.109999656677246,272700,10.270211219787598,0.0
NNI,2008-10-14 20:00:00-04:00,12.800000190734863,12.800000190734863,11.520000457763672,12.0,198100,9.400652885437012,0.0
NNI,2008-10-15 20:00:00-04:00,12.170000076293945,13.069999694824219,11.699999809265137,12.930000305175781,320500,10.12919807434082,0.0
NNI,2008-10-16 20:00:00-04:00,12.5,13.170000076293945,12.470000267028809,12.489999771118164,242200,9.784506797790527,0.0
NNI,2008-10-19 20:00:00-04:00,13.239999771118164,13.479999542236328,12.520000457763672,13.359999656677246,218900,10.466054916381836,0.0
NNI,2008-10-20 20:00:00-04:00,13.100000381469727,13.720000267028809,13.039999961853027,13.420000076293945,136400,10.513059616088867,0.0
NNI,2008-10-21 20:00:00-04:00,13.039999961853027,13.399999618530273,12.210000038146973,12.59000015258789,79100,9.8628511428833,0.0
NNI,2008-10-22 20:00:00-04:00,12.59000015258789,12.59000015258789,11.279999732971191,12.34000015258789,125900,9.667003631591797,0.0
NNI,2008-10-23 20:00:00-04:00,11.460000038146973,11.9399995803833,11.289999961853027,11.65999984741211,113000,9.134299278259277,0.0
NNI,2008-10-26 20:00:00-04:00,11.529999732971191,12.890000343322754,11.220000267028809,11.609999656677246,313000,9.09512996673584,0.0
NNI,2008-10-27 20:00:00-04:00,12.020000457763672,12.770000457763672,11.289999961853027,12.699999809265137,309700,9.94902229309082,0.0
NNI,2008-10-28 20:00:00-04:00,12.800000190734863,13.550000190734863,12.34000015258789,13.119999885559082,256500,10.278043746948242,0.0
NNI,2008-10-29 20:00:00-04:00,13.800000190734863,14.270000457763672,13.5,14.039999961853027,293900,10.998763084411621,0.0
NNI,2008-10-30 20:00:00-04:00,13.84000015258789,15.0600004196167,13.770000457763672,14.630000114440918,508700,11.460962295532227,0.0
NNI,2008-11-02 19:00:00-05:00,14.460000038146973,14.699999809265137,13.569999694824219,13.6899995803833,270400,10.724576950073242,0.0
NNI,2008-11-03 19:00:00-05:00,13.75,13.970000267028809,13.510000228881836,13.75,259200,10.771581649780273,0.0
NNI,2008-11-04 19:00:00-05:00,13.369999885559082,13.8100004196167,13.25,13.430000305175781,267800,10.520894050598145,0.0
NNI,2008-11-05 19:00:00-05:00,13.260000228881836,13.680000305175781,12.819999694824219,12.899999618530273,344500,10.105704307556152,0.0
NNI,2008-11-06 19:00:00-05:00,12.979999542236328,13.399999618530273,12.699999809265137,12.899999618530273,163000,10.105704307556152,0.0
NNI,2008-11-09 19:00:00-05:00,13.09000015258789,13.449999809265137,11.890000343322754,12.25,265300,9.596497535705566,0.0
NNI,2008-11-10 19:00:00-05:00,12.069999694824219,12.119999885559082,11.539999961853027,11.6899995803833,228900,9.157798767089844,0.0
NNI,2008-11-11 19:00:00-05:00,11.4399995803833,11.6899995803833,10.880000114440918,10.960000038146973,146300,8.585930824279785,0.0
NNI,2008-11-12 19:00:00-05:00,11.079999923706055,12.680000305175781,10.600000381469727,12.680000305175781,303500,9.933358192443848,0.0
NNI,2008-11-13 19:00:00-05:00,12.449999809265137,12.640000343322754,11.329999923706055,11.479999542236328,183800,8.993285179138184,0.0
NNI,2008-11-16 19:00:00-05:00,11.319999694824219,11.890000343322754,10.90999984741211,11.300000190734863,190800,8.852280616760254,0.0
NNI,2008-11-17 19:00:00-05:00,11.350000381469727,11.670000076293945,10.6899995803833,11.039999961853027,182300,8.64859676361084,0.0
NNI,2008-11-18 19:00:00-05:00,10.880000114440918,11.170000076293945,9.949999809265137,10.010000228881836,201000,7.841707229614258,0.0
NNI,2008-11-19 19:00:00-05:00,9.869999885559082,10.130000114440918,9.1899995803833,9.289999961853027,209100,7.277672290802002,0.0
NNI,2008-11-20 19:00:00-05:00,9.6899995803833,9.710000038146973,7.96999979019165,9.210000038146973,455600,7.21500301361084,0.0
NNI,2008-11-23 19:00:00-05:00,9.180000305175781,10.890000343322754,9.180000305175781,10.890000343322754,253000,8.531094551086426,0.0
NNI,2008-11-24 19:00:00-05:00,11.119999885559082,12.119999885559082,10.739999771118164,11.960000038146973,275100,9.369317054748535,0.0
NNI,2008-11-25 19:00:00-05:00,11.550000190734863,13.25,11.319999694824219,13.199999809265137,201000,10.340716361999512,0.0
NNI,2008-11-27 19:00:00-05:00,12.979999542236328,13.25,12.640000343322754,13.15999984741211,62300,10.309380531311035,0.0
NNI,2008-11-30 19:00:00-05:00,13.09000015258789,13.390000343322754,11.869999885559082,11.949999809265137,266700,9.361480712890625,0.0
NNI,2008-12-01 19:00:00-05:00,12.279999732971191,13.40999984741211,11.970000267028809,13.40999984741211,271500,10.505228996276855,0.0
NNI,2008-12-02 19:00:00-05:00,12.760000228881836,14.390000343322754,12.329999923706055,13.710000038146973,243200,10.740245819091797,0.0
NNI,2008-12-03 19:00:00-05:00,13.220000267028809,14.4399995803833,12.989999771118164,13.859999656677246,243600,10.857752799987793,0.0
NNI,2008-12-04 19:00:00-05:00,13.739999771118164,14.569999694824219,12.880000114440918,14.569999694824219,279300,11.413952827453613,0.0
NNI,2008-12-07 19:00:00-05:00,14.949999809265137,14.979999542236328,14.34000015258789,14.800000190734863,213100,11.594138145446777,0.0
NNI,2008-12-08 19:00:00-05:00,14.470000267028809,14.979999542236328,13.359999656677246,13.539999961853027,231300,10.607068061828613,0.0
NNI,2008-12-09 19:00:00-05:00,13.609999656677246,13.779999732971191,12.609999656677246,13.09000015258789,194100,10.254545211791992,0.0
NNI,2008-12-10 19:00:00-05:00,12.720000267028809,12.930000305175781,11.779999732971191,11.989999771118164,135800,9.392815589904785,0.0
NNI,2008-12-11 19:00:00-05:00,11.569999694824219,12.470000267028809,11.1899995803833,12.270000457763672,106600,9.612162590026855,0.0
NNI,2008-12-14 19:00:00-05:00,12.239999771118164,12.300000190734863,11.300000190734863,11.630000114440918,128900,9.110794067382812,0.0
NNI,2008-12-15 19:00:00-05:00,11.930000305175781,12.859999656677246,11.619999885559082,12.8100004196167,147800,10.035194396972656,0.0
NNI,2008-12-16 19:00:00-05:00,12.600000381469727,13.5600004196167,12.210000038146973,13.15999984741211,122700,10.309380531311035,0.0
NNI,2008-12-17 19:00:00-05:00,13.15999984741211,13.680000305175781,12.539999961853027,12.739999771118164,180100,9.980359077453613,0.0
NNI,2008-12-18 19:00:00-05:00,13.029999732971191,13.569999694824219,12.800000190734863,13.109999656677246,250100,10.270211219787598,0.0
NNI,2008-12-21 19:00:00-05:00,13.260000228881836,13.5,12.65999984741211,13.260000228881836,206800,10.387720108032227,0.0
NNI,2008-12-22 19:00:00-05:00,13.329999923706055,13.5,12.529999732971191,12.710000038146973,278200,9.956856727600098,0.0
NNI,2008-12-23 19:00:00-05:00,12.65999984741211,12.899999618530273,12.470000267028809,12.579999923706055,104600,9.855016708374023,0.0
NNI,2008-12-25 19:00:00-05:00,12.729999542236328,13.399999618530273,12.600000381469727,12.90999984741211,182800,10.113534927368164,0.0
NNI,2008-12-28 19:00:00-05:00,12.979999542236328,13.15999984741211,12.680000305175781,12.850000381469727,346900,10.0665283203125,0.0
NNI,2008-12-29 19:00:00-05:00,13.010000228881836,13.460000038146973,12.779999732971191,13.369999885559082,251800,10.473892211914062,0.0
NNI,2008-12-30 19:00:00-05:00,13.359999656677246,14.390000343322754,13.199999809265137,14.329999923706055,305600,11.225940704345703,0.0
NNI,2009-01-01 19:00:00-05:00,14.359999656677246,14.390000343322754,13.59000015258789,13.739999771118164,163800,10.763749122619629,0.0
NNI,2009-01-04 19:00:00-05:00,13.630000114440918,14.149999618530273,13.079999923706055,14.010000228881836,260800,10.975257873535156,0.0
NNI,2009-01-05 19:00:00-05:00,14.149999618530273,14.779999732971191,13.760000228881836,14.569999694824219,229800,11.413952827453613,0.0
NNI,2009-01-06 19:00:00-05:00,14.359999656677246,14.989999771118164,14.039999961853027,14.569999694824219,239500,11.413952827453613,0.0
NNI,2009-01-07 19:00:00-05:00,14.640000343322754,14.770000457763672,14.25,14.430000305175781,221500,11.304281234741211,0.0
NNI,2009-01-08 19:00:00-05:00,14.539999961853027,14.539999961853027,13.720000267028809,13.880000114440918,228000,10.87342357635498,0.0
NNI,2009-01-11 19:00:00-05:00,13.859999656677246,14.380000114440918,13.550000190734863,13.739999771118164,231500,10.763749122619629,0.0
NNI,2009-01-12 19:00:00-05:00,13.859999656677246,13.859999656677246,13.199999809265137,13.479999542236328,300400,10.560065269470215,0.0
NNI,2009-01-13 19:00:00-05:00,12.920000076293945,13.34000015258789,12.5600004196167,12.979999542236328,187800,10.168368339538574,0.0
NNI,2009-01-14 19:00:00-05:00,12.960000038146973,13.649999618530273,12.279999732971191,13.329999923706055,211100,10.442558288574219,0.0
NNI,2009-01-15 19:00:00-05:00,13.529999732971191,13.84000015258789,12.699999809265137,13.430000305175781,225100,10.520894050598145,0.0
NNI,2009-01-19 19:00:00-05:00,13.229999542236328,13.460000038146973,12.140000343322754,12.1899995803833,145000,9.549493789672852,0.0
NNI,2009-01-20 19:00:00-05:00,12.510000228881836,13.920000076293945,12.239999771118164,13.760000228881836,280300,10.779414176940918,0.0
NNI,2009-01-21 19:00:00-05:00,13.369999885559082,13.970000267028809,12.859999656677246,13.170000076293945,199100,10.317216873168945,0.0
NNI,2009-01-22 19:00:00-05:00,12.90999984741211,13.859999656677246,12.670000076293945,13.59000015258789,169000,10.646236419677734,0.0
NNI,2009-01-25 19:00:00-05:00,13.6899995803833,14.619999885559082,13.470000267028809,13.829999923706055,145300,10.834251403808594,0.0
NNI,2009-01-26 19:00:00-05:00,13.859999656677246,14.329999923706055,13.359999656677246,13.619999885559082,121300,10.669737815856934,0.0
NNI,2009-01-27 19:00:00-05:00,13.979999542236328,14.489999771118164,13.970000267028809,14.4399995803833,231400,11.312115669250488,0.0
NNI,2009-01-28 19:00:00-05:00,14.270000457763672,14.40999984741211,14.100000381469727,14.119999885559082,211900,11.061432838439941,0.0
NNI,2009-01-29 19:00:00-05:00,14.279999732971191,14.6899995803833,13.539999961853027,13.819999694824219,277600,10.82641887664795,0.0
NNI,2009-02-01 19:00:00-05:00,13.619999885559082,15.0,13.430000305175781,14.869999885559082,287800,11.648975372314453,0.0
NNI,2009-02-02 19:00:00-05:00,15.0,15.239999771118164,14.100000381469727,14.140000343322754,258800,11.077103614807129,0.0
NNI,2009-02-03 19:00:00-05:00,14.149999618530273,14.390000343322754,12.880000114440918,13.069999694824219,359100,10.238875389099121,0.0
NNI,2009-02-04 19:00:00-05:00,13.0,13.119999885559082,12.09000015258789,12.180000305175781,426200,9.54166316986084,0.0
NNI,2009-02-05 19:00:00-05:00,12.199999809265137,12.5,12.029999732971191,12.229999542236328,283400,9.580829620361328,0.0
NNI,2009-02-08 19:00:00-05:00,12.229999542236328,12.3100004196167,11.739999771118164,11.859999656677246,257500,9.29097843170166,0.0
NNI,2009-02-09 19:00:00-05:00,11.8100004196167,12.34000015258789,11.630000114440918,11.819999694824219,498900,9.2596435546875,0.0
NNI,2009-02-10 19:00:00-05:00,11.899999618530273,12.100000381469727,11.59000015258789,11.819999694824219,300100,9.2596435546875,0.0
NNI,2009-02-11 19:00:00-05:00,11.550000190734863,11.739999771118164,10.970000267028809,11.619999885559082,296200,9.102961540222168,0.0
NNI,2009-02-12 19:00:00-05:00,11.5,12.100000381469727,11.15999984741211,11.229999542236328,457300,8.797439575195312,0.0
NNI,2009-02-16 19:00:00-05:00,10.770000457763672,11.050000190734863,10.550000190734863,10.729999542236328,266300,8.40574836730957,0.0
NNI,2009-02-17 19:00:00-05:00,10.850000381469727,11.140000343322754,10.609999656677246,10.880000114440918,188500,8.52325439453125,0.0
NNI,2009-02-18 19:00:00-05:00,11.039999961853027,11.270000457763672,10.260000228881836,10.390000343322754,193600,8.139399528503418,0.0
NNI,2009-02-19 19:00:00-05:00,10.140000343322754,10.600000381469727,9.979999542236328,10.430000305175781,201900,8.170732498168945,0.0
NNI,2009-02-22 19:00:00-05:00,10.539999961853027,11.100000381469727,10.420000076293945,10.619999885559082,278200,8.319576263427734,0.0
NNI,2009-02-23 19:00:00-05:00,10.859999656677246,11.5,10.600000381469727,11.239999771118164,341600,8.80527400970459,0.0
NNI,2009-02-24 19:00:00-05:00,11.079999923706055,11.359999656677246,10.470000267028809,10.739999771118164,210900,8.413582801818848,0.0
NNI,2009-02-25 19:00:00-05:00,10.90999984741211,10.979999542236328,4.5,4.909999847412109,3768500,3.846433162689209,0.0
NNI,2009-02-26 19:00:00-05:00,4.510000228881836,5.329999923706055,4.119999885559082,5.099999904632568,1014300,3.9952774047851562,0.0
NNI,2009-03-01 19:00:00-05:00,4.989999771118164,5.0,4.059999942779541,4.25,709200,3.3293979167938232,0.0
NNI,2009-03-02 19:00:00-05:00,4.25,5.199999809265137,4.25,4.650000095367432,698400,3.6427526473999023,0.0
NNI,2009-03-03 19:00:00-05:00,4.760000228881836,5.230000019073486,4.650000095367432,5.230000019073486,538900,4.0971174240112305,0.0
NNI,2009-03-04 19:00:00-05:00,5.03000020980835,5.170000076293945,4.53000020980835,4.739999771118164,420200,3.713256597518921,0.0
NNI,2009-03-05 19:00:00-05:00,4.800000190734863,4.96999979019165,4.489999771118164,4.75,370100,3.7210910320281982,0.0
NNI,2009-03-08 20:00:00-04:00,4.769999980926514,5.019999980926514,4.699999809265137,4.909999847412109,247700,3.846433162689209,0.0
NNI,2009-03-09 20:00:00-04:00,5.03000020980835,5.440000057220459,4.909999847412109,5.429999828338623,627800,4.253793239593506,0.0
NNI,2009-03-10 20:00:00-04:00,5.760000228881836,6.079999923706055,5.5,5.96999979019165,378200,4.676823616027832,0.0
NNI,2009-03-11 20:00:00-04:00,5.949999809265137,7.309999942779541,5.869999885559082,7.309999942779541,351700,5.726563930511475,0.0
NNI,2009-03-12 20:00:00-04:00,7.340000152587891,7.440000057220459,6.699999809265137,7.019999980926514,271400,5.4993815422058105,0.0
NNI,2009-03-15 20:00:00-04:00,7.03000020980835,7.710000038146973,7.03000020980835,7.170000076293945,303500,5.616889476776123,0.0
NNI,2009-03-16 20:00:00-04:00,7.199999809265137,7.590000152587891,7.099999904632568,7.550000190734863,200300,5.914577007293701,0.0
NNI,2009-03-17 20:00:00-04:00,7.480000019073486,8.430000305175781,7.320000171661377,8.329999923706055,194300,6.525619983673096,0.0
NNI,2009-03-18 20:00:00-04:00,8.520000457763672,8.600000381469727,8.100000381469727,8.270000457763672,233800,6.478615760803223,0.0
NNI,2009-03-19 20:00:00-04:00,8.289999961853027,8.329999923706055,7.909999847412109,8.130000114440918,280400,6.3689398765563965,0.0
NNI,2009-03-22 20:00:00-04:00,8.25,9.050000190734863,8.020000457763672,9.050000190734863,196700,7.08966064453125,0.0
NNI,2009-03-23 20:00:00-04:00,8.729999542236328,8.850000381469727,7.940000057220459,8.380000114440918,383900,6.564789772033691,0.0
NNI,2009-03-24 20:00:00-04:00,8.529999732971191,9.59000015258789,7.889999866485596,8.600000381469727,454000,6.737133979797363,0.0
NNI,2009-03-25 20:00:00-04:00,8.760000228881836,9.600000381469727,8.449999809265137,9.449999809265137,342100,7.403013706207275,0.0
NNI,2009-03-26 20:00:00-04:00,8.989999771118164,9.180000305175781,8.720000267028809,8.869999885559082,165000,6.948649883270264,0.0
NNI,2009-03-29 20:00:00-04:00,8.470000267028809,8.539999961853027,8.039999961853027,8.5,182000,6.6587958335876465,0.0
NNI,2009-03-30 20:00:00-04:00,8.550000190734863,8.960000038146973,8.229999542236328,8.84000015258789,243700,6.925145626068115,0.0
NNI,2009-03-31 20:00:00-04:00,8.520000457763672,9.0,8.350000381469727,8.630000114440918,263900,6.760633945465088,0.0
NNI,2009-04-01 20:00:00-04:00,9.130000114440918,10.0600004196167,9.130000114440918,9.369999885559082,344900,7.340342998504639,0.0
NNI,2009-04-02 20:00:00-04:00,9.380000114440918,9.9399995803833,9.220000267028809,9.869999885559082,165800,7.732036590576172,0.0
NNI,2009-04-05 20:00:00-04:00,9.520000457763672,9.880000114440918,9.0,9.760000228881836,264300,7.6458635330200195,0.0
NNI,2009-04-06 20:00:00-04:00,9.630000114440918,9.989999771118164,9.489999771118164,9.619999885559082,195600,7.536191463470459,0.0
NNI,2009-04-07 20:00:00-04:00,9.739999771118164,9.9399995803833,9.319999694824219,9.899999618530273,173300,7.7555365562438965,0.0
NNI,2009-04-08 20:00:00-04:00,10.970000267028809,10.970000267028809,9.760000228881836,10.0,295900,7.833878040313721,0.0
NNI,2009-04-12 20:00:00-04:00,9.850000381469727,10.109999656677246,9.479999542236328,9.970000267028809,314100,7.810372829437256,0.0
NNI,2009-04-13 20:00:00-04:00,9.770000457763672,10.0,9.300000190734863,9.75,204900,7.638029098510742,0.0
NNI,2009-04-14 20:00:00-04:00,9.5600004196167,10.0,9.300000190734863,10.0,229600,7.833878040313721,0.0
NNI,2009-04-15 20:00:00-04:00,9.949999809265137,10.0,9.220000267028809,9.25,486900,7.246336936950684,0.0
NNI,2009-04-16 20:00:00-04:00,9.270000457763672,9.329999923706055,7.800000190734863,8.010000228881836,688400,6.274935722351074,0.0
NNI,2009-04-19 20:00:00-04:00,8.0,8.079999923706055,6.940000057220459,7.0,570900,5.483712196350098,0.0
NNI,2009-04-20 20:00:00-04:00,6.980000019073486,7.039999961853027,6.409999847412109,6.539999961853027,510600,5.123354434967041,0.0
NNI,2009-04-21 20:00:00-04:00,6.699999809265137,7.380000114440918,6.03000020980835,6.130000114440918,597500,4.802165985107422,0.0
NNI,2009-04-22 20:00:00-04:00,6.150000095367432,6.349999904632568,5.829999923706055,5.96999979019165,625400,4.676823616027832,0.0
NNI,2009-04-23 20:00:00-04:00,5.96999979019165,6.25,5.5,6.03000020980835,549500,4.723826885223389,0.0
NNI,2009-04-26 20:00:00-04:00,6.110000133514404,6.150000095367432,5.400000095367432,5.630000114440918,246700,4.410472393035889,0.0
NNI,2009-04-27 20:00:00-04:00,5.360000133514404,5.690000057220459,5.300000190734863,5.510000228881836,216600,4.316466331481934,0.0
NNI,2009-04-28 20:00:00-04:00,5.519999980926514,6.150000095367432,5.519999980926514,5.739999771118164,482800,4.496642589569092,0.0
NNI,2009-04-29 20:00:00-04:00,6.039999961853027,6.849999904632568,5.949999809265137,6.03000020980835,676500,4.723826885223389,0.0
NNI,2009-04-30 20:00:00-04:00,6.050000190734863,6.289999961853027,5.519999980926514,6.099999904632568,303600,4.778664588928223,0.0
NNI,2009-05-03 20:00:00-04:00,6.320000171661377,6.320000171661377,5.800000190734863,6.239999771118164,276300,4.888336181640625,0.0
NNI,2009-05-04 20:00:00-04:00,6.170000076293945,6.360000133514404,6.070000171661377,6.230000019073486,327700,4.880503177642822,0.0
NNI,2009-05-05 20:00:00-04:00,6.21999979019165,6.28000020980835,5.960000038146973,6.139999866485596,255300,4.810000896453857,0.0
NNI,2009-05-06 20:00:00-04:00,5.889999866485596,6.119999885559082,5.670000076293945,5.96999979019165,286400,4.676823616027832,0.0
NNI,2009-05-07 20:00:00-04:00,6.070000171661377,6.800000190734863,6.0,6.710000038146973,263000,5.256529808044434,0.0
NNI,2009-05-10 20:00:00-04:00,6.550000190734863,6.550000190734863,6.239999771118164,6.5,274200,5.0920209884643555,0.0
NNI,2009-05-11 20:00:00-04:00,7.71999979019165,8.479999542236328,7.210000038146973,8.079999923706055,866800,6.329772472381592,0.0
NNI,2009-05-12 20:00:00-04:00,7.920000076293945,8.09000015258789,7.5,7.610000133514404,421400,5.961578845977783,0.0
NNI,2009-05-13 20:00:00-04:00,7.949999809265137,8.1899995803833,7.320000171661377,8.010000228881836,436400,6.274935722351074,0.0
NNI,2009-05-14 20:00:00-04:00,8.15999984741211,8.4399995803833,8.029999732971191,8.199999809265137,308800,6.423778533935547,0.0
NNI,2009-05-17 20:00:00-04:00,8.430000305175781,8.859999656677246,8.15999984741211,8.760000228881836,296000,6.862473964691162,0.0
NNI,2009-05-18 20:00:00-04:00,8.710000038146973,9.430000305175781,8.529999732971191,8.720000267028809,354100,6.831139087677002,0.0
NNI,2009-05-19 20:00:00-04:00,8.850000381469727,9.25,8.770000457763672,8.819999694824219,294700,6.909477233886719,0.0
NNI,2009-05-20 20:00:00-04:00,8.649999618530273,8.890000343322754,8.449999809265137,8.850000381469727,152200,6.932980060577393,0.0
NNI,2009-05-21 20:00:00-04:00,8.899999618530273,8.949999809265137,8.039999961853027,8.329999923706055,197900,6.525619983673096,0.0
NNI,2009-05-25 20:00:00-04:00,8.199999809265137,8.710000038146973,8.15999984741211,8.640000343322754,187400,6.768468379974365,0.0
NNI,2009-05-26 20:00:00-04:00,8.609999656677246,8.680000305175781,8.180000305175781,8.279999732971191,135800,6.486449241638184,0.0
NNI,2009-05-27 20:00:00-04:00,8.390000343322754,8.8100004196167,8.100000381469727,8.510000228881836,206800,6.666627407073975,0.0
NNI,2009-05-28 20:00:00-04:00,8.5,8.569999694824219,7.96999979019165,8.460000038146973,309900,6.6274590492248535,0.0
NNI,2009-05-31 20:00:00-04:00,8.539999961853027,8.649999618530273,7.670000076293945,7.920000076293945,331500,6.204428672790527,0.0
NNI,2009-06-01 20:00:00-04:00,7.889999866485596,8.470000267028809,7.75,8.300000190734863,523600,6.50211763381958,0.0
NNI,2009-06-02 20:00:00-04:00,8.319999694824219,8.329999923706055,7.630000114440918,7.980000019073486,207900,6.251431941986084,0.0
NNI,2009-06-03 20:00:00-04:00,8.0600004196167,8.489999771118164,7.840000152587891,8.350000381469727,182400,6.541287899017334,0.0
NNI,2009-06-04 20:00:00-04:00,8.479999542236328,8.539999961853027,8.079999923706055,8.279999732971191,142800,6.486449241638184,0.0
NNI,2009-06-07 20:00:00-04:00,8.300000190734863,8.930000305175781,7.960000038146973,8.609999656677246,260700,6.74496603012085,0.0
NNI,2009-06-08 20:00:00-04:00,8.630000114440918,8.699999809265137,8.380000114440918,8.449999809265137,105500,6.619626522064209,0.0
NNI,2009-06-09 20:00:00-04:00,8.550000190734863,8.550000190734863,8.100000381469727,8.329999923706055,124400,6.525619983673096,0.0
NNI,2009-06-10 20:00:00-04:00,8.34000015258789,8.9399995803833,8.130000114440918,8.399999618530273,176000,6.5804572105407715,0.0
NNI,2009-06-11 20:00:00-04:00,8.359999656677246,8.729999542236328,8.319999694824219,8.609999656677246,163900,6.74496603012085,0.0
NNI,2009-06-14 20:00:00-04:00,8.640000343322754,8.640000343322754,8.0600004196167,8.109999656677246,157400,6.353272914886475,0.0
NNI,2009-06-15 20:00:00-04:00,8.09000015258789,8.109999656677246,7.630000114440918,7.840000152587891,205700,6.141758441925049,0.0
NNI,2009-06-16 20:00:00-04:00,7.869999885559082,8.289999961853027,7.539999961853027,8.140000343322754,223200,6.37677526473999,0.0
NNI,2009-06-17 20:00:00-04:00,8.850000381469727,10.859999656677246,8.819999694824219,10.760000228881836,1460100,8.429248809814453,0.0
NNI,2009-06-18 20:00:00-04:00,10.890000343322754,11.9399995803833,10.739999771118164,11.529999732971191,788700,9.03245735168457,0.0
NNI,2009-06-21 20:00:00-04:00,11.359999656677246,11.6899995803833,10.600000381469727,11.100000381469727,351000,8.695601463317871,0.0
NNI,2009-06-22 20:00:00-04:00,11.180000305175781,11.229999542236328,10.899999618530273,10.979999542236328,205200,8.60159683227539,0.0
NNI,2009-06-23 20:00:00-04:00,11.140000343322754,11.4399995803833,10.930000305175781,11.079999923706055,128800,8.679931640625,0.0
NNI,2009-06-24 20:00:00-04:00,10.960000038146973,12.0,10.739999771118164,12.0,452300,9.400652885437012,0.0
NNI,2009-06-25 20:00:00-04:00,11.779999732971191,12.390000343322754,11.630000114440918,12.300000190734863,609300,9.63567066192627,0.0
NNI,2009-06-28 20:00:00-04:00,12.430000305175781,13.880000114440918,12.430000305175781,13.609999656677246,579400,10.661907196044922,0.0
NNI,2009-06-29 20:00:00-04:00,13.670000076293945,13.9399995803833,13.34000015258789,13.59000015258789,291400,10.646236419677734,0.0
NNI,2009-06-30 20:00:00-04:00,13.470000267028809,13.890000343322754,13.239999771118164,13.630000114440918,244400,10.677572250366211,0.0
NNI,2009-07-01 20:00:00-04:00,13.25,14.109999656677246,12.979999542236328,13.869999885559082,300600,10.865586280822754,0.0
NNI,2009-07-05 20:00:00-04:00,13.550000190734863,14.0,12.670000076293945,13.569999694824219,332300,10.630570411682129,0.0
NNI,2009-07-06 20:00:00-04:00,13.6899995803833,13.84000015258789,12.949999809265137,13.020000457763672,199400,10.199705123901367,0.0
NNI,2009-07-07 20:00:00-04:00,13.069999694824219,13.239999771118164,12.119999885559082,12.489999771118164,154000,9.784506797790527,0.0
NNI,2009-07-08 20:00:00-04:00,12.640000343322754,12.880000114440918,12.399999618530273,12.539999961853027,136600,9.823678970336914,0.0
NNI,2009-07-09 20:00:00-04:00,12.4399995803833,12.930000305175781,12.4399995803833,12.739999771118164,88400,9.980359077453613,0.0
NNI,2009-07-12 20:00:00-04:00,12.850000381469727,13.619999885559082,12.649999618530273,13.539999961853027,211200,10.607068061828613,0.0
NNI,2009-07-13 20:00:00-04:00,13.420000076293945,13.670000076293945,12.899999618530273,13.579999923706055,165100,10.638400077819824,0.0
NNI,2009-07-14 20:00:00-04:00,13.720000267028809,14.180000305175781,13.100000381469727,14.100000381469727,690600,11.045767784118652,0.0
NNI,2009-07-15 20:00:00-04:00,13.930000305175781,14.789999961853027,13.880000114440918,14.670000076293945,142900,11.492295265197754,0.0
NNI,2009-07-16 20:00:00-04:00,14.09000015258789,14.420000076293945,13.8100004196167,14.279999732971191,242200,11.186776161193848,0.0
NNI,2009-07-19 20:00:00-04:00,14.34000015258789,14.600000381469727,14.010000228881836,14.420000076293945,172100,11.2964506149292,0.0
NNI,2009-07-20 20:00:00-04:00,14.479999542236328,14.619999885559082,13.899999618530273,14.5,145000,11.359119415283203,0.0
NNI,2009-07-21 20:00:00-04:00,14.420000076293945,14.989999771118164,14.420000076293945,14.819999694824219,232500,11.609804153442383,0.0
NNI,2009-07-22 20:00:00-04:00,14.75,15.220000267028809,14.460000038146973,14.979999542236328,613700,11.735145568847656,0.0
NNI,2009-07-23 20:00:00-04:00,14.859999656677246,14.859999656677246,14.09000015258789,14.670000076293945,173900,11.492295265197754,0.0
NNI,2009-07-26 20:00:00-04:00,14.5600004196167,14.84000015258789,14.300000190734863,14.630000114440918,131500,11.460962295532227,0.0
NNI,2009-07-27 20:00:00-04:00,14.4399995803833,14.640000343322754,13.850000381469727,14.5,228600,11.359119415283203,0.0
NNI,2009-07-28 20:00:00-04:00,14.119999885559082,14.699999809265137,14.0,14.279999732971191,205700,11.186776161193848,0.0
NNI,2009-07-29 20:00:00-04:00,14.4399995803833,14.869999885559082,14.369999885559082,14.65999984741211,232900,11.48445987701416,0.0
NNI,2009-07-30 20:00:00-04:00,14.619999885559082,14.920000076293945,14.279999732971191,14.289999961853027,184200,11.194607734680176,0.0
NNI,2009-08-02 20:00:00-04:00,14.510000228881836,15.369999885559082,14.210000038146973,15.199999809265137,331100,11.907489776611328,0.0
NNI,2009-08-03 20:00:00-04:00,15.15999984741211,15.40999984741211,14.640000343322754,15.140000343322754,350200,11.860489845275879,0.0
NNI,2009-08-04 20:00:00-04:00,15.079999923706055,15.260000228881836,14.25,14.520000457763672,347900,11.374787330627441,0.0
NNI,2009-08-05 20:00:00-04:00,14.649999618530273,14.779999732971191,13.869999885559082,14.100000381469727,485000,11.045767784118652,0.0
NNI,2009-08-06 20:00:00-04:00,14.420000076293945,14.720000267028809,14.029999732971191,14.390000343322754,260600,11.272948265075684,0.0
NNI,2009-08-09 20:00:00-04:00,14.3100004196167,14.819999694824219,14.25,14.770000457763672,196200,11.570636749267578,0.0
NNI,2009-08-10 20:00:00-04:00,14.479999542236328,14.699999809265137,13.829999923706055,14.260000228881836,402700,11.17110824584961,0.0
NNI,2009-08-11 20:00:00-04:00,14.449999809265137,14.520000457763672,14.180000305175781,14.25,148200,11.163272857666016,0.0
NNI,2009-08-12 20:00:00-04:00,14.529999732971191,14.600000381469727,14.029999732971191,14.1899995803833,153900,11.11627197265625,0.0
NNI,2009-08-13 20:00:00-04:00,14.119999885559082,14.350000381469727,13.920000076293945,14.180000305175781,159900,11.10843563079834,0.0
NNI,2009-08-16 20:00:00-04:00,13.850000381469727,14.100000381469727,13.800000190734863,13.90999984741211,195400,10.896923065185547,0.0
NNI,2009-08-17 20:00:00-04:00,14.0,14.180000305175781,13.90999984741211,14.100000381469727,190300,11.045767784118652,0.0
NNI,2009-08-18 20:00:00-04:00,13.899999618530273,14.34000015258789,13.819999694824219,14.300000190734863,330800,11.202445030212402,0.0
NNI,2009-08-19 20:00:00-04:00,14.3100004196167,14.859999656677246,14.1899995803833,14.789999961853027,311100,11.58630084991455,0.0
NNI,2009-08-20 20:00:00-04:00,14.949999809265137,15.029999732971191,14.510000228881836,14.670000076293945,286700,11.492295265197754,0.0
NNI,2009-08-23 20:00:00-04:00,14.760000228881836,15.239999771118164,14.670000076293945,14.760000228881836,183100,11.562800407409668,0.0
NNI,2009-08-24 20:00:00-04:00,14.920000076293945,15.539999961853027,14.760000228881836,15.270000457763672,251000,11.962329864501953,0.0
NNI,2009-08-25 20:00:00-04:00,15.199999809265137,15.460000038146973,14.970000267028809,15.40999984741211,132000,12.072002410888672,0.0
NNI,2009-08-26 20:00:00-04:00,15.5,15.5,14.84000015258789,15.149999618530273,106300,11.868321418762207,0.0
NNI,2009-08-27 20:00:00-04:00,15.479999542236328,15.489999771118164,14.649999618530273,14.949999809265137,87500,11.711641311645508,0.0
NNI,2009-08-30 20:00:00-04:00,14.8100004196167,14.9399995803833,14.25,14.760000228881836,155100,11.562800407409668,0.0
NNI,2009-08-31 20:00:00-04:00,14.5600004196167,14.579999923706055,13.550000190734863,13.729999542236328,378900,10.755912780761719,0.0
NNI,2009-09-01 20:00:00-04:00,13.640000343322754,13.6899995803833,12.899999618530273,13.069999694824219,415500,10.238875389099121,0.0
NNI,2009-09-02 20:00:00-04:00,13.09000015258789,13.210000038146973,12.75,13.050000190734863,165300,10.22320556640625,0.0
NNI,2009-09-03 20:00:00-04:00,13.050000190734863,13.329999923706055,12.899999618530273,13.15999984741211,151900,10.309380531311035,0.0
NNI,2009-09-07 20:00:00-04:00,13.350000381469727,13.619999885559082,13.180000305175781,13.4399995803833,152600,10.528729438781738,0.0
NNI,2009-09-08 20:00:00-04:00,13.5,14.430000305175781,13.5,14.130000114440918,186200,11.06926155090332,0.0
NNI,2009-09-09 20:00:00-04:00,14.069999694824219,14.369999885559082,13.800000190734863,14.3100004196167,99300,11.210278511047363,0.0
NNI,2009-09-10 20:00:00-04:00,14.369999885559082,14.720000267028809,14.260000228881836,14.460000038146973,105500,11.32778549194336,0.0
NNI,2009-09-13 20:00:00-04:00,14.270000457763672,14.489999771118164,13.930000305175781,14.460000038146973,206900,11.32778549194336,0.0
NNI,2009-09-14 20:00:00-04:00,14.380000114440918,14.800000190734863,14.239999771118164,14.5600004196167,161900,11.406123161315918,0.0
NNI,2009-09-15 20:00:00-04:00,14.449999809265137,14.859999656677246,14.260000228881836,14.6899995803833,124900,11.50796127319336,0.0
NNI,2009-09-16 20:00:00-04:00,14.5600004196167,14.600000381469727,13.8100004196167,14.260000228881836,288900,11.17110824584961,0.0
NNI,2009-09-17 20:00:00-04:00,14.319999694824219,14.319999694824219,14.0,14.1899995803833,164200,11.11627197265625,0.0
NNI,2009-09-20 20:00:00-04:00,13.970000267028809,13.989999771118164,13.430000305175781,13.789999961853027,92700,10.802912712097168,0.0
NNI,2009-09-21 20:00:00-04:00,13.850000381469727,13.850000381469727,13.25,13.680000305175781,550000,10.716742515563965,0.0
NNI,2009-09-22 20:00:00-04:00,13.670000076293945,13.90999984741211,13.390000343322754,13.479999542236328,243500,10.560065269470215,0.0
NNI,2009-09-23 20:00:00-04:00,13.5,13.609999656677246,12.550000190734863,12.770000457763672,218300,10.00385856628418,0.0
NNI,2009-09-24 20:00:00-04:00,12.760000228881836,13.020000457763672,12.550000190734863,12.760000228881836,197800,9.996024131774902,0.0
NNI,2009-09-27 20:00:00-04:00,12.920000076293945,13.130000114440918,12.739999771118164,13.130000114440918,204200,10.285879135131836,0.0
NNI,2009-09-28 20:00:00-04:00,13.149999618530273,13.680000305175781,13.140000343322754,13.220000267028809,133000,10.356382369995117,0.0
NNI,2009-09-29 20:00:00-04:00,12.470000267028809,12.84000015258789,12.039999961853027,12.4399995803833,301200,9.745342254638672,0.0
NNI,2009-09-30 20:00:00-04:00,12.300000190734863,12.380000114440918,12.109999656677246,12.149999618530273,164600,9.518158912658691,0.0
NNI,2009-10-01 20:00:00-04:00,12.0600004196167,12.609999656677246,11.770000457763672,12.390000343322754,202900,9.706170082092285,0.0
NNI,2009-10-04 20:00:00-04:00,12.380000114440918,12.859999656677246,12.319999694824219,12.800000190734863,112600,10.027364730834961,0.0
NNI,2009-10-05 20:00:00-04:00,12.9399995803833,13.260000228881836,12.819999694824219,13.199999809265137,126500,10.340716361999512,0.0
NNI,2009-10-06 20:00:00-04:00,13.069999694824219,13.550000190734863,13.010000228881836,13.550000190734863,125300,10.61490249633789,0.0
NNI,2009-10-07 20:00:00-04:00,13.609999656677246,14.229999542236328,13.40999984741211,13.710000038146973,149800,10.740245819091797,0.0
NNI,2009-10-08 20:00:00-04:00,13.65999984741211,13.850000381469727,13.380000114440918,13.789999961853027,90500,10.802912712097168,0.0
NNI,2009-10-11 20:00:00-04:00,13.760000228881836,13.979999542236328,13.34000015258789,13.430000305175781,118900,10.520894050598145,0.0
NNI,2009-10-12 20:00:00-04:00,13.449999809265137,13.479999542236328,12.890000343322754,13.239999771118164,125000,10.372049331665039,0.0
NNI,2009-10-13 20:00:00-04:00,13.420000076293945,13.800000190734863,13.40999984741211,13.75,80100,10.771581649780273,0.0
NNI,2009-10-14 20:00:00-04:00,13.59000015258789,13.739999771118164,13.329999923706055,13.630000114440918,61300,10.677572250366211,0.0
NNI,2009-10-15 20:00:00-04:00,13.460000038146973,13.640000343322754,13.239999771118164,13.4399995803833,121000,10.528729438781738,0.0
NNI,2009-10-18 20:00:00-04:00,13.520000457763672,13.680000305175781,13.319999694824219,13.510000228881836,88000,10.583564758300781,0.0
NNI,2009-10-19 20:00:00-04:00,13.449999809265137,13.670000076293945,13.34000015258789,13.399999618530273,155900,10.497391700744629,0.0
NNI,2009-10-20 20:00:00-04:00,13.649999618530273,14.329999923706055,13.520000457763672,13.59000015258789,369200,10.646236419677734,0.0
NNI,2009-10-21 20:00:00-04:00,13.5600004196167,14.380000114440918,13.470000267028809,14.270000457763672,161600,11.178939819335938,0.0
NNI,2009-10-22 20:00:00-04:00,14.369999885559082,14.460000038146973,13.890000343322754,14.109999656677246,172400,11.053597450256348,0.0
NNI,2009-10-25 20:00:00-04:00,14.100000381469727,14.829999923706055,13.800000190734863,14.579999923706055,238100,11.421792030334473,0.0
NNI,2009-10-26 20:00:00-04:00,14.630000114440918,14.979999542236328,14.5,14.649999618530273,179900,11.476627349853516,0.0
NNI,2009-10-27 20:00:00-04:00,14.529999732971191,14.569999694824219,14.09000015258789,14.260000228881836,173000,11.17110824584961,0.0
NNI,2009-10-28 20:00:00-04:00,14.390000343322754,14.609999656677246,14.119999885559082,14.470000267028809,92700,11.335619926452637,0.0
NNI,2009-10-29 20:00:00-04:00,14.319999694824219,14.319999694824219,13.949999809265137,14.029999732971191,147400,10.990926742553711,0.0
NNI,2009-11-01 19:00:00-05:00,14.09000015258789,14.399999618530273,13.489999771118164,13.9399995803833,115400,10.920425415039062,0.0
NNI,2009-11-02 19:00:00-05:00,13.850000381469727,14.640000343322754,13.5,14.470000267028809,113000,11.335619926452637,0.0
NNI,2009-11-03 19:00:00-05:00,14.609999656677246,14.609999656677246,13.760000228881836,13.800000190734863,120500,10.810749053955078,0.0
NNI,2009-11-04 19:00:00-05:00,13.90999984741211,14.59000015258789,13.779999732971191,14.539999961853027,98300,11.39045524597168,0.0
NNI,2009-11-05 19:00:00-05:00,14.300000190734863,14.819999694824219,14.270000457763672,14.609999656677246,79600,11.445293426513672,0.0
NNI,2009-11-08 19:00:00-05:00,15.020000457763672,15.640000343322754,14.760000228881836,15.640000343322754,383400,12.252181053161621,0.0
NNI,2009-11-09 19:00:00-05:00,15.5600004196167,16.360000610351562,15.449999809265137,15.569999694824219,260200,12.197342872619629,0.0
NNI,2009-11-10 19:00:00-05:00,15.779999732971191,16.1299991607666,15.5,15.90999984741211,138100,12.463695526123047,0.0
NNI,2009-11-11 19:00:00-05:00,15.869999885559082,16.1299991607666,15.600000381469727,16.09000015258789,135400,12.604704856872559,0.0
NNI,2009-11-12 19:00:00-05:00,16.110000610351562,16.280000686645508,15.829999923706055,16.100000381469727,133300,12.612544059753418,0.0
NNI,2009-11-15 19:00:00-05:00,16.100000381469727,16.950000762939453,16.100000381469727,16.889999389648438,290900,13.231415748596191,0.0
NNI,2009-11-16 19:00:00-05:00,16.899999618530273,17.270000457763672,16.760000228881836,17.049999237060547,192900,13.356759071350098,0.0
NNI,2009-11-17 19:00:00-05:00,17.270000457763672,18.1200008392334,16.979999542236328,17.600000381469727,449200,13.787620544433594,0.0
NNI,2009-11-18 19:00:00-05:00,17.469999313354492,17.790000915527344,16.84000015258789,17.420000076293945,224600,13.64660930633545,0.0
NNI,2009-11-19 19:00:00-05:00,17.25,17.700000762939453,17.149999618530273,17.6200008392334,227900,13.803289413452148,0.0
NNI,2009-11-22 19:00:00-05:00,17.979999542236328,18.40999984741211,17.510000228881836,17.709999084472656,218500,13.873791694641113,0.0
NNI,2009-11-23 19:00:00-05:00,17.670000076293945,17.670000076293945,16.8799991607666,17.59000015258789,118900,13.779791831970215,0.0
NNI,2009-11-24 19:00:00-05:00,17.639999389648438,17.899999618530273,17.299999237060547,17.459999084472656,144500,13.677943229675293,0.0
NNI,2009-11-26 19:00:00-05:00,16.889999389648438,17.459999084472656,16.809999465942383,16.899999618530273,53500,13.292545318603516,0.07
NNI,2009-11-29 19:00:00-05:00,16.81999969482422,17.399999618530273,16.540000915527344,17.3700008392334,155600,13.662214279174805,0.0
NNI,2009-11-30 19:00:00-05:00,17.68000030517578,17.989999771118164,17.530000686645508,17.760000228881836,149600,13.968962669372559,0.0
NNI,2009-12-01 19:00:00-05:00,17.690000534057617,18.15999984741211,17.530000686645508,17.780000686645508,110600,13.984698295593262,0.0
NNI,2009-12-02 19:00:00-05:00,17.950000762939453,18.020000457763672,17.280000686645508,17.399999618530273,152300,13.685811042785645,0.0
NNI,2009-12-03 19:00:00-05:00,17.75,18.34000015258789,17.540000915527344,17.75,182400,13.961100578308105,0.0
NNI,2009-12-06 19:00:00-05:00,17.90999984741211,17.90999984741211,16.670000076293945,17.260000228881836,356100,13.575698852539062,0.0
NNI,2009-12-07 19:00:00-05:00,16.90999984741211,17.399999618530273,16.610000610351562,16.84000015258789,201700,13.245352745056152,0.0
NNI,2009-12-08 19:00:00-05:00,16.809999465942383,17.829999923706055,16.770000457763672,17.600000381469727,229600,13.843121528625488,0.0
NNI,2009-12-09 19:00:00-05:00,17.6299991607666,18.040000915527344,17.540000915527344,17.75,144200,13.961100578308105,0.0
NNI,2009-12-10 19:00:00-05:00,17.670000076293945,17.760000228881836,17.100000381469727,17.389999389648438,99800,13.677946090698242,0.0
NNI,2009-12-13 19:00:00-05:00,17.350000381469727,17.950000762939453,17.09000015258789,17.780000686645508,102200,13.984698295593262,0.0
NNI,2009-12-14 19:00:00-05:00,17.780000686645508,17.780000686645508,17.25,17.530000686645508,130500,13.788060188293457,0.0
NNI,2009-12-15 19:00:00-05:00,17.59000015258789,17.8700008392334,17.329999923706055,17.479999542236328,88300,13.748738288879395,0.0
NNI,2009-12-16 19:00:00-05:00,17.290000915527344,17.68000030517578,17.149999618530273,17.350000381469727,147100,13.64648723602295,0.0
NNI,2009-12-17 19:00:00-05:00,17.540000915527344,17.690000534057617,17.149999618530273,17.520000457763672,219500,13.780196189880371,0.0
NNI,2009-12-20 19:00:00-05:00,17.780000686645508,17.920000076293945,17.479999542236328,17.780000686645508,93000,13.984698295593262,0.0
NNI,2009-12-21 19:00:00-05:00,17.899999618530273,17.899999618530273,17.190000534057617,17.579999923706055,117800,13.827387809753418,0.0
NNI,2009-12-22 19:00:00-05:00,17.649999618530273,17.899999618530273,17.420000076293945,17.540000915527344,92300,13.795928001403809,0.0
NNI,2009-12-23 19:00:00-05:00,17.649999618530273,17.790000915527344,17.579999923706055,17.600000381469727,13900,13.843121528625488,0.0
NNI,2009-12-27 19:00:00-05:00,17.6200008392334,17.6200008392334,17.3700008392334,17.510000228881836,35600,13.772334098815918,0.0
NNI,2009-12-28 19:00:00-05:00,17.5,17.540000915527344,17.31999969482422,17.3799991607666,30200,13.67007827758789,0.0
NNI,2009-12-29 19:00:00-05:00,17.209999084472656,17.479999542236328,16.899999618530273,17.450000762939453,103800,13.725140571594238,0.0
NNI,2009-12-30 19:00:00-05:00,17.420000076293945,17.639999389648438,17.110000610351562,17.229999542236328,131600,13.552099227905273,0.0
NNI,2010-01-03 19:00:00-05:00,17.3799991607666,17.790000915527344,17.190000534057617,17.690000534057617,167500,13.913909912109375,0.0
NNI,2010-01-04 19:00:00-05:00,17.709999084472656,18.079999923706055,17.190000534057617,17.540000915527344,256300,13.795928001403809,0.0
NNI,2010-01-05 19:00:00-05:00,17.43000030517578,17.799999237060547,16.43000030517578,16.690000534057617,496000,13.127368927001953,0.0
NNI,2010-01-06 19:00:00-05:00,16.729999542236328,17.350000381469727,16.5,17.219999313354492,145100,13.544232368469238,0.0
NNI,2010-01-07 19:00:00-05:00,17.100000381469727,17.469999313354492,16.989999771118164,17.059999465942383,98800,13.418391227722168,0.0
NNI,2010-01-10 19:00:00-05:00,17.079999923706055,17.15999984741211,16.780000686645508,17.079999923706055,132700,13.434124946594238,0.0
NNI,2010-01-11 19:00:00-05:00,16.989999771118164,16.989999771118164,16.670000076293945,16.940000534057617,165200,13.324005126953125,0.0
NNI,2010-01-12 19:00:00-05:00,16.959999084472656,17.350000381469727,16.889999389648438,17.190000534057617,76800,13.520637512207031,0.0
NNI,2010-01-13 19:00:00-05:00,17.06999969482422,17.399999618530273,16.950000762939453,17.299999237060547,110200,13.607155799865723,0.0
NNI,2010-01-14 19:00:00-05:00,17.219999313354492,17.420000076293945,16.770000457763672,17.1200008392334,119500,13.465582847595215,0.0
NNI,2010-01-18 19:00:00-05:00,17.06999969482422,17.219999313354492,16.940000534057617,17.209999084472656,85000,13.53636646270752,0.0
NNI,2010-01-19 19:00:00-05:00,16.989999771118164,17.280000686645508,16.729999542236328,17.209999084472656,130600,13.53636646270752,0.0
NNI,2010-01-20 19:00:00-05:00,17.309999465942383,17.389999389648438,17.0,17.1200008392334,180100,13.465582847595215,0.0
NNI,2010-01-21 19:00:00-05:00,17.149999618530273,17.149999618530273,16.579999923706055,16.8700008392334,132100,13.26894760131836,0.0
NNI,2010-01-24 19:00:00-05:00,17.0,17.0,16.350000381469727,16.65999984741211,88800,13.103774070739746,0.0
NNI,2010-01-25 19:00:00-05:00,16.639999389648438,16.8799991607666,16.299999237060547,16.479999542236328,116500,12.962193489074707,0.0
NNI,2010-01-26 19:00:00-05:00,16.31999969482422,16.760000228881836,16.31999969482422,16.610000610351562,93000,13.064444541931152,0.0
NNI,2010-01-27 19:00:00-05:00,16.700000762939453,16.700000762939453,15.859999656677246,16.489999771118164,118400,12.970060348510742,0.0
NNI,2010-01-28 19:00:00-05:00,16.540000915527344,16.899999618530273,16.5,16.690000534057617,115900,13.127368927001953,0.0
NNI,2010-01-31 19:00:00-05:00,16.719999313354492,16.719999313354492,15.989999771118164,16.25,175800,12.781291007995605,0.0
NNI,2010-02-01 19:00:00-05:00,16.209999084472656,16.479999542236328,15.3100004196167,16.110000610351562,329500,12.671175003051758,0.0
NNI,2010-02-02 19:00:00-05:00,15.949999809265137,16.09000015258789,15.399999618530273,15.5,168800,12.191386222839355,0.0
NNI,2010-02-03 19:00:00-05:00,15.369999885559082,15.5,14.930000305175781,14.989999771118164,108000,11.79024887084961,0.0
NNI,2010-02-04 19:00:00-05:00,15.0,15.100000381469727,14.529999732971191,14.800000190734863,121500,11.640807151794434,0.0
NNI,2010-02-07 19:00:00-05:00,14.829999923706055,14.890000343322754,14.430000305175781,14.770000457763672,135600,11.617209434509277,0.0
NNI,2010-02-08 19:00:00-05:00,14.890000343322754,14.890000343322754,14.5,14.779999732971191,130200,11.625073432922363,0.0
NNI,2010-02-09 19:00:00-05:00,14.670000076293945,14.699999809265137,14.449999809265137,14.539999961853027,87600,11.43630599975586,0.0
NNI,2010-02-10 19:00:00-05:00,14.479999542236328,14.65999984741211,14.15999984741211,14.619999885559082,144800,11.499231338500977,0.0
NNI,2010-02-11 19:00:00-05:00,14.40999984741211,15.739999771118164,14.369999885559082,15.579999923706055,239300,12.25430679321289,0.0
NNI,2010-02-15 19:00:00-05:00,15.75,16.270000457763672,15.720000267028809,16.020000457763672,114500,12.600387573242188,0.0
NNI,2010-02-16 19:00:00-05:00,16.1299991607666,16.440000534057617,15.890000343322754,16.389999389648438,149700,12.891401290893555,0.0
NNI,2010-02-17 19:00:00-05:00,16.3700008392334,16.6200008392334,16.15999984741211,16.56999969482422,101300,13.032980918884277,0.0
NNI,2010-02-18 19:00:00-05:00,16.56999969482422,16.829999923706055,16.520000457763672,16.6200008392334,76200,13.072314262390137,0.0
NNI,2010-02-21 19:00:00-05:00,16.6200008392334,16.81999969482422,16.229999542236328,16.290000915527344,117300,12.812750816345215,0.0
NNI,2010-02-22 19:00:00-05:00,16.309999465942383,16.40999984741211,16.040000915527344,16.209999084472656,116700,12.749826431274414,0.0
NNI,2010-02-23 19:00:00-05:00,16.219999313354492,16.649999618530273,16.200000762939453,16.450000762939453,94800,12.938603401184082,0.0
NNI,2010-02-24 19:00:00-05:00,16.139999389648438,16.25,15.75,16.209999084472656,70100,12.80431842803955,0.07
NNI,2010-02-25 19:00:00-05:00,16.270000457763672,16.270000457763672,15.529999732971191,15.720000267028809,128400,12.417265892028809,0.0
NNI,2010-02-28 19:00:00-05:00,15.770000457763672,16.780000686645508,15.770000457763672,16.6200008392334,122900,13.128174781799316,0.0
NNI,2010-03-01 19:00:00-05:00,16.700000762939453,17.020000457763672,16.59000015258789,16.899999618530273,152900,13.349348068237305,0.0
NNI,2010-03-02 19:00:00-05:00,17.3700008392334,18.68000030517578,17.3700008392334,17.959999084472656,416300,14.186644554138184,0.0
NNI,2010-03-03 19:00:00-05:00,18.100000381469727,18.18000030517578,17.100000381469727,18.059999465942383,234100,14.265633583068848,0.0
NNI,2010-03-04 19:00:00-05:00,18.260000228881836,18.850000381469727,18.15999984741211,18.670000076293945,141800,14.747476577758789,0.0
NNI,2010-03-07 19:00:00-05:00,18.780000686645508,19.34000015258789,18.760000228881836,19.09000015258789,140400,15.079232215881348,0.0
NNI,2010-03-08 19:00:00-05:00,19.1299991607666,19.440000534057617,19.020000457763672,19.3700008392334,151800,15.300407409667969,0.0
NNI,2010-03-09 19:00:00-05:00,19.309999465942383,19.549999237060547,19.260000228881836,19.450000762939453,152700,15.363598823547363,0.0
NNI,2010-03-10 19:00:00-05:00,19.360000610351562,19.360000610351562,19.09000015258789,19.270000457763672,132000,15.221421241760254,0.0
NNI,2010-03-11 19:00:00-05:00,19.309999465942383,19.399999618530273,18.450000762939453,18.81999969482422,152800,14.865962028503418,0.0
NNI,2010-03-14 20:00:00-04:00,18.860000610351562,18.8799991607666,18.290000915527344,18.56999969482422,148300,14.668485641479492,0.0
NNI,2010-03-15 20:00:00-04:00,18.690000534057617,18.8799991607666,18.229999542236328,18.850000381469727,140600,14.889657974243164,0.0
NNI,2010-03-16 20:00:00-04:00,18.950000762939453,19.5,18.889999389648438,19.43000030517578,170600,15.34780502319336,0.0
NNI,2010-03-17 20:00:00-04:00,19.420000076293945,19.479999542236328,18.90999984741211,19.229999542236328,101800,15.189820289611816,0.0
NNI,2010-03-18 20:00:00-04:00,18.709999084472656,19.31999969482422,18.18000030517578,18.709999084472656,161000,14.779071807861328,0.0
NNI,2010-03-21 20:00:00-04:00,18.489999771118164,19.5,18.209999084472656,19.280000686645508,208500,15.229313850402832,0.0
NNI,2010-03-22 20:00:00-04:00,19.350000381469727,19.350000381469727,18.579999923706055,18.860000610351562,138000,14.897555351257324,0.0
NNI,2010-03-23 20:00:00-04:00,18.709999084472656,19.079999923706055,18.600000381469727,18.68000030517578,133300,14.755374908447266,0.0
NNI,2010-03-24 20:00:00-04:00,18.8799991607666,19.010000228881836,18.219999313354492,18.389999389648438,154800,14.526305198669434,0.0
NNI,2010-03-25 20:00:00-04:00,18.43000030517578,18.979999542236328,18.290000915527344,18.479999542236328,107300,14.597390174865723,0.0
NNI,2010-03-28 20:00:00-04:00,18.649999618530273,18.889999389648438,18.489999771118164,18.799999237060547,206800,14.8501615524292,0.0
NNI,2010-03-29 20:00:00-04:00,18.920000076293945,18.920000076293945,18.610000610351562,18.790000915527344,53100,14.842267990112305,0.0
NNI,2010-03-30 20:00:00-04:00,18.6200008392334,18.959999084472656,18.399999618530273,18.559999465942383,224600,14.66058349609375,0.0
NNI,2010-03-31 20:00:00-04:00,18.56999969482422,19.5,18.510000228881836,19.329999923706055,164900,15.268814086914062,0.0
NNI,2010-04-04 20:00:00-04:00,19.299999237060547,19.719999313354492,19.299999237060547,19.5,119600,15.403095245361328,0.0
NNI,2010-04-05 20:00:00-04:00,19.34000015258789,19.889999389648438,19.329999923706055,19.68000030517578,112700,15.545286178588867,0.0
NNI,2010-04-06 20:00:00-04:00,19.540000915527344,19.790000915527344,19.34000015258789,19.709999084472656,116300,15.56896686553955,0.0
NNI,2010-04-07 20:00:00-04:00,19.700000762939453,19.700000762939453,19.079999923706055,19.149999618530273,162100,15.126626014709473,0.0
NNI,2010-04-08 20:00:00-04:00,19.09000015258789,19.399999618530273,18.920000076293945,19.170000076293945,81500,15.142424583435059,0.0
NNI,2010-04-11 20:00:00-04:00,19.0,19.309999465942383,18.84000015258789,19.149999618530273,87800,15.126626014709473,0.0
NNI,2010-04-12 20:00:00-04:00,19.020000457763672,19.440000534057617,18.5,19.280000686645508,311900,15.229313850402832,0.0
NNI,2010-04-13 20:00:00-04:00,19.309999465942383,20.110000610351562,19.309999465942383,19.979999542236328,291800,15.782255172729492,0.0
NNI,2010-04-14 20:00:00-04:00,20.059999465942383,21.100000381469727,20.020000457763672,20.93000030517578,204900,16.53265380859375,0.0
NNI,2010-04-15 20:00:00-04:00,20.739999771118164,21.049999237060547,20.040000915527344,20.579999923706055,245100,16.256195068359375,0.0
NNI,2010-04-18 20:00:00-04:00,20.559999465942383,20.899999618530273,20.299999237060547,20.489999771118164,152300,16.185100555419922,0.0
NNI,2010-04-19 20:00:00-04:00,20.559999465942383,20.8799991607666,20.5,20.729999542236328,131700,16.374679565429688,0.0
NNI,2010-04-20 20:00:00-04:00,20.829999923706055,20.829999923706055,20.299999237060547,20.68000030517578,125900,16.335182189941406,0.0
NNI,2010-04-21 20:00:00-04:00,20.5,21.100000381469727,20.3700008392334,21.100000381469727,279600,16.666946411132812,0.0
NNI,2010-04-22 20:00:00-04:00,21.100000381469727,21.559999465942383,20.270000457763672,21.459999084472656,374700,16.9512996673584,0.0
NNI,2010-04-25 20:00:00-04:00,21.3700008392334,21.68000030517578,20.829999923706055,20.889999389648438,145400,16.501052856445312,0.0
NNI,2010-04-26 20:00:00-04:00,20.81999969482422,21.540000915527344,20.229999542236328,20.34000015258789,186600,16.066608428955078,0.0
NNI,2010-04-27 20:00:00-04:00,20.399999618530273,20.600000381469727,20.18000030517578,20.360000610351562,62300,16.082408905029297,0.0
NNI,2010-04-28 20:00:00-04:00,20.559999465942383,20.989999771118164,20.479999542236328,20.75,135000,16.390478134155273,0.0
NNI,2010-04-29 20:00:00-04:00,20.690000534057617,20.860000610351562,19.780000686645508,19.959999084472656,112900,15.76645278930664,0.0
NNI,2010-05-02 20:00:00-04:00,19.959999084472656,20.15999984741211,19.75,20.100000381469727,92700,15.877028465270996,0.0
NNI,2010-05-03 20:00:00-04:00,19.670000076293945,20.040000915527344,19.299999237060547,19.829999923706055,177500,15.663759231567383,0.0
NNI,2010-05-04 20:00:00-04:00,19.559999465942383,19.559999465942383,18.520000457763672,19.110000610351562,244700,15.095032691955566,0.0
NNI,2010-05-05 20:00:00-04:00,19.020000457763672,19.209999084472656,17.059999465942383,18.229999542236328,264200,14.399921417236328,0.0
NNI,2010-05-06 20:00:00-04:00,18.139999389648438,18.3700008392334,17.40999984741211,17.719999313354492,178300,13.997065544128418,0.0
NNI,2010-05-09 20:00:00-04:00,18.5,19.649999618530273,18.5,19.239999771118164,270600,15.19771957397461,0.0
NNI,2010-05-10 20:00:00-04:00,18.5,19.84000015258789,18.5,19.34000015258789,155900,15.27670955657959,0.0
NNI,2010-05-11 20:00:00-04:00,19.510000228881836,20.56999969482422,19.510000228881836,20.020000457763672,222600,15.813850402832031,0.0
NNI,2010-05-12 20:00:00-04:00,20.020000457763672,20.729999542236328,19.75,19.969999313354492,223300,15.77434253692627,0.0
NNI,2010-05-13 20:00:00-04:00,19.780000686645508,20.559999465942383,19.479999542236328,20.520000457763672,230100,16.208799362182617,0.0
NNI,2010-05-16 20:00:00-04:00,20.6200008392334,20.989999771118164,19.729999542236328,20.06999969482422,202600,15.853339195251465,0.0
NNI,2010-05-17 20:00:00-04:00,20.170000076293945,20.389999389648438,19.149999618530273,19.290000915527344,209200,15.237213134765625,0.0
NNI,2010-05-18 20:00:00-04:00,19.18000030517578,19.59000015258789,18.81999969482422,19.350000381469727,242600,15.2846097946167,0.0
NNI,2010-05-19 20:00:00-04:00,18.850000381469727,18.979999542236328,17.75,17.780000686645508,233700,14.044464111328125,0.0
NNI,2010-05-20 20:00:00-04:00,17.469999313354492,18.399999618530273,17.389999389648438,18.170000076293945,188600,14.352521896362305,0.0
NNI,2010-05-23 20:00:00-04:00,18.06999969482422,18.489999771118164,17.760000228881836,18.34000015258789,283200,14.486806869506836,0.0
NNI,2010-05-24 20:00:00-04:00,17.899999618530273,17.899999618530273,17.469999313354492,17.790000915527344,140600,14.052361488342285,0.0
NNI,2010-05-25 20:00:00-04:00,18.0,18.639999389648438,18.0,18.5,259700,14.613195419311523,0.0
NNI,2010-05-26 20:00:00-04:00,18.829999923706055,19.81999969482422,18.690000534057617,19.809999465942383,172000,15.707395553588867,0.07
NNI,2010-05-27 20:00:00-04:00,19.84000015258789,20.239999771118164,19.40999984741211,19.799999237060547,222400,15.699466705322266,0.0
NNI,2010-05-31 20:00:00-04:00,19.6299991607666,19.6299991607666,19.030000686645508,19.030000686645508,222500,15.088937759399414,0.0
NNI,2010-06-01 20:00:00-04:00,19.110000610351562,19.479999542236328,18.719999313354492,19.450000762939453,153100,15.42194938659668,0.0
NNI,2010-06-02 20:00:00-04:00,19.3700008392334,19.65999984741211,19.15999984741211,19.530000686645508,202300,15.485383033752441,0.0
NNI,2010-06-03 20:00:00-04:00,18.940000534057617,19.1299991607666,18.43000030517578,18.559999465942383,210600,14.716266632080078,0.0
NNI,2010-06-06 20:00:00-04:00,18.610000610351562,18.889999389648438,18.260000228881836,18.510000228881836,281500,14.676624298095703,0.0
NNI,2010-06-07 20:00:00-04:00,18.440000534057617,18.559999465942383,17.75,18.170000076293945,272900,14.407038688659668,0.0
NNI,2010-06-08 20:00:00-04:00,18.40999984741211,18.6299991607666,18.09000015258789,18.25,214500,14.470474243164062,0.0
NNI,2010-06-09 20:00:00-04:00,18.56999969482422,19.280000686645508,18.31999969482422,19.209999084472656,206000,15.231659889221191,0.0
NNI,2010-06-10 20:00:00-04:00,18.860000610351562,19.639999389648438,18.56999969482422,19.639999389648438,166100,15.572603225708008,0.0
NNI,2010-06-13 20:00:00-04:00,19.729999542236328,20.389999389648438,19.549999237060547,19.639999389648438,253100,15.572603225708008,0.0
NNI,2010-06-14 20:00:00-04:00,19.75,20.469999313354492,19.510000228881836,20.3799991607666,277000,16.159353256225586,0.0
NNI,2010-06-15 20:00:00-04:00,20.110000610351562,21.030000686645508,20.020000457763672,20.809999465942383,260300,16.500301361083984,0.0
NNI,2010-06-16 20:00:00-04:00,20.780000686645508,20.829999923706055,20.299999237060547,20.520000457763672,107700,16.270360946655273,0.0
NNI,2010-06-17 20:00:00-04:00,20.6299991607666,21.219999313354492,20.489999771118164,21.09000015258789,206200,16.722320556640625,0.0
NNI,2010-06-20 20:00:00-04:00,21.5,21.649999618530273,21.059999465942383,21.190000534057617,155700,16.801603317260742,0.0
NNI,2010-06-21 20:00:00-04:00,21.350000381469727,21.489999771118164,20.700000762939453,20.75,143400,16.45273208618164,0.0
NNI,2010-06-22 20:00:00-04:00,20.670000076293945,20.729999542236328,20.299999237060547,20.479999542236328,127500,16.2386417388916,0.0
NNI,2010-06-23 20:00:00-04:00,20.270000457763672,20.549999237060547,20.09000015258789,20.1299991607666,100100,15.961124420166016,0.0
NNI,2010-06-24 20:00:00-04:00,20.1200008392334,21.139999389648438,19.940000534057617,20.899999618530273,951200,16.57166290283203,0.0
NNI,2010-06-27 20:00:00-04:00,20.829999923706055,21.3700008392334,20.549999237060547,21.0,123000,16.650955200195312,0.0
NNI,2010-06-28 20:00:00-04:00,20.6200008392334,20.649999618530273,19.520000457763672,19.850000381469727,201600,15.739116668701172,0.0
NNI,2010-06-29 20:00:00-04:00,19.790000915527344,20.18000030517578,19.010000228881836,19.280000686645508,208000,15.287158012390137,0.0
NNI,2010-06-30 20:00:00-04:00,19.34000015258789,19.34000015258789,18.260000228881836,19.0,161900,15.065144538879395,0.0
NNI,2010-07-01 20:00:00-04:00,19.09000015258789,19.110000610351562,18.420000076293945,18.719999313354492,121200,14.843134880065918,0.0
NNI,2010-07-05 20:00:00-04:00,19.040000915527344,19.459999084472656,18.209999084472656,18.34000015258789,193600,14.541829109191895,0.0
NNI,2010-07-06 20:00:00-04:00,18.3700008392334,19.0,18.34000015258789,18.989999771118164,168800,15.057215690612793,0.0
NNI,2010-07-07 20:00:00-04:00,19.260000228881836,19.510000228881836,19.010000228881836,19.40999984741211,107400,15.390236854553223,0.0
NNI,2010-07-08 20:00:00-04:00,19.600000381469727,19.950000762939453,19.510000228881836,19.920000076293945,133000,15.794611930847168,0.0
NNI,2010-07-11 20:00:00-04:00,19.940000534057617,20.020000457763672,19.270000457763672,19.65999984741211,99800,15.588456153869629,0.0
NNI,2010-07-12 20:00:00-04:00,19.979999542236328,20.450000762939453,19.610000610351562,20.309999465942383,125400,16.103839874267578,0.0
NNI,2010-07-13 20:00:00-04:00,20.1200008392334,20.1200008392334,19.520000457763672,19.700000762939453,128400,15.620177268981934,0.0
NNI,2010-07-14 20:00:00-04:00,19.790000915527344,19.790000915527344,19.110000610351562,19.450000762939453,165100,15.42194938659668,0.0
NNI,2010-07-15 20:00:00-04:00,19.06999969482422,19.219999313354492,18.469999313354492,18.610000610351562,161400,14.755910873413086,0.0
NNI,2010-07-18 20:00:00-04:00,18.6299991607666,18.790000915527344,18.260000228881836,18.649999618530273,129100,14.787632942199707,0.0
NNI,2010-07-19 20:00:00-04:00,18.450000762939453,19.0,18.100000381469727,18.959999084472656,153400,15.033426284790039,0.0
NNI,2010-07-20 20:00:00-04:00,19.059999465942383,19.360000610351562,17.56999969482422,17.760000228881836,377100,14.081950187683105,0.0
NNI,2010-07-21 20:00:00-04:00,18.0,19.18000030517578,17.950000762939453,18.920000076293945,313700,15.001714706420898,0.0
NNI,2010-07-22 20:00:00-04:00,18.790000915527344,19.450000762939453,18.489999771118164,19.34000015258789,107800,15.334731101989746,0.0
NNI,2010-07-25 20:00:00-04:00,19.34000015258789,19.81999969482422,19.139999389648438,19.780000686645508,128100,15.683613777160645,0.0
NNI,2010-07-26 20:00:00-04:00,19.959999084472656,20.290000915527344,19.760000228881836,20.059999465942383,131400,15.905619621276855,0.0
NNI,2010-07-27 20:00:00-04:00,20.040000915527344,20.309999465942383,19.780000686645508,19.940000534057617,88700,15.810476303100586,0.0
NNI,2010-07-28 20:00:00-04:00,20.040000915527344,20.5,19.719999313354492,20.43000030517578,165200,16.198999404907227,0.0
NNI,2010-07-29 20:00:00-04:00,20.040000915527344,20.56999969482422,19.93000030517578,20.15999984741211,230500,15.98491382598877,0.0
NNI,2010-08-01 20:00:00-04:00,20.670000076293945,20.81999969482422,20.239999771118164,20.440000534057617,192300,16.20691680908203,0.0
NNI,2010-08-02 20:00:00-04:00,20.270000457763672,20.469999313354492,19.90999984741211,20.219999313354492,150600,16.032485961914062,0.0
NNI,2010-08-03 20:00:00-04:00,20.290000915527344,20.559999465942383,19.780000686645508,20.079999923706055,149500,15.921477317810059,0.0
NNI,2010-08-04 20:00:00-04:00,19.969999313354492,20.290000915527344,19.649999618530273,19.959999084472656,106200,15.826335906982422,0.0
NNI,2010-08-05 20:00:00-04:00,19.690000534057617,20.190000534057617,19.40999984741211,20.049999237060547,123800,15.897688865661621,0.0
NNI,2010-08-08 20:00:00-04:00,20.309999465942383,21.610000610351562,20.309999465942383,20.940000534057617,160600,16.603374481201172,0.0
NNI,2010-08-09 20:00:00-04:00,20.760000228881836,21.549999237060547,20.329999923706055,20.829999923706055,190700,16.516159057617188,0.0
NNI,2010-08-10 20:00:00-04:00,20.3799991607666,20.3799991607666,19.670000076293945,19.850000381469727,189400,15.739116668701172,0.0
NNI,2010-08-11 20:00:00-04:00,19.700000762939453,19.899999618530273,19.18000030517578,19.549999237060547,144200,15.501246452331543,0.0
NNI,2010-08-12 20:00:00-04:00,19.389999389648438,19.520000457763672,18.93000030517578,19.0,148200,15.065144538879395,0.0
NNI,2010-08-15 20:00:00-04:00,19.09000015258789,21.079999923706055,18.940000534057617,20.100000381469727,412600,15.937334060668945,0.0
NNI,2010-08-16 20:00:00-04:00,20.299999237060547,21.219999313354492,20.299999237060547,21.06999969482422,236900,16.706451416015625,0.0
NNI,2010-08-17 20:00:00-04:00,20.969999313354492,21.950000762939453,20.8700008392334,21.600000381469727,238400,17.126693725585938,0.0
NNI,2010-08-18 20:00:00-04:00,21.440000534057617,21.75,20.670000076293945,20.68000030517578,176200,16.39722442626953,0.0
NNI,2010-08-19 20:00:00-04:00,20.6299991607666,21.479999542236328,20.450000762939453,21.329999923706055,210800,16.912607192993164,0.0
NNI,2010-08-22 20:00:00-04:00,21.540000915527344,21.719999313354492,20.8700008392334,20.940000534057617,212300,16.603374481201172,0.0
NNI,2010-08-23 20:00:00-04:00,20.639999389648438,21.15999984741211,20.329999923706055,20.520000457763672,253000,16.270360946655273,0.0
NNI,2010-08-24 20:00:00-04:00,20.40999984741211,21.479999542236328,20.360000610351562,21.329999923706055,347600,16.912607192993164,0.0
NNI,2010-08-25 20:00:00-04:00,21.43000030517578,21.850000381469727,21.209999084472656,21.239999771118164,132000,16.84124755859375,0.0
NNI,2010-08-26 20:00:00-04:00,21.489999771118164,22.770000457763672,21.139999389648438,22.739999771118164,468200,18.030601501464844,0.0
NNI,2010-08-29 20:00:00-04:00,22.68000030517578,22.709999084472656,21.920000076293945,21.979999542236328,253200,17.481807708740234,0.07
NNI,2010-08-30 20:00:00-04:00,21.860000610351562,22.260000228881836,21.6299991607666,21.90999984741211,278700,17.426132202148438,0.0
NNI,2010-08-31 20:00:00-04:00,22.350000381469727,22.979999542236328,22.25,22.700000762939453,250600,18.054462432861328,0.0
NNI,2010-09-01 20:00:00-04:00,22.809999465942383,23.079999923706055,22.510000228881836,22.989999771118164,135500,18.285118103027344,0.0
NNI,2010-09-02 20:00:00-04:00,23.18000030517578,23.18000030517578,22.690000534057617,23.100000381469727,231700,18.372604370117188,0.0
NNI,2010-09-06 20:00:00-04:00,22.829999923706055,23.239999771118164,22.540000915527344,22.75,258800,18.094226837158203,0.0
NNI,2010-09-07 20:00:00-04:00,22.889999389648438,23.549999237060547,22.8799991607666,22.959999084472656,158900,18.26125144958496,0.0
NNI,2010-09-08 20:00:00-04:00,23.309999465942383,23.75,23.219999313354492,23.700000762939453,159200,18.849815368652344,0.0
NNI,2010-09-09 20:00:00-04:00,23.75,24.139999389648438,23.1299991607666,23.209999084472656,197700,18.460086822509766,0.0
NNI,2010-09-12 20:00:00-04:00,23.84000015258789,24.360000610351562,23.6299991607666,23.979999542236328,293600,19.072509765625,0.0
NNI,2010-09-13 20:00:00-04:00,23.899999618530273,24.020000457763672,23.299999237060547,23.510000228881836,251000,18.698694229125977,0.0
NNI,2010-09-14 20:00:00-04:00,23.360000610351562,24.100000381469727,23.149999618530273,23.540000915527344,209600,18.722558975219727,0.0
NNI,2010-09-15 20:00:00-04:00,23.420000076293945,23.770000457763672,23.399999618530273,23.639999389648438,131600,18.802085876464844,0.0
NNI,2010-09-16 20:00:00-04:00,24.31999969482422,24.389999389648438,22.940000534057617,23.270000457763672,243500,18.5078125,0.0
NNI,2010-09-19 20:00:00-04:00,23.100000381469727,23.93000030517578,23.040000915527344,23.889999389648438,169600,19.00092887878418,0.0
NNI,2010-09-20 20:00:00-04:00,23.850000381469727,24.139999389648438,23.65999984741211,23.760000228881836,124600,18.89752960205078,0.0
NNI,2010-09-21 20:00:00-04:00,23.700000762939453,23.8700008392334,22.6200008392334,22.790000915527344,165400,18.126049041748047,0.0
NNI,2010-09-22 20:00:00-04:00,22.65999984741211,23.520000457763672,22.450000762939453,22.670000076293945,154500,18.030597686767578,0.0
NNI,2010-09-23 20:00:00-04:00,22.799999237060547,23.3700008392334,22.639999389648438,23.34000015258789,180200,18.563488006591797,0.0
NNI,2010-09-26 20:00:00-04:00,23.239999771118164,23.530000686645508,23.049999237060547,23.31999969482422,103600,18.547582626342773,0.0
NNI,2010-09-27 20:00:00-04:00,23.459999084472656,23.459999084472656,22.610000610351562,23.31999969482422,111900,18.547582626342773,0.0
NNI,2010-09-28 20:00:00-04:00,23.15999984741211,23.8799991607666,23.1299991607666,23.760000228881836,104500,18.89752960205078,0.0
NNI,2010-09-29 20:00:00-04:00,23.889999389648438,23.889999389648438,22.65999984741211,22.8799991607666,171200,18.197622299194336,0.0
NNI,2010-09-30 20:00:00-04:00,23.049999237060547,23.31999969482422,22.6200008392334,23.229999542236328,105600,18.476001739501953,0.0
NNI,2010-10-03 20:00:00-04:00,23.079999923706055,23.100000381469727,22.260000228881836,22.5,120100,17.895389556884766,0.0
NNI,2010-10-04 20:00:00-04:00,22.709999084472656,23.219999313354492,22.360000610351562,23.110000610351562,154500,18.38054847717285,0.0
NNI,2010-10-05 20:00:00-04:00,23.1200008392334,23.75,23.079999923706055,23.559999465942383,89500,18.73845672607422,0.0
NNI,2010-10-06 20:00:00-04:00,23.68000030517578,23.899999618530273,22.860000610351562,22.950000762939453,110100,18.253299713134766,0.0
NNI,2010-10-07 20:00:00-04:00,22.920000076293945,23.479999542236328,22.90999984741211,23.31999969482422,69100,18.547582626342773,0.0
NNI,2010-10-10 20:00:00-04:00,23.200000762939453,23.549999237060547,23.100000381469727,23.399999618530273,101200,18.611207962036133,0.0
NNI,2010-10-11 20:00:00-04:00,23.350000381469727,23.510000228881836,22.549999237060547,22.75,131300,18.094226837158203,0.0
NNI,2010-10-12 20:00:00-04:00,22.959999084472656,23.530000686645508,22.899999618530273,23.350000381469727,127100,18.571439743041992,0.0
NNI,2010-10-13 20:00:00-04:00,23.170000076293945,23.559999465942383,22.989999771118164,23.530000686645508,111400,18.714597702026367,0.0
NNI,2010-10-14 20:00:00-04:00,23.719999313354492,23.8799991607666,23.200000762939453,23.399999618530273,180800,18.611207962036133,0.0
NNI,2010-10-17 20:00:00-04:00,23.399999618530273,23.709999084472656,23.25,23.6299991607666,62600,18.794137954711914,0.0
NNI,2010-10-18 20:00:00-04:00,23.34000015258789,23.75,22.889999389648438,23.09000015258789,119500,18.36464500427246,0.0
NNI,2010-10-19 20:00:00-04:00,23.260000228881836,23.8700008392334,23.260000228881836,23.59000015258789,76200,18.7623233795166,0.0
NNI,2010-10-20 20:00:00-04:00,23.75,23.790000915527344,23.1200008392334,23.510000228881836,114900,18.698694229125977,0.0
NNI,2010-10-21 20:00:00-04:00,23.540000915527344,23.809999465942383,23.43000030517578,23.530000686645508,48200,18.714597702026367,0.0
NNI,2010-10-24 20:00:00-04:00,23.68000030517578,24.469999313354492,23.68000030517578,24.059999465942383,97700,19.136137008666992,0.0
NNI,2010-10-25 20:00:00-04:00,23.84000015258789,24.049999237060547,23.6200008392334,23.6299991607666,62500,18.794137954711914,0.0
NNI,2010-10-26 20:00:00-04:00,23.479999542236328,23.639999389648438,22.93000030517578,23.100000381469727,102300,18.372604370117188,0.0
NNI,2010-10-27 20:00:00-04:00,23.360000610351562,23.459999084472656,22.219999313354492,22.450000762939453,169500,17.855615615844727,0.0
NNI,2010-10-28 20:00:00-04:00,22.399999618530273,22.709999084472656,22.329999923706055,22.469999313354492,70100,17.87152671813965,0.0
NNI,2010-10-31 20:00:00-04:00,22.56999969482422,22.770000457763672,21.59000015258789,21.850000381469727,119600,17.378416061401367,0.0
NNI,2010-11-01 20:00:00-04:00,22.06999969482422,22.34000015258789,21.56999969482422,21.959999084472656,154600,17.465900421142578,0.0
NNI,2010-11-02 20:00:00-04:00,22.030000686645508,22.469999313354492,21.93000030517578,22.309999465942383,106900,17.744274139404297,0.0
NNI,2010-11-03 20:00:00-04:00,22.729999542236328,23.010000228881836,22.68000030517578,22.979999542236328,129500,18.277162551879883,0.0
NNI,2010-11-04 20:00:00-04:00,23.059999465942383,23.280000686645508,22.829999923706055,23.139999389648438,88600,18.4044189453125,0.0
NNI,2010-11-07 19:00:00-05:00,23.079999923706055,23.280000686645508,22.850000381469727,23.0,96800,18.293067932128906,0.0
NNI,2010-11-08 19:00:00-05:00,23.34000015258789,23.860000610351562,23.170000076293945,23.3799991607666,114800,18.59529685974121,0.0
NNI,2010-11-09 19:00:00-05:00,23.649999618530273,23.860000610351562,23.459999084472656,23.809999465942383,104100,18.93729591369629,0.0
NNI,2010-11-10 19:00:00-05:00,23.469999313354492,23.959999084472656,23.469999313354492,23.690000534057617,70100,18.841859817504883,0.0
NNI,2010-11-11 19:00:00-05:00,23.389999389648438,23.5,22.8799991607666,22.93000030517578,86700,18.23740005493164,0.0
NNI,2010-11-14 19:00:00-05:00,22.969999313354492,23.0,22.209999084472656,22.739999771118164,158600,18.086273193359375,0.0
NNI,2010-11-15 19:00:00-05:00,22.43000030517578,22.43000030517578,21.84000015258789,22.079999923706055,158600,17.561336517333984,0.0
NNI,2010-11-16 19:00:00-05:00,22.15999984741211,22.3799991607666,21.690000534057617,21.940000534057617,69700,17.44999885559082,0.0
NNI,2010-11-17 19:00:00-05:00,22.209999084472656,22.559999465942383,21.729999542236328,21.84000015258789,85600,17.37046241760254,0.0
NNI,2010-11-18 19:00:00-05:00,21.729999542236328,22.110000610351562,21.6200008392334,22.059999465942383,75400,17.545434951782227,0.0
NNI,2010-11-21 19:00:00-05:00,22.030000686645508,22.25,21.559999465942383,21.8700008392334,87700,17.394319534301758,0.0
NNI,2010-11-22 19:00:00-05:00,21.600000381469727,22.139999389648438,21.600000381469727,22.0,86200,17.497718811035156,0.0
NNI,2010-11-23 19:00:00-05:00,22.25,22.59000015258789,22.15999984741211,22.5,77400,17.895389556884766,0.0
NNI,2010-11-25 19:00:00-05:00,22.309999465942383,22.510000228881836,22.06999969482422,22.239999771118164,33400,17.688596725463867,0.0
NNI,2010-11-28 19:00:00-05:00,21.709999084472656,21.940000534057617,21.229999542236328,21.760000228881836,86900,17.696731567382812,0.49
NNI,2010-11-29 19:00:00-05:00,21.489999771118164,21.510000228881836,20.8799991607666,21.350000381469727,259400,17.3632869720459,0.0
NNI,2010-11-30 19:00:00-05:00,21.649999618530273,21.899999618530273,21.5,21.709999084472656,175000,17.656068801879883,0.0
NNI,2010-12-01 19:00:00-05:00,21.729999542236328,21.959999084472656,21.59000015258789,21.6200008392334,120000,17.582876205444336,0.0
NNI,2010-12-02 19:00:00-05:00,21.469999313354492,22.030000686645508,21.43000030517578,21.90999984741211,153900,17.81871795654297,0.0
NNI,2010-12-05 19:00:00-05:00,21.59000015258789,21.809999465942383,21.209999084472656,21.809999465942383,192600,17.737398147583008,0.0
NNI,2010-12-06 19:00:00-05:00,22.059999465942383,22.739999771118164,21.8799991607666,22.540000915527344,101200,18.331079483032227,0.0
NNI,2010-12-07 19:00:00-05:00,22.579999923706055,22.920000076293945,22.530000686645508,22.75,80400,18.501869201660156,0.0
NNI,2010-12-08 19:00:00-05:00,22.93000030517578,23.010000228881836,22.579999923706055,22.81999969482422,67000,18.55879783630371,0.0
NNI,2010-12-09 19:00:00-05:00,22.84000015258789,23.329999923706055,22.59000015258789,23.299999237060547,93600,18.949167251586914,0.0
NNI,2010-12-12 19:00:00-05:00,23.399999618530273,23.399999618530273,22.790000915527344,23.0,129700,18.705188751220703,0.0
NNI,2010-12-13 19:00:00-05:00,23.040000915527344,23.040000915527344,22.559999465942383,22.690000534057617,79300,18.45307731628418,0.0
NNI,2010-12-14 19:00:00-05:00,22.610000610351562,23.010000228881836,22.399999618530273,22.65999984741211,97000,18.428668975830078,0.0
NNI,2010-12-15 19:00:00-05:00,22.68000030517578,23.0,22.559999465942383,22.799999237060547,81400,18.542526245117188,0.0
NNI,2010-12-16 19:00:00-05:00,22.719999313354492,23.030000686645508,22.440000534057617,23.010000228881836,256000,18.713315963745117,0.0
NNI,2010-12-19 19:00:00-05:00,23.0,23.0,22.6299991607666,22.780000686645508,131300,18.526269912719727,0.0
NNI,2010-12-20 19:00:00-05:00,22.8799991607666,23.530000686645508,22.700000762939453,23.450000762939453,136800,19.071155548095703,0.0
NNI,2010-12-21 19:00:00-05:00,23.469999313354492,23.520000457763672,23.299999237060547,23.43000030517578,59600,19.05489158630371,0.0
NNI,2010-12-22 19:00:00-05:00,23.40999984741211,23.40999984741211,23.010000228881836,23.280000686645508,36600,18.932905197143555,0.0
NNI,2010-12-26 19:00:00-05:00,23.190000534057617,23.5,23.190000534057617,23.469999313354492,74800,19.087419509887695,0.0
NNI,2010-12-27 19:00:00-05:00,23.5,23.729999542236328,23.270000457763672,23.670000076293945,77200,19.250070571899414,0.0
NNI,2010-12-28 19:00:00-05:00,23.700000762939453,23.81999969482422,23.56999969482422,23.639999389648438,53000,19.225671768188477,0.0
NNI,2010-12-29 19:00:00-05:00,23.65999984741211,23.770000457763672,23.459999084472656,23.469999313354492,56700,19.087419509887695,0.0
NNI,2010-12-30 19:00:00-05:00,23.3799991607666,24.0,23.3799991607666,23.690000534057617,100200,19.266347885131836,0.0
NNI,2011-01-02 19:00:00-05:00,23.860000610351562,24.280000686645508,23.649999618530273,24.0,70600,19.51845932006836,0.0
NNI,2011-01-03 19:00:00-05:00,24.139999389648438,24.239999771118164,23.030000686645508,23.110000610351562,132000,18.794641494750977,0.0
NNI,2011-01-04 19:00:00-05:00,23.020000457763672,23.59000015258789,22.93000030517578,23.540000915527344,102500,19.144357681274414,0.0
NNI,2011-01-05 19:00:00-05:00,23.5,23.68000030517578,23.299999237060547,23.559999465942383,105700,19.160615921020508,0.0
NNI,2011-01-06 19:00:00-05:00,23.600000381469727,23.65999984741211,22.8799991607666,23.350000381469727,119200,18.98982810974121,0.0
NNI,2011-01-09 19:00:00-05:00,23.239999771118164,23.68000030517578,23.049999237060547,23.440000534057617,113300,19.06302833557129,0.0
NNI,2011-01-10 19:00:00-05:00,23.610000610351562,23.84000015258789,23.399999618530273,23.700000762939453,83700,19.27447509765625,0.0
NNI,2011-01-11 19:00:00-05:00,23.8799991607666,23.979999542236328,23.510000228881836,23.649999618530273,55200,19.233810424804688,0.0
NNI,2011-01-12 19:00:00-05:00,23.610000610351562,23.75,23.3799991607666,23.489999771118164,49600,19.10368537902832,0.0
NNI,2011-01-13 19:00:00-05:00,23.469999313354492,23.8799991607666,23.420000076293945,23.850000381469727,53200,19.396465301513672,0.0
NNI,2011-01-17 19:00:00-05:00,23.780000686645508,24.1200008392334,23.610000610351562,23.760000228881836,127200,19.323272705078125,0.0
NNI,2011-01-18 19:00:00-05:00,23.670000076293945,23.75,23.010000228881836,23.079999923706055,116700,18.770244598388672,0.0
NNI,2011-01-19 19:00:00-05:00,22.950000762939453,23.530000686645508,22.860000610351562,23.040000915527344,105700,18.73771095275879,0.0
NNI,2011-01-20 19:00:00-05:00,23.18000030517578,23.260000228881836,22.790000915527344,22.860000610351562,98300,18.591327667236328,0.0
NNI,2011-01-23 19:00:00-05:00,22.81999969482422,23.139999389648438,22.3799991607666,22.81999969482422,61600,18.55879783630371,0.0
NNI,2011-01-24 19:00:00-05:00,22.65999984741211,23.15999984741211,22.600000381469727,23.1200008392334,74700,18.802780151367188,0.0
NNI,2011-01-25 19:00:00-05:00,23.200000762939453,23.479999542236328,22.989999771118164,23.15999984741211,76700,18.83530044555664,0.0
NNI,2011-01-26 19:00:00-05:00,23.1200008392334,23.290000915527344,22.790000915527344,22.889999389648438,60300,18.6157283782959,0.0
NNI,2011-01-27 19:00:00-05:00,22.81999969482422,22.920000076293945,21.829999923706055,22.1299991607666,219100,17.99764633178711,0.0
NNI,2011-01-30 19:00:00-05:00,22.25,22.610000610351562,21.940000534057617,22.420000076293945,162300,18.233488082885742,0.0
NNI,2011-01-31 19:00:00-05:00,22.549999237060547,23.309999465942383,22.440000534057617,22.6299991607666,106600,18.404273986816406,0.0
NNI,2011-02-01 19:00:00-05:00,22.520000457763672,22.860000610351562,22.520000457763672,22.81999969482422,64300,18.55879783630371,0.0
NNI,2011-02-02 19:00:00-05:00,22.75,23.100000381469727,22.489999771118164,23.030000686645508,95100,18.729583740234375,0.0
NNI,2011-02-03 19:00:00-05:00,23.040000915527344,23.389999389648438,22.940000534057617,23.280000686645508,74400,18.932905197143555,0.0
NNI,2011-02-06 19:00:00-05:00,23.270000457763672,23.459999084472656,23.049999237060547,23.309999465942383,75100,18.957298278808594,0.0
NNI,2011-02-07 19:00:00-05:00,23.239999771118164,23.549999237060547,22.959999084472656,23.540000915527344,65900,19.144357681274414,0.0
NNI,2011-02-08 19:00:00-05:00,23.3700008392334,23.6200008392334,23.229999542236328,23.360000610351562,73300,18.997961044311523,0.0
NNI,2011-02-09 19:00:00-05:00,23.15999984741211,23.579999923706055,23.1200008392334,23.40999984741211,95900,19.038631439208984,0.0
NNI,2011-02-10 19:00:00-05:00,23.270000457763672,23.600000381469727,23.270000457763672,23.600000381469727,59400,19.193147659301758,0.0
NNI,2011-02-13 19:00:00-05:00,23.530000686645508,23.670000076293945,23.200000762939453,23.639999389648438,60000,19.225671768188477,0.0
NNI,2011-02-14 19:00:00-05:00,23.5,23.65999984741211,23.09000015258789,23.18000030517578,52000,18.851572036743164,0.0
NNI,2011-02-15 19:00:00-05:00,23.219999313354492,23.219999313354492,22.809999465942383,22.989999771118164,117700,18.697050094604492,0.0
NNI,2011-02-16 19:00:00-05:00,22.940000534057617,23.06999969482422,22.65999984741211,22.950000762939453,86400,18.664520263671875,0.0
NNI,2011-02-17 19:00:00-05:00,22.899999618530273,22.920000076293945,22.700000762939453,22.84000015258789,103600,18.575050354003906,0.0
NNI,2011-02-21 19:00:00-05:00,22.510000228881836,22.790000915527344,22.020000457763672,22.110000610351562,107700,17.981372833251953,0.0
NNI,2011-02-22 19:00:00-05:00,22.1200008392334,22.399999618530273,21.860000610351562,22.09000015258789,124000,17.96510887145996,0.0
NNI,2011-02-23 19:00:00-05:00,22.09000015258789,22.299999237060547,21.889999389648438,22.18000030517578,80600,18.038299560546875,0.0
NNI,2011-02-24 19:00:00-05:00,22.209999084472656,22.309999465942383,21.979999542236328,22.270000457763672,54000,18.168834686279297,0.07
NNI,2011-02-27 19:00:00-05:00,22.420000076293945,22.700000762939453,21.989999771118164,22.329999923706055,226300,18.217790603637695,0.0
NNI,2011-02-28 19:00:00-05:00,22.399999618530273,22.540000915527344,22.040000915527344,22.149999618530273,90800,18.070938110351562,0.0
NNI,2011-03-01 19:00:00-05:00,22.100000381469727,22.260000228881836,21.93000030517578,22.030000686645508,120100,17.97304344177246,0.0
NNI,2011-03-02 19:00:00-05:00,22.540000915527344,22.75,21.719999313354492,21.81999969482422,312600,17.801712036132812,0.0
NNI,2011-03-03 19:00:00-05:00,21.809999465942383,21.850000381469727,21.010000228881836,21.309999465942383,201100,17.385623931884766,0.0
NNI,2011-03-06 19:00:00-05:00,21.31999969482422,21.68000030517578,20.360000610351562,20.920000076293945,262500,17.06745147705078,0.0
NNI,2011-03-07 19:00:00-05:00,20.959999084472656,22.0,20.860000610351562,21.989999771118164,146100,17.940404891967773,0.0
NNI,2011-03-08 19:00:00-05:00,21.989999771118164,22.020000457763672,21.010000228881836,21.389999389648438,197400,17.45089340209961,0.0
NNI,2011-03-09 19:00:00-05:00,21.15999984741211,21.15999984741211,20.709999084472656,20.940000534057617,167900,17.083772659301758,0.0
NNI,2011-03-10 19:00:00-05:00,20.84000015258789,21.540000915527344,20.780000686645508,21.389999389648438,95700,17.45089340209961,0.0
NNI,2011-03-13 20:00:00-04:00,21.200000762939453,21.360000610351562,20.549999237060547,21.079999923706055,53700,17.197982788085938,0.0
NNI,2011-03-14 20:00:00-04:00,20.540000915527344,21.1299991607666,20.540000915527344,21.020000457763672,65300,17.14904022216797,0.0
NNI,2011-03-15 20:00:00-04:00,20.979999542236328,21.0,20.559999465942383,20.8700008392334,145600,17.026660919189453,0.0
NNI,2011-03-16 20:00:00-04:00,21.170000076293945,21.270000457763672,20.81999969482422,20.969999313354492,70400,17.10823631286621,0.0
NNI,2011-03-17 20:00:00-04:00,21.1200008392334,21.309999465942383,20.790000915527344,21.290000915527344,110000,17.36931037902832,0.0
NNI,2011-03-20 20:00:00-04:00,21.479999542236328,21.56999969482422,21.18000030517578,21.469999313354492,85000,17.51616859436035,0.0
NNI,2011-03-21 20:00:00-04:00,21.450000762939453,21.530000686645508,21.239999771118164,21.450000762939453,66200,17.499847412109375,0.0
NNI,2011-03-22 20:00:00-04:00,21.3700008392334,21.399999618530273,21.020000457763672,21.18000030517578,60700,17.279571533203125,0.0
NNI,2011-03-23 20:00:00-04:00,21.270000457763672,21.399999618530273,21.059999465942383,21.18000030517578,41800,17.279571533203125,0.0
NNI,2011-03-24 20:00:00-04:00,21.25,21.8799991607666,21.200000762939453,21.440000534057617,45600,17.4916934967041,0.0
NNI,2011-03-27 20:00:00-04:00,21.549999237060547,21.760000228881836,21.280000686645508,21.309999465942383,52200,17.385623931884766,0.0
NNI,2011-03-28 20:00:00-04:00,21.34000015258789,21.469999313354492,21.200000762939453,21.25,45700,17.336671829223633,0.0
NNI,2011-03-29 20:00:00-04:00,21.389999389648438,21.5,21.149999618530273,21.469999313354492,67400,17.51616859436035,0.0
NNI,2011-03-30 20:00:00-04:00,21.3799991607666,21.899999618530273,21.329999923706055,21.829999923706055,123800,17.809877395629883,0.0
NNI,2011-03-31 20:00:00-04:00,21.950000762939453,22.43000030517578,21.860000610351562,22.25,67700,18.15251922607422,0.0
NNI,2011-04-03 20:00:00-04:00,22.260000228881836,22.5,22.040000915527344,22.31999969482422,70000,18.209632873535156,0.0
NNI,2011-04-04 20:00:00-04:00,22.219999313354492,22.450000762939453,21.889999389648438,22.15999984741211,101500,18.079097747802734,0.0
NNI,2011-04-05 20:00:00-04:00,22.299999237060547,22.5,22.049999237060547,22.149999618530273,99400,18.070938110351562,0.0
NNI,2011-04-06 20:00:00-04:00,22.200000762939453,22.5,22.149999618530273,22.260000228881836,112500,18.160688400268555,0.0
NNI,2011-04-07 20:00:00-04:00,22.290000915527344,22.329999923706055,21.920000076293945,22.15999984741211,107000,18.079097747802734,0.0
NNI,2011-04-10 20:00:00-04:00,22.110000610351562,22.219999313354492,21.920000076293945,22.110000610351562,81800,18.038301467895508,0.0
NNI,2011-04-11 20:00:00-04:00,21.90999984741211,22.06999969482422,21.729999542236328,22.0,87400,17.948564529418945,0.0
NNI,2011-04-12 20:00:00-04:00,22.09000015258789,22.110000610351562,21.489999771118164,21.75,67400,17.744604110717773,0.0
NNI,2011-04-13 20:00:00-04:00,21.56999969482422,21.739999771118164,21.3799991607666,21.690000534057617,44600,17.695653915405273,0.0
NNI,2011-04-14 20:00:00-04:00,21.6200008392334,21.780000686645508,21.350000381469727,21.739999771118164,67300,17.73644256591797,0.0
NNI,2011-04-17 20:00:00-04:00,21.420000076293945,21.420000076293945,20.700000762939453,21.329999923706055,103100,17.401948928833008,0.0
NNI,2011-04-18 20:00:00-04:00,21.3700008392334,21.559999465942383,21.350000381469727,21.489999771118164,190000,17.53248405456543,0.0
NNI,2011-04-19 20:00:00-04:00,21.760000228881836,22.06999969482422,21.709999084472656,22.06999969482422,116300,18.00566864013672,0.0
NNI,2011-04-20 20:00:00-04:00,22.229999542236328,22.719999313354492,22.229999542236328,22.649999618530273,113400,18.478864669799805,0.0
NNI,2011-04-24 20:00:00-04:00,22.65999984741211,22.8700008392334,22.209999084472656,22.719999313354492,195600,18.535974502563477,0.0
NNI,2011-04-25 20:00:00-04:00,22.760000228881836,22.989999771118164,22.700000762939453,22.850000381469727,93400,18.64203453063965,0.0
NNI,2011-04-26 20:00:00-04:00,22.8700008392334,23.139999389648438,22.81999969482422,23.110000610351562,68500,18.854145050048828,0.0
NNI,2011-04-27 20:00:00-04:00,23.09000015258789,23.200000762939453,23.010000228881836,23.1200008392334,83900,18.8623104095459,0.0
NNI,2011-04-28 20:00:00-04:00,23.15999984741211,23.309999465942383,22.969999313354492,23.030000686645508,130000,18.788881301879883,0.0
NNI,2011-05-01 20:00:00-04:00,23.09000015258789,23.09000015258789,22.729999542236328,22.75,116000,18.56044578552246,0.0
NNI,2011-05-02 20:00:00-04:00,22.729999542236328,23.0,22.729999542236328,22.979999542236328,100000,18.748088836669922,0.0
NNI,2011-05-03 20:00:00-04:00,22.979999542236328,23.010000228881836,22.75,22.780000686645508,83000,18.584924697875977,0.0
NNI,2011-05-04 20:00:00-04:00,22.6299991607666,22.719999313354492,22.299999237060547,22.450000762939453,78200,18.31568717956543,0.0
NNI,2011-05-05 20:00:00-04:00,22.709999084472656,22.799999237060547,22.239999771118164,22.350000381469727,72100,18.23410987854004,0.0
NNI,2011-05-08 20:00:00-04:00,22.270000457763672,22.56999969482422,22.190000534057617,22.43000030517578,72000,18.299375534057617,0.0
NNI,2011-05-09 20:00:00-04:00,22.6200008392334,23.350000381469727,22.540000915527344,23.190000534057617,136600,18.919414520263672,0.0
NNI,2011-05-10 20:00:00-04:00,23.1200008392334,23.299999237060547,22.700000762939453,22.729999542236328,190700,18.54412841796875,0.0
NNI,2011-05-11 20:00:00-04:00,22.610000610351562,22.719999313354492,22.299999237060547,22.350000381469727,114000,18.23410987854004,0.0
NNI,2011-05-12 20:00:00-04:00,22.40999984741211,22.40999984741211,21.68000030517578,21.770000457763672,144800,17.76091957092285,0.0
NNI,2011-05-15 20:00:00-04:00,21.639999389648438,21.709999084472656,21.360000610351562,21.3700008392334,134300,17.43458366394043,0.0
NNI,2011-05-16 20:00:00-04:00,21.25,21.649999618530273,21.100000381469727,21.459999084472656,114400,17.508005142211914,0.0
NNI,2011-05-17 20:00:00-04:00,21.479999542236328,21.520000457763672,21.260000228881836,21.389999389648438,92300,17.45089340209961,0.0
NNI,2011-05-18 20:00:00-04:00,21.510000228881836,21.530000686645508,21.239999771118164,21.270000457763672,135400,17.352998733520508,0.0
NNI,2011-05-19 20:00:00-04:00,21.15999984741211,21.34000015258789,21.06999969482422,21.079999923706055,103200,17.197982788085938,0.0
NNI,2011-05-22 20:00:00-04:00,20.899999618530273,21.06999969482422,20.799999237060547,20.889999389648438,129900,17.0429744720459,0.0
NNI,2011-05-23 20:00:00-04:00,20.899999618530273,21.049999237060547,20.559999465942383,20.690000534057617,117900,16.879806518554688,0.0
NNI,2011-05-24 20:00:00-04:00,20.6200008392334,21.020000457763672,20.600000381469727,21.0,86800,17.13271713256836,0.0
NNI,2011-05-25 20:00:00-04:00,20.90999984741211,21.290000915527344,20.639999389648438,21.239999771118164,60500,17.32852554321289,0.0
NNI,2011-05-26 20:00:00-04:00,21.239999771118164,21.459999084472656,21.15999984741211,21.299999237060547,29500,17.459674835205078,0.1
NNI,2011-05-30 20:00:00-04:00,21.559999465942383,22.149999618530273,21.559999465942383,21.989999771118164,181300,18.025270462036133,0.0
NNI,2011-05-31 20:00:00-04:00,21.8700008392334,21.8700008392334,21.360000610351562,21.389999389648438,158900,17.533443450927734,0.0
NNI,2011-06-01 20:00:00-04:00,21.389999389648438,21.420000076293945,21.06999969482422,21.25,53200,17.418684005737305,0.0
NNI,2011-06-02 20:00:00-04:00,21.0,21.43000030517578,20.989999771118164,21.3700008392334,112300,17.51705551147461,0.0
NNI,2011-06-05 20:00:00-04:00,21.290000915527344,21.34000015258789,21.020000457763672,21.200000762939453,124000,17.377704620361328,0.0
NNI,2011-06-06 20:00:00-04:00,21.34000015258789,21.670000076293945,21.239999771118164,21.3799991607666,90400,17.525253295898438,0.0
NNI,2011-06-07 20:00:00-04:00,21.25,21.5,20.950000762939453,20.969999313354492,121900,17.189167022705078,0.0
NNI,2011-06-08 20:00:00-04:00,21.010000228881836,21.219999313354492,20.670000076293945,20.68000030517578,81700,16.951461791992188,0.0
NNI,2011-06-09 20:00:00-04:00,20.530000686645508,20.639999389648438,19.8700008392334,20.170000076293945,227900,16.53341293334961,0.0
NNI,2011-06-12 20:00:00-04:00,20.18000030517578,20.260000228881836,19.75,19.84000015258789,117200,16.262908935546875,0.0
NNI,2011-06-13 20:00:00-04:00,20.010000228881836,20.309999465942383,19.670000076293945,19.979999542236328,217200,16.377666473388672,0.0
NNI,2011-06-14 20:00:00-04:00,19.770000457763672,19.899999618530273,19.520000457763672,19.68000030517578,117800,16.131755828857422,0.0
NNI,2011-06-15 20:00:00-04:00,19.700000762939453,20.329999923706055,19.690000534057617,20.219999313354492,358300,16.574392318725586,0.0
NNI,2011-06-16 20:00:00-04:00,20.540000915527344,20.770000457763672,20.34000015258789,20.600000381469727,296200,16.88588523864746,0.0
NNI,2011-06-19 20:00:00-04:00,20.59000015258789,20.920000076293945,20.440000534057617,20.8799991607666,110400,17.115392684936523,0.0
NNI,2011-06-20 20:00:00-04:00,21.0,21.520000457763672,20.969999313354492,21.459999084472656,112700,17.590822219848633,0.0
NNI,2011-06-21 20:00:00-04:00,21.3700008392334,21.59000015258789,21.200000762939453,21.450000762939453,138700,17.582630157470703,0.0
NNI,2011-06-22 20:00:00-04:00,21.18000030517578,21.760000228881836,20.8799991607666,21.760000228881836,115000,17.83673667907715,0.0
NNI,2011-06-23 20:00:00-04:00,21.780000686645508,21.889999389648438,21.34000015258789,21.6200008392334,210300,17.721982955932617,0.0
NNI,2011-06-26 20:00:00-04:00,21.559999465942383,22.0,21.559999465942383,21.959999084472656,61700,18.00067710876465,0.0
NNI,2011-06-27 20:00:00-04:00,22.0,22.0,21.8799991607666,22.0,72000,18.03346824645996,0.0
NNI,2011-06-28 20:00:00-04:00,22.0,22.110000610351562,21.68000030517578,22.110000610351562,71600,18.12363052368164,0.0
NNI,2011-06-29 20:00:00-04:00,22.1299991607666,22.290000915527344,21.950000762939453,22.059999465942383,89900,18.082645416259766,0.0
NNI,2011-06-30 20:00:00-04:00,22.06999969482422,22.229999542236328,21.860000610351562,22.139999389648438,144300,18.148221969604492,0.0
NNI,2011-07-04 20:00:00-04:00,22.09000015258789,22.1200008392334,21.809999465942383,21.969999313354492,63200,18.008872985839844,0.0
NNI,2011-07-05 20:00:00-04:00,21.8799991607666,22.25,21.790000915527344,22.219999313354492,87900,18.21380043029785,0.0
NNI,2011-07-06 20:00:00-04:00,22.43000030517578,22.850000381469727,22.309999465942383,22.690000534057617,83900,18.599063873291016,0.0
NNI,2011-07-07 20:00:00-04:00,22.350000381469727,22.59000015258789,22.040000915527344,22.329999923706055,80200,18.30396842956543,0.0
NNI,2011-07-10 20:00:00-04:00,22.100000381469727,22.270000457763672,21.809999465942383,21.93000030517578,73400,17.9760799407959,0.0
NNI,2011-07-11 20:00:00-04:00,21.889999389648438,22.25,21.889999389648438,22.0,60600,18.03346824645996,0.0
NNI,2011-07-12 20:00:00-04:00,22.100000381469727,22.399999618530273,21.8799991607666,22.040000915527344,88000,18.066253662109375,0.0
NNI,2011-07-13 20:00:00-04:00,22.110000610351562,22.1200008392334,21.6200008392334,21.65999984741211,77800,17.754764556884766,0.0
NNI,2011-07-14 20:00:00-04:00,21.760000228881836,21.770000457763672,21.170000076293945,21.420000076293945,81900,17.55803680419922,0.0
NNI,2011-07-17 20:00:00-04:00,21.3700008392334,21.3799991607666,20.850000381469727,21.139999389648438,43900,17.328521728515625,0.0
NNI,2011-07-18 20:00:00-04:00,21.239999771118164,21.360000610351562,20.93000030517578,21.149999618530273,89300,17.336715698242188,0.0
NNI,2011-07-19 20:00:00-04:00,21.18000030517578,21.31999969482422,21.0,21.059999465942383,52500,17.2629451751709,0.0
NNI,2011-07-20 20:00:00-04:00,21.209999084472656,21.639999389648438,21.149999618530273,21.579999923706055,80000,17.689191818237305,0.0
NNI,2011-07-21 20:00:00-04:00,21.549999237060547,21.549999237060547,21.1299991607666,21.200000762939453,94200,17.377704620361328,0.0
NNI,2011-07-24 20:00:00-04:00,20.959999084472656,21.25,20.829999923706055,20.979999542236328,60300,17.197364807128906,0.0
NNI,2011-07-25 20:00:00-04:00,20.979999542236328,21.020000457763672,20.219999313354492,20.299999237060547,132200,16.639968872070312,0.0
NNI,2011-07-26 20:00:00-04:00,20.239999771118164,20.31999969482422,20.020000457763672,20.059999465942383,248400,16.443246841430664,0.0
NNI,2011-07-27 20:00:00-04:00,20.170000076293945,20.399999618530273,19.959999084472656,20.110000610351562,68500,16.484222412109375,0.0
NNI,2011-07-28 20:00:00-04:00,19.93000030517578,20.360000610351562,19.770000457763672,20.15999984741211,161900,16.525222778320312,0.0
NNI,2011-07-31 20:00:00-04:00,20.329999923706055,20.399999618530273,19.899999618530273,20.219999313354492,132900,16.574392318725586,0.0
NNI,2011-08-01 20:00:00-04:00,20.1200008392334,20.270000457763672,19.670000076293945,19.75,119700,16.189132690429688,0.0
NNI,2011-08-02 20:00:00-04:00,19.829999923706055,20.3700008392334,19.6299991607666,20.139999389648438,106900,16.508817672729492,0.0
NNI,2011-08-03 20:00:00-04:00,19.969999313354492,20.299999237060547,19.6299991607666,19.639999389648438,151800,16.098970413208008,0.0
NNI,2011-08-04 20:00:00-04:00,19.780000686645508,19.8700008392334,18.8799991607666,19.309999465942383,141600,15.828459739685059,0.0
NNI,2011-08-07 20:00:00-04:00,18.700000762939453,19.3700008392334,17.34000015258789,17.34000015258789,259400,14.21364688873291,0.0
NNI,2011-08-08 20:00:00-04:00,16.5,19.1200008392334,16.5,19.110000610351562,375100,15.664522171020508,0.0
NNI,2011-08-09 20:00:00-04:00,18.670000076293945,19.149999618530273,17.8799991607666,18.030000686645508,244700,14.779244422912598,0.0
NNI,2011-08-10 20:00:00-04:00,18.18000030517578,19.5,18.149999618530273,19.09000015258789,257700,15.6481294631958,0.0
NNI,2011-08-11 20:00:00-04:00,19.399999618530273,19.5,18.809999465942383,19.1200008392334,123000,15.672721862792969,0.0
NNI,2011-08-14 20:00:00-04:00,19.389999389648438,19.700000762939453,18.90999984741211,19.209999084472656,162000,15.74649715423584,0.0
NNI,2011-08-15 20:00:00-04:00,18.920000076293945,19.3700008392334,18.450000762939453,19.139999389648438,168500,15.68911075592041,0.0
NNI,2011-08-16 20:00:00-04:00,19.219999313354492,19.6200008392334,19.190000534057617,19.299999237060547,67900,15.820266723632812,0.0
NNI,2011-08-17 20:00:00-04:00,18.670000076293945,18.899999618530273,18.0,18.1299991607666,164100,14.86121654510498,0.0
NNI,2011-08-18 20:00:00-04:00,17.809999465942383,18.3700008392334,17.690000534057617,17.860000610351562,161200,14.639896392822266,0.0
NNI,2011-08-21 20:00:00-04:00,18.389999389648438,18.420000076293945,17.850000381469727,17.899999618530273,201900,14.672688484191895,0.0
NNI,2011-08-22 20:00:00-04:00,17.959999084472656,18.760000228881836,17.799999237060547,18.6299991607666,185100,15.271069526672363,0.0
NNI,2011-08-23 20:00:00-04:00,18.6299991607666,19.280000686645508,18.479999542236328,19.139999389648438,151800,15.68911075592041,0.0
NNI,2011-08-24 20:00:00-04:00,19.420000076293945,19.479999542236328,18.709999084472656,18.81999969482422,136600,15.426807403564453,0.0
NNI,2011-08-25 20:00:00-04:00,18.68000030517578,19.34000015258789,18.459999084472656,19.209999084472656,114600,15.74649715423584,0.0
NNI,2011-08-28 20:00:00-04:00,19.530000686645508,19.690000534057617,19.31999969482422,19.440000534057617,134700,15.935020446777344,0.0
NNI,2011-08-29 20:00:00-04:00,19.190000534057617,19.329999923706055,18.690000534057617,19.0,204400,15.654887199401855,0.1
NNI,2011-08-30 20:00:00-04:00,19.18000030517578,19.360000610351562,18.790000915527344,19.200000762939453,160900,15.81967544555664,0.0
NNI,2011-08-31 20:00:00-04:00,19.15999984741211,19.389999389648438,18.520000457763672,18.579999923706055,130900,15.30882453918457,0.0
NNI,2011-09-01 20:00:00-04:00,18.149999618530273,18.40999984741211,17.850000381469727,18.09000015258789,191100,14.905098915100098,0.0
NNI,2011-09-05 20:00:00-04:00,17.489999771118164,18.309999465942383,17.489999771118164,18.260000228881836,124600,15.045171737670898,0.0
NNI,2011-09-06 20:00:00-04:00,18.56999969482422,19.149999618530273,18.5,19.110000610351562,142600,15.74551773071289,0.0
NNI,2011-09-07 20:00:00-04:00,18.989999771118164,19.260000228881836,18.559999465942383,18.700000762939453,112900,15.40770149230957,0.0
NNI,2011-09-08 20:00:00-04:00,18.540000915527344,18.68000030517578,18.049999237060547,18.25,136600,15.036931991577148,0.0
NNI,2011-09-11 20:00:00-04:00,17.940000534057617,18.540000915527344,17.809999465942383,18.5,126000,15.24291706085205,0.0
NNI,2011-09-12 20:00:00-04:00,18.59000015258789,18.809999465942383,18.3700008392334,18.729999542236328,117200,15.432424545288086,0.0
NNI,2011-09-13 20:00:00-04:00,18.809999465942383,19.690000534057617,18.639999389648438,19.389999389648438,132600,15.976229667663574,0.0
NNI,2011-09-14 20:00:00-04:00,19.6299991607666,19.719999313354492,19.139999389648438,19.469999313354492,81800,16.042137145996094,0.0
NNI,2011-09-15 20:00:00-04:00,19.610000610351562,19.90999984741211,19.219999313354492,19.65999984741211,154900,16.198686599731445,0.0
NNI,2011-09-18 20:00:00-04:00,19.229999542236328,19.3799991607666,18.920000076293945,19.190000534057617,70100,15.811441421508789,0.0
NNI,2011-09-19 20:00:00-04:00,19.299999237060547,19.40999984741211,18.979999542236328,18.979999542236328,103800,15.638406753540039,0.0
NNI,2011-09-20 20:00:00-04:00,19.040000915527344,19.309999465942383,18.190000534057617,18.239999771118164,110600,15.02868938446045,0.0
NNI,2011-09-21 20:00:00-04:00,17.6299991607666,18.639999389648438,17.6299991607666,17.940000534057617,133200,14.781510353088379,0.0
NNI,2011-09-22 20:00:00-04:00,17.889999389648438,18.25,17.860000610351562,18.15999984741211,129200,14.962775230407715,0.0
NNI,2011-09-25 20:00:00-04:00,18.3799991607666,18.639999389648438,17.989999771118164,18.5,73200,15.24291706085205,0.0
NNI,2011-09-26 20:00:00-04:00,18.940000534057617,19.299999237060547,18.600000381469727,18.799999237060547,103300,15.49009895324707,0.0
NNI,2011-09-27 20:00:00-04:00,18.799999237060547,18.850000381469727,18.079999923706055,18.079999923706055,103000,14.896859169006348,0.0
NNI,2011-09-28 20:00:00-04:00,18.549999237060547,19.059999465942383,18.3700008392334,19.040000915527344,91200,15.687844276428223,0.0
NNI,2011-09-29 20:00:00-04:00,18.709999084472656,19.079999923706055,18.68000030517578,18.780000686645508,155700,15.47362232208252,0.0
NNI,2011-10-02 20:00:00-04:00,18.600000381469727,19.18000030517578,17.739999771118164,17.75,141100,14.624958038330078,0.0
NNI,2011-10-03 20:00:00-04:00,17.56999969482422,18.84000015258789,17.56999969482422,18.75,231100,15.44890308380127,0.0
NNI,2011-10-04 20:00:00-04:00,18.799999237060547,18.979999542236328,18.25,18.75,108100,15.44890308380127,0.0
NNI,2011-10-05 20:00:00-04:00,18.6299991607666,19.56999969482422,18.6299991607666,19.549999237060547,123000,16.108055114746094,0.0
NNI,2011-10-06 20:00:00-04:00,19.59000015258789,19.65999984741211,18.899999618530273,19.020000457763672,102500,15.671363830566406,0.0
NNI,2011-10-09 20:00:00-04:00,19.489999771118164,20.1299991607666,19.31999969482422,20.100000381469727,118200,16.56121826171875,0.0
NNI,2011-10-10 20:00:00-04:00,19.860000610351562,20.5,19.860000610351562,20.3700008392334,103900,16.783693313598633,0.0
NNI,2011-10-11 20:00:00-04:00,20.600000381469727,20.600000381469727,20.059999465942383,20.229999542236328,124200,16.668338775634766,0.0
NNI,2011-10-12 20:00:00-04:00,20.030000686645508,20.270000457763672,19.649999618530273,20.110000610351562,60900,16.569461822509766,0.0
NNI,2011-10-13 20:00:00-04:00,20.329999923706055,20.530000686645508,19.84000015258789,20.459999084472656,58800,16.85784149169922,0.0
NNI,2011-10-16 20:00:00-04:00,20.219999313354492,20.219999313354492,19.770000457763672,19.799999237060547,129700,16.314037322998047,0.0
NNI,2011-10-17 20:00:00-04:00,19.850000381469727,21.0,19.809999465942383,20.899999618530273,122700,17.220373153686523,0.0
NNI,2011-10-18 20:00:00-04:00,20.809999465942383,21.030000686645508,20.1299991607666,20.239999771118164,89100,16.67658042907715,0.0
NNI,2011-10-19 20:00:00-04:00,20.270000457763672,20.3799991607666,19.850000381469727,20.280000686645508,103700,16.709531784057617,0.0
NNI,2011-10-20 20:00:00-04:00,20.639999389648438,21.1200008392334,20.549999237060547,21.110000610351562,88200,17.393402099609375,0.0
NNI,2011-10-23 20:00:00-04:00,21.1299991607666,21.600000381469727,21.030000686645508,21.15999984741211,122300,17.43460464477539,0.0
NNI,2011-10-24 20:00:00-04:00,21.0,21.149999618530273,19.639999389648438,19.729999542236328,222500,16.256362915039062,0.0
NNI,2011-10-25 20:00:00-04:00,20.170000076293945,20.520000457763672,19.850000381469727,20.399999618530273,135800,16.80840301513672,0.0
NNI,2011-10-26 20:00:00-04:00,21.420000076293945,21.84000015258789,21.170000076293945,21.75,167200,17.920732498168945,0.0
NNI,2011-10-27 20:00:00-04:00,21.56999969482422,21.90999984741211,21.510000228881836,21.6200008392334,76800,17.813615798950195,0.0
NNI,2011-10-30 20:00:00-04:00,21.219999313354492,21.75,21.049999237060547,21.479999542236328,115000,17.698261260986328,0.0
NNI,2011-10-31 20:00:00-04:00,20.65999984741211,21.1200008392334,20.149999618530273,20.270000457763672,113000,16.7012939453125,0.0
NNI,2011-11-01 20:00:00-04:00,20.690000534057617,21.06999969482422,20.600000381469727,20.860000610351562,101200,17.18742561340332,0.0
NNI,2011-11-02 20:00:00-04:00,21.200000762939453,21.530000686645508,20.399999618530273,21.329999923706055,72800,17.574674606323242,0.0
NNI,2011-11-03 20:00:00-04:00,21.100000381469727,21.200000762939453,20.639999389648438,20.809999465942383,83600,17.146223068237305,0.0
NNI,2011-11-06 19:00:00-05:00,20.829999923706055,21.0,20.31999969482422,20.90999984741211,50100,17.228620529174805,0.0
NNI,2011-11-07 19:00:00-05:00,21.139999389648438,21.139999389648438,20.270000457763672,20.959999084472656,54600,17.26980209350586,0.0
NNI,2011-11-08 19:00:00-05:00,21.850000381469727,21.850000381469727,20.979999542236328,21.25,207500,17.508752822875977,0.0
NNI,2011-11-09 19:00:00-05:00,21.639999389648438,21.780000686645508,21.149999618530273,21.770000457763672,143700,17.93720817565918,0.0
NNI,2011-11-10 19:00:00-05:00,21.979999542236328,22.600000381469727,21.850000381469727,22.489999771118164,91100,18.530445098876953,0.0
NNI,2011-11-13 19:00:00-05:00,22.309999465942383,22.309999465942383,21.90999984741211,22.049999237060547,107400,18.167903900146484,0.0
NNI,2011-11-14 19:00:00-05:00,22.0,22.610000610351562,21.860000610351562,22.479999542236328,144600,18.522201538085938,0.0
NNI,2011-11-15 19:00:00-05:00,22.229999542236328,22.739999771118164,22.09000015258789,22.25,182400,18.33269691467285,0.0
NNI,2011-11-16 19:00:00-05:00,22.25,22.389999389648438,21.729999542236328,22.0,167600,18.126724243164062,0.0
NNI,2011-11-17 19:00:00-05:00,22.149999618530273,22.290000915527344,21.479999542236328,21.719999313354492,118400,17.89600372314453,0.0
NNI,2011-11-20 19:00:00-05:00,21.329999923706055,21.709999084472656,20.889999389648438,21.610000610351562,100000,17.805377960205078,0.0
NNI,2011-11-21 19:00:00-05:00,21.56999969482422,21.959999084472656,21.34000015258789,21.600000381469727,92200,17.797138214111328,0.0
NNI,2011-11-22 19:00:00-05:00,21.200000762939453,21.520000457763672,20.969999313354492,21.190000534057617,92000,17.459325790405273,0.0
NNI,2011-11-24 19:00:00-05:00,21.1200008392334,21.65999984741211,21.1200008392334,21.399999618530273,51800,17.632347106933594,0.0
NNI,2011-11-27 19:00:00-05:00,22.1299991607666,22.290000915527344,21.610000610351562,21.93000030517578,121300,18.06903648376465,0.0
NNI,2011-11-28 19:00:00-05:00,21.790000915527344,21.920000076293945,21.360000610351562,21.479999542236328,69900,17.77933692932129,0.1
NNI,2011-11-29 19:00:00-05:00,22.0,22.969999313354492,21.290000915527344,22.90999984741211,231800,18.962968826293945,0.0
NNI,2011-11-30 19:00:00-05:00,22.75,23.09000015258789,22.3799991607666,22.979999542236328,89800,19.02090835571289,0.0
NNI,2011-12-01 19:00:00-05:00,23.25,23.56999969482422,23.0,23.270000457763672,104700,19.260950088500977,0.0
NNI,2011-12-04 19:00:00-05:00,23.610000610351562,24.1299991607666,23.389999389648438,24.059999465942383,145900,19.914836883544922,0.0
NNI,2011-12-05 19:00:00-05:00,24.059999465942383,24.149999618530273,23.559999465942383,24.049999237060547,164400,19.906566619873047,0.0
NNI,2011-12-06 19:00:00-05:00,23.829999923706055,24.489999771118164,23.65999984741211,24.329999923706055,243600,20.138322830200195,0.0
NNI,2011-12-07 19:00:00-05:00,24.1200008392334,24.229999542236328,23.1200008392334,23.219999313354492,136700,19.219558715820312,0.0
NNI,2011-12-08 19:00:00-05:00,23.350000381469727,24.329999923706055,23.350000381469727,24.0,195300,19.86517906188965,0.0
NNI,2011-12-11 19:00:00-05:00,23.790000915527344,23.850000381469727,23.350000381469727,23.81999969482422,89500,19.716188430786133,0.0
NNI,2011-12-12 19:00:00-05:00,23.93000030517578,24.6200008392334,23.700000762939453,23.940000534057617,135300,19.815519332885742,0.0
NNI,2011-12-13 19:00:00-05:00,23.65999984741211,24.389999389648438,23.6299991607666,23.950000762939453,95400,19.823787689208984,0.0
NNI,2011-12-14 19:00:00-05:00,24.25,24.34000015258789,23.520000457763672,24.1299991607666,143700,19.9727840423584,0.0
NNI,2011-12-15 19:00:00-05:00,24.290000915527344,24.6200008392334,23.799999237060547,24.079999923706055,214800,19.931394577026367,0.0
NNI,2011-12-18 19:00:00-05:00,24.170000076293945,24.559999465942383,23.399999618530273,23.469999313354492,113200,19.42648696899414,0.0
NNI,2011-12-19 19:00:00-05:00,23.959999084472656,24.729999542236328,23.959999084472656,24.639999389648438,147500,20.394914627075195,0.0
NNI,2011-12-20 19:00:00-05:00,24.549999237060547,24.75,24.239999771118164,24.610000610351562,51300,20.370084762573242,0.0
NNI,2011-12-21 19:00:00-05:00,24.700000762939453,24.739999771118164,24.3700008392334,24.5,51800,20.279037475585938,0.0
NNI,2011-12-22 19:00:00-05:00,24.639999389648438,24.719999313354492,24.239999771118164,24.649999618530273,81100,20.4031925201416,0.0
NNI,2011-12-26 19:00:00-05:00,24.639999389648438,24.690000534057617,24.420000076293945,24.59000015258789,57600,20.353530883789062,0.0
NNI,2011-12-27 19:00:00-05:00,24.639999389648438,24.639999389648438,24.280000686645508,24.399999618530273,167500,20.19626235961914,0.0
NNI,2011-12-28 19:00:00-05:00,24.450000762939453,24.639999389648438,24.450000762939453,24.579999923706055,212900,20.345252990722656,0.0
NNI,2011-12-29 19:00:00-05:00,24.510000228881836,24.540000915527344,24.280000686645508,24.469999313354492,190400,20.254201889038086,0.0
NNI,2012-01-02 19:00:00-05:00,24.6299991607666,25.06999969482422,24.6299991607666,24.760000228881836,125200,20.49424934387207,0.0
NNI,2012-01-03 19:00:00-05:00,24.719999313354492,24.770000457763672,24.309999465942383,24.389999389648438,125300,20.187984466552734,0.0
NNI,2012-01-04 19:00:00-05:00,24.31999969482422,24.540000915527344,23.739999771118164,24.399999618530273,99700,20.19626235961914,0.0
NNI,2012-01-05 19:00:00-05:00,24.329999923706055,24.469999313354492,23.979999542236328,24.020000457763672,81200,19.881732940673828,0.0
NNI,2012-01-08 19:00:00-05:00,24.149999618530273,24.360000610351562,23.75,23.93000030517578,112500,19.807231903076172,0.0
NNI,2012-01-09 19:00:00-05:00,24.229999542236328,24.299999237060547,24.0,24.170000076293945,139800,20.00588607788086,0.0
NNI,2012-01-10 19:00:00-05:00,24.020000457763672,24.34000015258789,24.020000457763672,24.309999465942383,42800,20.121767044067383,0.0
NNI,2012-01-11 19:00:00-05:00,24.329999923706055,24.350000381469727,24.1200008392334,24.260000228881836,41700,20.080385208129883,0.0
NNI,2012-01-12 19:00:00-05:00,23.920000076293945,24.18000030517578,23.719999313354492,23.899999618530273,50900,19.782405853271484,0.0
NNI,2012-01-16 19:00:00-05:00,23.959999084472656,24.350000381469727,23.90999984741211,24.040000915527344,92700,19.898284912109375,0.0
NNI,2012-01-17 19:00:00-05:00,24.030000686645508,24.5,23.799999237060547,24.43000030517578,56600,20.221099853515625,0.0
NNI,2012-01-18 19:00:00-05:00,24.5,24.700000762939453,24.290000915527344,24.329999923706055,91500,20.138322830200195,0.0
NNI,2012-01-19 19:00:00-05:00,24.290000915527344,24.68000030517578,24.209999084472656,24.489999771118164,77900,20.270763397216797,0.0
NNI,2012-01-22 19:00:00-05:00,24.520000457763672,24.81999969482422,24.450000762939453,24.670000076293945,48400,20.41975212097168,0.0
NNI,2012-01-23 19:00:00-05:00,24.549999237060547,24.75,24.25,24.690000534057617,65600,20.43630027770996,0.0
NNI,2012-01-24 19:00:00-05:00,24.6299991607666,24.84000015258789,24.440000534057617,24.719999313354492,52400,20.46113395690918,0.0
NNI,2012-01-25 19:00:00-05:00,24.809999465942383,24.899999618530273,24.479999542236328,24.739999771118164,56300,20.477685928344727,0.0
NNI,2012-01-26 19:00:00-05:00,24.59000015258789,24.899999618530273,24.479999542236328,24.790000915527344,75400,20.519073486328125,0.0
NNI,2012-01-29 19:00:00-05:00,24.600000381469727,24.65999984741211,24.260000228881836,24.31999969482422,89500,20.130043029785156,0.0
NNI,2012-01-30 19:00:00-05:00,24.479999542236328,24.760000228881836,24.31999969482422,24.649999618530273,75800,20.4031925201416,0.0
NNI,2012-01-31 19:00:00-05:00,24.75,25.670000076293945,24.709999084472656,25.59000015258789,253700,21.18124771118164,0.0
NNI,2012-02-01 19:00:00-05:00,25.700000762939453,25.979999542236328,25.299999237060547,25.350000381469727,133800,20.982593536376953,0.0
NNI,2012-02-02 19:00:00-05:00,25.719999313354492,26.200000762939453,25.649999618530273,26.15999984741211,95400,21.653045654296875,0.0
NNI,2012-02-05 19:00:00-05:00,26.020000457763672,26.020000457763672,25.540000915527344,25.739999771118164,51300,21.305402755737305,0.0
NNI,2012-02-06 19:00:00-05:00,25.780000686645508,26.020000457763672,25.68000030517578,25.93000030517578,72700,21.46267318725586,0.0
NNI,2012-02-07 19:00:00-05:00,25.93000030517578,26.209999084472656,25.799999237060547,26.0,102100,21.520610809326172,0.0
NNI,2012-02-08 19:00:00-05:00,26.0,26.110000610351562,25.81999969482422,25.8799991607666,43900,21.421287536621094,0.0
NNI,2012-02-09 19:00:00-05:00,25.579999923706055,25.8700008392334,25.350000381469727,25.780000686645508,63500,21.338510513305664,0.0
NNI,2012-02-12 19:00:00-05:00,25.989999771118164,26.209999084472656,25.860000610351562,25.90999984741211,45100,21.44611358642578,0.0
NNI,2012-02-13 19:00:00-05:00,25.739999771118164,26.0,25.510000228881836,26.0,85000,21.520610809326172,0.0
NNI,2012-02-14 19:00:00-05:00,26.06999969482422,26.06999969482422,25.219999313354492,25.260000228881836,99100,20.908103942871094,0.0
NNI,2012-02-15 19:00:00-05:00,25.270000457763672,26.0,25.25,26.0,65600,21.520610809326172,0.0
NNI,2012-02-16 19:00:00-05:00,26.040000915527344,26.040000915527344,25.799999237060547,25.93000030517578,57200,21.46267318725586,0.0
NNI,2012-02-20 19:00:00-05:00,26.030000686645508,26.079999923706055,25.729999542236328,25.989999771118164,52400,21.5123348236084,0.0
NNI,2012-02-21 19:00:00-05:00,25.81999969482422,26.06999969482422,25.6200008392334,25.959999084472656,72800,21.48750114440918,0.0
NNI,2012-02-22 19:00:00-05:00,25.899999618530273,26.360000610351562,25.690000534057617,26.049999237060547,60400,21.561994552612305,0.0
NNI,2012-02-23 19:00:00-05:00,26.100000381469727,26.34000015258789,25.739999771118164,25.8700008392334,42100,21.413007736206055,0.0
NNI,2012-02-26 19:00:00-05:00,25.649999618530273,25.989999771118164,25.31999969482422,25.93000030517578,35000,21.46267318725586,0.0
NNI,2012-02-27 19:00:00-05:00,25.899999618530273,26.010000228881836,25.420000076293945,25.540000915527344,97800,21.221704483032227,0.1
NNI,2012-02-28 19:00:00-05:00,26.700000762939453,27.200000762939453,26.18000030517578,26.420000076293945,318300,21.952913284301758,0.0
NNI,2012-02-29 19:00:00-05:00,26.559999465942383,26.790000915527344,25.81999969482422,25.8700008392334,150000,21.495908737182617,0.0
NNI,2012-03-01 19:00:00-05:00,25.93000030517578,26.100000381469727,25.350000381469727,25.579999923706055,120800,21.25493812561035,0.0
NNI,2012-03-04 19:00:00-05:00,25.59000015258789,26.350000381469727,25.56999969482422,26.329999923706055,125400,21.878129959106445,0.0
NNI,2012-03-05 19:00:00-05:00,26.010000228881836,26.31999969482422,25.43000030517578,25.549999237060547,86300,21.230010986328125,0.0
NNI,2012-03-06 19:00:00-05:00,25.68000030517578,25.850000381469727,25.40999984741211,25.649999618530273,76000,21.313106536865234,0.0
NNI,2012-03-07 19:00:00-05:00,25.719999313354492,26.030000686645508,25.31999969482422,25.979999542236328,115900,21.58730697631836,0.0
NNI,2012-03-08 19:00:00-05:00,25.979999542236328,26.479999542236328,25.690000534057617,26.399999618530273,128700,21.936296463012695,0.0
NNI,2012-03-11 20:00:00-04:00,26.459999084472656,26.459999084472656,26.059999465942383,26.25,67800,21.811660766601562,0.0
NNI,2012-03-12 20:00:00-04:00,26.479999542236328,26.68000030517578,26.190000534057617,26.670000076293945,116300,22.160634994506836,0.0
NNI,2012-03-13 20:00:00-04:00,26.610000610351562,26.979999542236328,26.399999618530273,26.649999618530273,81900,22.144018173217773,0.0
NNI,2012-03-14 20:00:00-04:00,26.540000915527344,27.010000228881836,26.5,26.84000015258789,98900,22.301897048950195,0.0
NNI,2012-03-15 20:00:00-04:00,26.860000610351562,26.989999771118164,26.559999465942383,26.65999984741211,195500,22.152332305908203,0.0
NNI,2012-03-18 20:00:00-04:00,26.59000015258789,27.049999237060547,26.59000015258789,26.65999984741211,95200,22.152332305908203,0.0
NNI,2012-03-19 20:00:00-04:00,26.5,26.780000686645508,26.3700008392334,26.399999618530273,52500,21.936296463012695,0.0
NNI,2012-03-20 20:00:00-04:00,26.520000457763672,26.729999542236328,26.34000015258789,26.510000228881836,64600,22.02768898010254,0.0
NNI,2012-03-21 20:00:00-04:00,26.25,26.6200008392334,26.06999969482422,26.459999084472656,125200,21.98615074157715,0.0
NNI,2012-03-22 20:00:00-04:00,26.510000228881836,26.579999923706055,26.31999969482422,26.540000915527344,52100,22.052627563476562,0.0
NNI,2012-03-25 20:00:00-04:00,26.809999465942383,27.09000015258789,26.6200008392334,26.739999771118164,90900,22.218807220458984,0.0
NNI,2012-03-26 20:00:00-04:00,26.809999465942383,27.09000015258789,26.399999618530273,26.459999084472656,129700,21.98615074157715,0.0
NNI,2012-03-27 20:00:00-04:00,26.479999542236328,26.540000915527344,26.1200008392334,26.440000534057617,41000,21.96953582763672,0.0
NNI,2012-03-28 20:00:00-04:00,26.239999771118164,26.399999618530273,25.84000015258789,25.959999084472656,72600,21.570690155029297,0.0
NNI,2012-03-29 20:00:00-04:00,26.149999618530273,26.149999618530273,25.520000457763672,25.90999984741211,101200,21.52914047241211,0.0
NNI,2012-04-01 20:00:00-04:00,25.780000686645508,26.639999389648438,25.729999542236328,26.540000915527344,125000,22.052627563476562,0.0
NNI,2012-04-02 20:00:00-04:00,26.450000762939453,26.459999084472656,26.040000915527344,26.299999237060547,55200,21.853199005126953,0.0
NNI,2012-04-03 20:00:00-04:00,26.049999237060547,26.149999618530273,25.59000015258789,25.790000915527344,63300,21.429428100585938,0.0
NNI,2012-04-04 20:00:00-04:00,25.6299991607666,26.020000457763672,25.540000915527344,25.729999542236328,90500,21.37957763671875,0.0
NNI,2012-04-08 20:00:00-04:00,25.299999237060547,25.299999237060547,24.850000381469727,25.0,74200,20.77300453186035,0.0
NNI,2012-04-09 20:00:00-04:00,25.020000457763672,25.149999618530273,24.489999771118164,24.700000762939453,166000,20.52372169494629,0.0
NNI,2012-04-10 20:00:00-04:00,24.950000762939453,25.190000534057617,24.809999465942383,25.079999923706055,90700,20.839481353759766,0.0
NNI,2012-04-11 20:00:00-04:00,25.040000915527344,25.399999618530273,25.0,25.260000228881836,97600,20.98904800415039,0.0
NNI,2012-04-12 20:00:00-04:00,25.110000610351562,25.110000610351562,24.770000457763672,24.780000686645508,71100,20.5902042388916,0.0
NNI,2012-04-15 20:00:00-04:00,24.920000076293945,25.549999237060547,24.780000686645508,25.3700008392334,95900,21.080448150634766,0.0
NNI,2012-04-16 20:00:00-04:00,25.549999237060547,25.860000610351562,25.420000076293945,25.510000228881836,70500,21.196775436401367,0.0
NNI,2012-04-17 20:00:00-04:00,25.350000381469727,25.350000381469727,24.799999237060547,24.8799991607666,81000,20.673301696777344,0.0
NNI,2012-04-18 20:00:00-04:00,24.969999313354492,25.020000457763672,24.43000030517578,24.760000228881836,83200,20.573589324951172,0.0
NNI,2012-04-19 20:00:00-04:00,24.989999771118164,25.709999084472656,24.950000762939453,25.31999969482422,119800,21.038898468017578,0.0
NNI,2012-04-22 20:00:00-04:00,24.920000076293945,25.100000381469727,24.649999618530273,25.0,96300,20.77300453186035,0.0
NNI,2012-04-23 20:00:00-04:00,24.969999313354492,25.3700008392334,24.850000381469727,25.239999771118164,89300,20.972429275512695,0.0
NNI,2012-04-24 20:00:00-04:00,25.459999084472656,25.84000015258789,25.329999923706055,25.459999084472656,44700,21.155227661132812,0.0
NNI,2012-04-25 20:00:00-04:00,25.3799991607666,25.56999969482422,25.190000534057617,25.420000076293945,27900,21.12199592590332,0.0
NNI,2012-04-26 20:00:00-04:00,25.530000686645508,25.979999542236328,25.309999465942383,25.889999389648438,89900,21.51251792907715,0.0
NNI,2012-04-29 20:00:00-04:00,25.790000915527344,26.1299991607666,25.739999771118164,25.81999969482422,85000,21.454362869262695,0.0
NNI,2012-04-30 20:00:00-04:00,25.739999771118164,26.15999984741211,25.43000030517578,25.510000228881836,75800,21.196775436401367,0.0
NNI,2012-05-01 20:00:00-04:00,25.299999237060547,25.31999969482422,24.93000030517578,25.209999084472656,77000,20.947498321533203,0.0
NNI,2012-05-02 20:00:00-04:00,25.149999618530273,25.190000534057617,24.75,24.959999084472656,71000,20.73977279663086,0.0
NNI,2012-05-03 20:00:00-04:00,24.790000915527344,24.790000915527344,24.260000228881836,24.440000534057617,106500,20.30769157409668,0.0
NNI,2012-05-06 20:00:00-04:00,24.350000381469727,24.6200008392334,24.170000076293945,24.280000686645508,57000,20.17474365234375,0.0
NNI,2012-05-07 20:00:00-04:00,24.079999923706055,24.489999771118164,23.90999984741211,24.43000030517578,120400,20.29938507080078,0.0
NNI,2012-05-08 20:00:00-04:00,24.209999084472656,24.43000030517578,23.989999771118164,24.34000015258789,93000,20.224599838256836,0.0
NNI,2012-05-09 20:00:00-04:00,24.43000030517578,24.440000534057617,23.770000457763672,23.989999771118164,99700,19.93377685546875,0.0
NNI,2012-05-10 20:00:00-04:00,23.799999237060547,24.170000076293945,23.639999389648438,23.920000076293945,72000,19.8756160736084,0.0
NNI,2012-05-13 20:00:00-04:00,23.6200008392334,23.8700008392334,23.479999542236328,23.549999237060547,80400,19.56816291809082,0.0
NNI,2012-05-14 20:00:00-04:00,23.5,23.81999969482422,23.3799991607666,23.649999618530273,65000,19.65126609802246,0.0
NNI,2012-05-15 20:00:00-04:00,23.690000534057617,23.790000915527344,23.389999389648438,23.40999984741211,51100,19.451839447021484,0.0
NNI,2012-05-16 20:00:00-04:00,23.389999389648438,23.559999465942383,23.079999923706055,23.079999923706055,72000,19.177640914916992,0.0
NNI,2012-05-17 20:00:00-04:00,23.030000686645508,23.200000762939453,22.440000534057617,22.600000381469727,120800,18.778799057006836,0.0
NNI,2012-05-20 20:00:00-04:00,22.709999084472656,23.06999969482422,22.440000534057617,23.06999969482422,68500,19.169321060180664,0.0
NNI,2012-05-21 20:00:00-04:00,23.049999237060547,23.31999969482422,22.540000915527344,22.719999313354492,85900,18.87850570678711,0.0
NNI,2012-05-22 20:00:00-04:00,22.479999542236328,22.690000534057617,22.170000076293945,22.68000030517578,49000,18.84527015686035,0.0
NNI,2012-05-23 20:00:00-04:00,22.65999984741211,22.790000915527344,22.260000228881836,22.600000381469727,46000,18.778799057006836,0.0
NNI,2012-05-24 20:00:00-04:00,22.6200008392334,22.790000915527344,22.360000610351562,22.770000457763672,74900,18.920061111450195,0.0
NNI,2012-05-28 20:00:00-04:00,22.969999313354492,23.190000534057617,22.81999969482422,23.020000457763672,76500,19.127784729003906,0.0
NNI,2012-05-29 20:00:00-04:00,22.68000030517578,23.200000762939453,22.40999984741211,23.06999969482422,92900,19.25295639038086,0.1
NNI,2012-05-30 20:00:00-04:00,23.030000686645508,23.399999618530273,22.739999771118164,23.34000015258789,137700,19.47829246520996,0.0
NNI,2012-05-31 20:00:00-04:00,22.899999618530273,23.059999465942383,22.360000610351562,22.399999618530273,82500,18.693824768066406,0.0
NNI,2012-06-03 20:00:00-04:00,22.530000686645508,22.690000534057617,22.329999923706055,22.6299991607666,52600,18.885766983032227,0.0
NNI,2012-06-04 20:00:00-04:00,22.479999542236328,22.709999084472656,22.260000228881836,22.34000015258789,107300,18.64375114440918,0.0
NNI,2012-06-05 20:00:00-04:00,22.489999771118164,22.940000534057617,22.290000915527344,22.920000076293945,106400,19.12778091430664,0.0
NNI,2012-06-06 20:00:00-04:00,23.15999984741211,23.229999542236328,22.81999969482422,22.8799991607666,77800,19.094398498535156,0.0
NNI,2012-06-07 20:00:00-04:00,22.809999465942383,23.1299991607666,22.43000030517578,23.110000610351562,125500,19.286348342895508,0.0
NNI,2012-06-10 20:00:00-04:00,23.360000610351562,23.360000610351562,22.200000762939453,22.229999542236328,106600,18.55194664001465,0.0
NNI,2012-06-11 20:00:00-04:00,22.329999923706055,22.40999984741211,21.8700008392334,21.989999771118164,116600,18.351652145385742,0.0
NNI,2012-06-12 20:00:00-04:00,21.93000030517578,22.239999771118164,21.670000076293945,21.770000457763672,92700,18.168058395385742,0.0
NNI,2012-06-13 20:00:00-04:00,21.719999313354492,22.059999465942383,21.559999465942383,21.75,70200,18.151371002197266,0.0
NNI,2012-06-14 20:00:00-04:00,21.799999237060547,22.170000076293945,21.649999618530273,22.15999984741211,168100,18.493526458740234,0.0
NNI,2012-06-17 20:00:00-04:00,21.950000762939453,22.1299991607666,21.56999969482422,21.700000762939453,95200,18.109638214111328,0.0
NNI,2012-06-18 20:00:00-04:00,21.770000457763672,22.579999923706055,21.600000381469727,22.530000686645508,161600,18.802309036254883,0.0
NNI,2012-06-19 20:00:00-04:00,22.579999923706055,22.579999923706055,22.09000015258789,22.239999771118164,43700,18.56029510498047,0.0
NNI,2012-06-20 20:00:00-04:00,22.1200008392334,22.299999237060547,21.489999771118164,21.700000762939453,86700,18.109638214111328,0.0
NNI,2012-06-21 20:00:00-04:00,21.84000015258789,22.540000915527344,21.760000228881836,22.399999618530273,236600,18.693824768066406,0.0
NNI,2012-06-24 20:00:00-04:00,21.950000762939453,22.139999389648438,21.75,22.020000457763672,53400,18.376691818237305,0.0
NNI,2012-06-25 20:00:00-04:00,22.06999969482422,22.549999237060547,21.889999389648438,22.31999969482422,108000,18.627052307128906,0.0
NNI,2012-06-26 20:00:00-04:00,22.350000381469727,22.829999923706055,22.280000686645508,22.540000915527344,52100,18.810653686523438,0.0
NNI,2012-06-27 20:00:00-04:00,22.40999984741211,22.549999237060547,22.1299991607666,22.440000534057617,61100,18.727205276489258,0.0
NNI,2012-06-28 20:00:00-04:00,22.889999389648438,23.06999969482422,22.68000030517578,23.0,88700,19.19454574584961,0.0
NNI,2012-07-01 20:00:00-04:00,23.049999237060547,24.079999923706055,23.049999237060547,24.059999465942383,104600,20.07916259765625,0.0
NNI,2012-07-02 20:00:00-04:00,23.989999771118164,24.18000030517578,23.93000030517578,24.170000076293945,46300,20.17096519470215,0.0
NNI,2012-07-04 20:00:00-04:00,24.06999969482422,24.06999969482422,23.389999389648438,23.780000686645508,97000,19.845491409301758,0.0
NNI,2012-07-05 20:00:00-04:00,23.5,23.75,23.440000534057617,23.6299991607666,72700,19.720308303833008,0.0
NNI,2012-07-08 20:00:00-04:00,23.520000457763672,23.600000381469727,23.1200008392334,23.34000015258789,99900,19.47829246520996,0.0
NNI,2012-07-09 20:00:00-04:00,23.3799991607666,23.510000228881836,22.959999084472656,23.149999618530273,137100,19.319721221923828,0.0
NNI,2012-07-10 20:00:00-04:00,23.1299991607666,23.299999237060547,22.899999618530273,23.110000610351562,65600,19.286348342895508,0.0
NNI,2012-07-11 20:00:00-04:00,22.8700008392334,23.200000762939453,22.799999237060547,22.989999771118164,74000,19.186203002929688,0.0
NNI,2012-07-12 20:00:00-04:00,23.139999389648438,23.81999969482422,23.139999389648438,23.770000457763672,40800,19.83714485168457,0.0
NNI,2012-07-15 20:00:00-04:00,23.639999389648438,23.979999542236328,23.3799991607666,23.450000762939453,35500,19.570091247558594,0.0
NNI,2012-07-16 20:00:00-04:00,23.68000030517578,23.8700008392334,23.25,23.440000534057617,42800,19.561742782592773,0.0
NNI,2012-07-17 20:00:00-04:00,23.3700008392334,23.780000686645508,23.3700008392334,23.600000381469727,66000,19.695270538330078,0.0
NNI,2012-07-18 20:00:00-04:00,23.600000381469727,23.700000762939453,23.190000534057617,23.31999969482422,93900,19.46160316467285,0.0
NNI,2012-07-19 20:00:00-04:00,23.209999084472656,23.559999465942383,23.18000030517578,23.260000228881836,42300,19.411531448364258,0.0
NNI,2012-07-22 20:00:00-04:00,22.829999923706055,22.860000610351562,22.450000762939453,22.56999969482422,49600,18.835695266723633,0.0
NNI,2012-07-23 20:00:00-04:00,22.68000030517578,22.68000030517578,22.15999984741211,22.329999923706055,61400,18.635408401489258,0.0
NNI,2012-07-24 20:00:00-04:00,22.489999771118164,22.579999923706055,22.209999084472656,22.489999771118164,65500,18.768932342529297,0.0
NNI,2012-07-25 20:00:00-04:00,22.8700008392334,23.0,22.360000610351562,22.639999389648438,38400,18.894107818603516,0.0
NNI,2012-07-26 20:00:00-04:00,22.790000915527344,23.3799991607666,22.56999969482422,23.34000015258789,72100,19.47829246520996,0.0
NNI,2012-07-29 20:00:00-04:00,23.309999465942383,23.780000686645508,23.309999465942383,23.690000534057617,63700,19.770383834838867,0.0
NNI,2012-07-30 20:00:00-04:00,23.600000381469727,24.079999923706055,23.459999084472656,23.510000228881836,68000,19.62016487121582,0.0
NNI,2012-07-31 20:00:00-04:00,23.600000381469727,23.690000534057617,23.020000457763672,23.020000457763672,128500,19.211238861083984,0.0
NNI,2012-08-01 20:00:00-04:00,22.829999923706055,23.309999465942383,22.690000534057617,23.149999618530273,59800,19.319721221923828,0.0
NNI,2012-08-02 20:00:00-04:00,23.489999771118164,24.079999923706055,23.450000762939453,23.979999542236328,58500,20.01240348815918,0.0
NNI,2012-08-05 20:00:00-04:00,24.040000915527344,24.040000915527344,23.329999923706055,23.649999618530273,95300,19.73700523376465,0.0
NNI,2012-08-06 20:00:00-04:00,23.760000228881836,23.84000015258789,23.56999969482422,23.68000030517578,56900,19.76203727722168,0.0
NNI,2012-08-07 20:00:00-04:00,23.549999237060547,23.81999969482422,22.469999313354492,23.540000915527344,74700,19.645200729370117,0.0
NNI,2012-08-08 20:00:00-04:00,23.799999237060547,23.81999969482422,23.399999618530273,23.56999969482422,56500,19.670236587524414,0.0
NNI,2012-08-09 20:00:00-04:00,23.420000076293945,23.84000015258789,23.280000686645508,23.780000686645508,48500,19.845491409301758,0.0
NNI,2012-08-12 20:00:00-04:00,23.799999237060547,24.209999084472656,23.729999542236328,24.0,111800,20.02909278869629,0.0
NNI,2012-08-13 20:00:00-04:00,24.0,24.0,23.34000015258789,23.459999084472656,73100,19.578439712524414,0.0
NNI,2012-08-14 20:00:00-04:00,23.389999389648438,24.399999618530273,23.389999389648438,24.3799991607666,63800,20.346214294433594,0.0
NNI,2012-08-15 20:00:00-04:00,24.34000015258789,24.40999984741211,24.15999984741211,24.34000015258789,40000,20.312843322753906,0.0
NNI,2012-08-16 20:00:00-04:00,24.260000228881836,24.700000762939453,24.030000686645508,24.690000534057617,120100,20.60493278503418,0.0
NNI,2012-08-19 20:00:00-04:00,24.510000228881836,24.690000534057617,24.229999542236328,24.520000457763672,61300,20.463062286376953,0.0
NNI,2012-08-20 20:00:00-04:00,24.639999389648438,24.989999771118164,23.989999771118164,24.1299991607666,61900,20.137588500976562,0.0
NNI,2012-08-21 20:00:00-04:00,24.049999237060547,24.149999618530273,23.610000610351562,23.75,57500,19.820459365844727,0.0
NNI,2012-08-22 20:00:00-04:00,23.700000762939453,23.809999465942383,23.489999771118164,23.579999923706055,30800,19.6785831451416,0.0
NNI,2012-08-23 20:00:00-04:00,23.459999084472656,24.020000457763672,23.450000762939453,23.860000610351562,37100,19.91225814819336,0.0
NNI,2012-08-26 20:00:00-04:00,23.899999618530273,24.06999969482422,23.75,23.979999542236328,29200,20.01240348815918,0.0
NNI,2012-08-27 20:00:00-04:00,23.90999984741211,24.309999465942383,23.850000381469727,23.940000534057617,50500,19.979022979736328,0.0
NNI,2012-08-28 20:00:00-04:00,23.899999618530273,23.959999084472656,23.639999389648438,23.81999969482422,59500,19.962263107299805,0.1
NNI,2012-08-29 20:00:00-04:00,23.639999389648438,23.979999542236328,23.610000610351562,23.639999389648438,86700,19.8114013671875,0.0
NNI,2012-08-30 20:00:00-04:00,23.75,24.0,23.59000015258789,23.950000762939453,101500,20.07120704650879,0.0
NNI,2012-09-03 20:00:00-04:00,23.90999984741211,24.290000915527344,23.739999771118164,24.15999984741211,73000,20.2471981048584,0.0
NNI,2012-09-04 20:00:00-04:00,24.100000381469727,24.100000381469727,23.40999984741211,23.510000228881836,153600,19.70246696472168,0.0
NNI,2012-09-05 20:00:00-04:00,23.670000076293945,23.899999618530273,23.670000076293945,23.809999465942383,53400,19.953876495361328,0.0
NNI,2012-09-06 20:00:00-04:00,23.940000534057617,23.940000534057617,23.6299991607666,23.75,50600,19.903594970703125,0.0
NNI,2012-09-09 20:00:00-04:00,23.690000534057617,24.020000457763672,23.690000534057617,23.760000228881836,30100,19.911977767944336,0.0
NNI,2012-09-10 20:00:00-04:00,23.709999084472656,23.8700008392334,23.510000228881836,23.84000015258789,65300,19.979019165039062,0.0
NNI,2012-09-11 20:00:00-04:00,23.950000762939453,23.950000762939453,23.6299991607666,23.84000015258789,53500,19.979019165039062,0.0
NNI,2012-09-12 20:00:00-04:00,23.790000915527344,24.510000228881836,23.75,24.389999389648438,56600,20.439937591552734,0.0
NNI,2012-09-13 20:00:00-04:00,24.5,24.709999084472656,24.309999465942383,24.459999084472656,76700,20.49860191345215,0.0
NNI,2012-09-16 20:00:00-04:00,24.40999984741211,24.540000915527344,24.149999618530273,24.510000228881836,49100,20.540515899658203,0.0
NNI,2012-09-17 20:00:00-04:00,24.389999389648438,24.479999542236328,24.270000457763672,24.399999618530273,51800,20.448322296142578,0.0
NNI,2012-09-18 20:00:00-04:00,24.399999618530273,24.399999618530273,23.799999237060547,23.829999923706055,71700,19.97063636779785,0.0
NNI,2012-09-19 20:00:00-04:00,23.65999984741211,23.809999465942383,23.440000534057617,23.670000076293945,48000,19.836551666259766,0.0
NNI,2012-09-20 20:00:00-04:00,23.959999084472656,24.09000015258789,23.600000381469727,23.950000762939453,137500,20.07120704650879,0.0
NNI,2012-09-23 20:00:00-04:00,23.760000228881836,24.40999984741211,23.68000030517578,24.209999084472656,64500,20.289093017578125,0.0
NNI,2012-09-24 20:00:00-04:00,24.200000762939453,24.43000030517578,23.65999984741211,23.68000030517578,76000,19.844934463500977,0.0
NNI,2012-09-25 20:00:00-04:00,23.760000228881836,23.8700008392334,23.559999465942383,23.68000030517578,37200,19.844934463500977,0.0
NNI,2012-09-26 20:00:00-04:00,23.729999542236328,24.18000030517578,23.65999984741211,24.040000915527344,49800,20.146625518798828,0.0
NNI,2012-09-27 20:00:00-04:00,23.889999389648438,24.079999923706055,23.700000762939453,23.739999771118164,63200,19.895212173461914,0.0
NNI,2012-09-30 20:00:00-04:00,23.850000381469727,24.229999542236328,23.540000915527344,23.75,59000,19.903594970703125,0.0
NNI,2012-10-01 20:00:00-04:00,23.81999969482422,23.860000610351562,23.6299991607666,23.780000686645508,32800,19.92873764038086,0.0
NNI,2012-10-02 20:00:00-04:00,23.75,23.989999771118164,23.5,23.729999542236328,44000,19.88683319091797,0.0
NNI,2012-10-03 20:00:00-04:00,23.889999389648438,24.049999237060547,23.719999313354492,24.0,43900,20.113109588623047,0.0
NNI,2012-10-04 20:00:00-04:00,24.020000457763672,24.049999237060547,23.690000534057617,23.739999771118164,47600,19.895212173461914,0.0
NNI,2012-10-07 20:00:00-04:00,23.68000030517578,23.68000030517578,23.399999618530273,23.520000457763672,36200,19.710847854614258,0.0
NNI,2012-10-08 20:00:00-04:00,23.469999313354492,23.549999237060547,23.200000762939453,23.3799991607666,50800,19.593521118164062,0.0
NNI,2012-10-09 20:00:00-04:00,23.420000076293945,24.0,23.18000030517578,24.0,120900,20.113109588623047,0.0
NNI,2012-10-10 20:00:00-04:00,24.170000076293945,24.190000534057617,23.8700008392334,24.040000915527344,92500,20.146625518798828,0.0
NNI,2012-10-11 20:00:00-04:00,24.010000228881836,24.110000610351562,23.700000762939453,23.920000076293945,86000,20.04606819152832,0.0
NNI,2012-10-14 20:00:00-04:00,23.90999984741211,24.34000015258789,23.760000228881836,24.329999923706055,122700,20.389665603637695,0.0
NNI,2012-10-15 20:00:00-04:00,24.440000534057617,25.290000915527344,24.350000381469727,24.989999771118164,169700,20.94277572631836,0.0
NNI,2012-10-16 20:00:00-04:00,25.0,25.15999984741211,24.899999618530273,25.040000915527344,88300,20.984676361083984,0.0
NNI,2012-10-17 20:00:00-04:00,25.030000686645508,25.030000686645508,24.829999923706055,24.829999923706055,60900,20.808691024780273,0.0
NNI,2012-10-18 20:00:00-04:00,24.6299991607666,24.6299991607666,23.889999389648438,24.0,119200,20.113109588623047,0.0
NNI,2012-10-21 20:00:00-04:00,23.959999084472656,24.1299991607666,23.75,23.81999969482422,48800,19.962263107299805,0.0
NNI,2012-10-22 20:00:00-04:00,23.6200008392334,24.1299991607666,23.3700008392334,23.90999984741211,60400,20.037677764892578,0.0
NNI,2012-10-23 20:00:00-04:00,23.969999313354492,23.969999313354492,23.809999465942383,23.809999465942383,24900,19.953876495361328,0.0
NNI,2012-10-24 20:00:00-04:00,24.0,24.010000228881836,23.75,23.969999313354492,34800,20.08796501159668,0.0
NNI,2012-10-25 20:00:00-04:00,24.010000228881836,24.149999618530273,23.920000076293945,24.110000610351562,29100,20.205291748046875,0.0
NNI,2012-10-30 20:00:00-04:00,24.1200008392334,24.40999984741211,23.989999771118164,24.40999984741211,40300,20.456703186035156,0.0
NNI,2012-10-31 20:00:00-04:00,24.479999542236328,25.0,24.479999542236328,24.760000228881836,98200,20.750022888183594,0.0
NNI,2012-11-01 20:00:00-04:00,24.889999389648438,25.0,24.309999465942383,24.399999618530273,66600,20.448322296142578,0.0
NNI,2012-11-04 19:00:00-05:00,24.34000015258789,24.43000030517578,24.219999313354492,24.3700008392334,51100,20.42317771911621,0.0
NNI,2012-11-05 19:00:00-05:00,24.600000381469727,24.860000610351562,24.469999313354492,24.809999465942383,37500,20.79191780090332,0.0
NNI,2012-11-06 19:00:00-05:00,24.440000534057617,24.5,23.489999771118164,23.6299991607666,81400,19.803022384643555,0.0
NNI,2012-11-07 19:00:00-05:00,23.6299991607666,24.18000030517578,23.459999084472656,23.940000534057617,71800,20.062820434570312,0.0
NNI,2012-11-08 19:00:00-05:00,23.559999465942383,25.0,23.170000076293945,24.780000686645508,144600,20.766780853271484,0.0
NNI,2012-11-11 19:00:00-05:00,25.200000762939453,26.209999084472656,25.110000610351562,26.010000228881836,161700,21.79758071899414,0.0
NNI,2012-11-12 19:00:00-05:00,25.809999465942383,27.200000762939453,25.579999923706055,26.790000915527344,136200,22.451261520385742,0.0
NNI,2012-11-13 19:00:00-05:00,26.920000076293945,27.06999969482422,26.440000534057617,26.670000076293945,107400,22.35068702697754,0.0
NNI,2012-11-14 19:00:00-05:00,25.610000610351562,25.959999084472656,25.329999923706055,25.6299991607666,140100,22.403135299682617,1.1
NNI,2012-11-15 19:00:00-05:00,25.540000915527344,26.799999237060547,25.399999618530273,26.760000228881836,115100,23.390867233276367,0.0
NNI,2012-11-18 19:00:00-05:00,27.100000381469727,27.469999313354492,26.799999237060547,27.459999084472656,113200,24.002735137939453,0.0
NNI,2012-11-19 19:00:00-05:00,27.34000015258789,27.540000915527344,26.770000457763672,27.010000228881836,118700,23.609399795532227,0.0
NNI,2012-11-20 19:00:00-05:00,27.139999389648438,28.100000381469727,27.139999389648438,28.030000686645508,98300,24.500974655151367,0.0
NNI,2012-11-22 19:00:00-05:00,27.450000762939453,27.809999465942383,25.59000015258789,26.940000534057617,319000,23.548208236694336,0.0
NNI,2012-11-25 19:00:00-05:00,27.09000015258789,27.950000762939453,27.049999237060547,27.719999313354492,120000,24.229999542236328,0.0
NNI,2012-11-26 19:00:00-05:00,27.770000457763672,28.219999313354492,27.770000457763672,28.100000381469727,127400,24.562158584594727,0.0
NNI,2012-11-27 19:00:00-05:00,27.600000381469727,28.459999084472656,27.600000381469727,28.450000762939453,121300,24.868091583251953,0.0
NNI,2012-11-28 19:00:00-05:00,28.56999969482422,29.0,28.489999771118164,28.770000457763672,187700,25.147802352905273,0.0
NNI,2012-11-29 19:00:00-05:00,28.729999542236328,29.0,28.399999618530273,28.59000015258789,251600,24.99047088623047,0.0
NNI,2012-12-02 19:00:00-05:00,28.719999313354492,29.049999237060547,28.68000030517578,28.920000076293945,204400,25.27892303466797,0.0
NNI,2012-12-03 19:00:00-05:00,29.059999465942383,29.239999771118164,28.75,28.8799991607666,192700,25.243953704833984,0.0
NNI,2012-12-04 19:00:00-05:00,28.899999618530273,28.90999984741211,28.540000915527344,28.579999923706055,298300,24.981725692749023,0.0
NNI,2012-12-05 19:00:00-05:00,28.6299991607666,28.670000076293945,28.229999542236328,28.440000534057617,213900,24.859355926513672,0.0
NNI,2012-12-06 19:00:00-05:00,28.520000457763672,28.739999771118164,28.31999969482422,28.440000534057617,220100,24.859355926513672,0.0
NNI,2012-12-09 19:00:00-05:00,28.389999389648438,29.5,28.389999389648438,29.170000076293945,311800,25.49744415283203,0.0
NNI,2012-12-10 19:00:00-05:00,29.25,29.600000381469727,29.020000457763672,29.399999618530273,218400,25.698484420776367,0.0
NNI,2012-12-11 19:00:00-05:00,29.549999237060547,29.8700008392334,29.309999465942383,29.530000686645508,123800,25.81212043762207,0.0
NNI,2012-12-12 19:00:00-05:00,29.479999542236328,29.549999237060547,28.639999389648438,28.959999084472656,123900,25.313884735107422,0.0
NNI,2012-12-13 19:00:00-05:00,28.770000457763672,29.200000762939453,28.719999313354492,28.850000381469727,161800,25.217729568481445,0.0
NNI,2012-12-16 19:00:00-05:00,28.8799991607666,29.979999542236328,28.600000381469727,29.889999389648438,275400,26.126792907714844,0.0
NNI,2012-12-17 19:00:00-05:00,29.8700008392334,29.899999618530273,28.93000030517578,29.139999389648438,89200,25.471221923828125,0.0
NNI,2012-12-18 19:00:00-05:00,29.200000762939453,29.200000762939453,28.649999618530273,29.040000915527344,79900,25.383804321289062,0.0
NNI,2012-12-19 19:00:00-05:00,29.049999237060547,29.6200008392334,28.93000030517578,29.520000457763672,78300,25.803373336791992,0.0
NNI,2012-12-20 19:00:00-05:00,29.34000015258789,29.34000015258789,28.5,29.209999084472656,254300,25.532407760620117,0.0
NNI,2012-12-23 19:00:00-05:00,29.200000762939453,29.780000686645508,29.020000457763672,29.190000534057617,36000,25.51492691040039,0.0
NNI,2012-12-25 19:00:00-05:00,29.190000534057617,29.3700008392334,29.010000228881836,29.170000076293945,49400,25.49744415283203,0.0
NNI,2012-12-26 19:00:00-05:00,29.229999542236328,29.299999237060547,28.65999984741211,29.239999771118164,76600,25.55862808227539,0.0
NNI,2012-12-27 19:00:00-05:00,29.059999465942383,29.489999771118164,29.020000457763672,29.239999771118164,84500,25.55862808227539,0.0
NNI,2012-12-30 19:00:00-05:00,29.18000030517578,29.860000610351562,29.06999969482422,29.790000915527344,139700,26.039390563964844,0.0
NNI,2013-01-01 19:00:00-05:00,30.290000915527344,30.31999969482422,29.93000030517578,30.229999542236328,260000,26.42399024963379,0.0
NNI,2013-01-02 19:00:00-05:00,30.309999465942383,30.729999542236328,30.18000030517578,30.25,86000,26.44146728515625,0.0
NNI,2013-01-03 19:00:00-05:00,30.43000030517578,30.600000381469727,30.06999969482422,30.34000015258789,85600,26.520139694213867,0.0
NNI,2013-01-06 19:00:00-05:00,30.15999984741211,30.280000686645508,29.940000534057617,30.0,83100,26.222942352294922,0.0
NNI,2013-01-07 19:00:00-05:00,30.0,30.049999237060547,29.670000076293945,29.790000915527344,54200,26.039390563964844,0.0
NNI,2013-01-08 19:00:00-05:00,29.780000686645508,29.950000762939453,29.479999542236328,29.5,64600,25.78589630126953,0.0
NNI,2013-01-09 19:00:00-05:00,29.700000762939453,29.700000762939453,29.219999313354492,29.299999237060547,87600,25.6110782623291,0.0
NNI,2013-01-10 19:00:00-05:00,29.360000610351562,29.489999771118164,29.15999984741211,29.399999618530273,54700,25.698484420776367,0.0
NNI,2013-01-13 19:00:00-05:00,29.399999618530273,29.399999618530273,29.100000381469727,29.229999542236328,64400,25.54987907409668,0.0
NNI,2013-01-14 19:00:00-05:00,29.020000457763672,29.110000610351562,28.850000381469727,29.079999923706055,72600,25.418779373168945,0.0
NNI,2013-01-15 19:00:00-05:00,29.030000686645508,29.489999771118164,28.959999084472656,29.350000381469727,73900,25.654775619506836,0.0
NNI,2013-01-16 19:00:00-05:00,29.420000076293945,29.65999984741211,29.309999465942383,29.360000610351562,53300,25.663528442382812,0.0
NNI,2013-01-17 19:00:00-05:00,29.309999465942383,29.3700008392334,28.920000076293945,29.100000381469727,81800,25.436256408691406,0.0
NNI,2013-01-21 19:00:00-05:00,29.020000457763672,29.559999465942383,28.920000076293945,29.549999237060547,83900,25.829599380493164,0.0
NNI,2013-01-22 19:00:00-05:00,29.540000915527344,29.649999618530273,29.34000015258789,29.59000015258789,65200,25.864572525024414,0.0
NNI,2013-01-23 19:00:00-05:00,29.549999237060547,30.040000915527344,29.549999237060547,29.690000534057617,54700,25.951969146728516,0.0
NNI,2013-01-24 19:00:00-05:00,29.829999923706055,30.25,29.610000610351562,30.25,86000,26.44146728515625,0.0
NNI,2013-01-27 19:00:00-05:00,30.389999389648438,30.579999923706055,30.079999923706055,30.239999771118164,98000,26.432727813720703,0.0
NNI,2013-01-28 19:00:00-05:00,30.309999465942383,30.530000686645508,30.18000030517578,30.389999389648438,63800,26.563846588134766,0.0
NNI,2013-01-29 19:00:00-05:00,30.360000610351562,30.3799991607666,29.8700008392334,30.149999618530273,59200,26.35406494140625,0.0
NNI,2013-01-30 19:00:00-05:00,30.06999969482422,30.549999237060547,30.06999969482422,30.43000030517578,92400,26.598806381225586,0.0
NNI,2013-01-31 19:00:00-05:00,30.649999618530273,30.790000915527344,30.420000076293945,30.540000915527344,106800,26.69496726989746,0.0
NNI,2013-02-03 19:00:00-05:00,30.420000076293945,30.780000686645508,30.170000076293945,30.350000381469727,62400,26.528879165649414,0.0
NNI,2013-02-04 19:00:00-05:00,30.40999984741211,30.850000381469727,30.260000228881836,30.639999389648438,46800,26.78236961364746,0.0
NNI,2013-02-05 19:00:00-05:00,30.459999084472656,31.239999771118164,30.420000076293945,31.209999084472656,78600,27.280597686767578,0.0
NNI,2013-02-06 19:00:00-05:00,31.09000015258789,31.6200008392334,30.729999542236328,31.389999389648438,170800,27.43794059753418,0.0
NNI,2013-02-07 19:00:00-05:00,31.510000228881836,31.809999465942383,31.440000534057617,31.649999618530273,159000,27.665206909179688,0.0
NNI,2013-02-10 19:00:00-05:00,31.68000030517578,32.060001373291016,31.68000030517578,31.979999542236328,131500,27.95365333557129,0.0
NNI,2013-02-11 19:00:00-05:00,31.940000534057617,32.43000030517578,31.940000534057617,32.0,110300,27.971141815185547,0.0
NNI,2013-02-12 19:00:00-05:00,32.09000015258789,32.52000045776367,32.09000015258789,32.41999816894531,140600,28.3382568359375,0.0
NNI,2013-02-13 19:00:00-05:00,32.380001068115234,32.68000030517578,32.380001068115234,32.529998779296875,167200,28.434415817260742,0.0
NNI,2013-02-14 19:00:00-05:00,32.70000076293945,33.5,32.70000076293945,32.959999084472656,179100,28.810283660888672,0.0
NNI,2013-02-18 19:00:00-05:00,33.0,33.5,33.0,33.25,161800,29.063772201538086,0.0
NNI,2013-02-19 19:00:00-05:00,33.20000076293945,33.20000076293945,32.5,32.5099983215332,186500,28.416927337646484,0.0
NNI,2013-02-20 19:00:00-05:00,32.52000045776367,32.7599983215332,32.15999984741211,32.5099983215332,80000,28.416927337646484,0.0
NNI,2013-02-21 19:00:00-05:00,32.7400016784668,33.060001373291016,32.529998779296875,32.790000915527344,90600,28.66167640686035,0.0
NNI,2013-02-24 19:00:00-05:00,32.79999923706055,33.060001373291016,31.989999771118164,32.029998779296875,88600,27.99736785888672,0.0
NNI,2013-02-25 19:00:00-05:00,32.02000045776367,32.619998931884766,32.0,32.459999084472656,74400,28.37322425842285,0.0
NNI,2013-02-26 19:00:00-05:00,32.369998931884766,33.189998626708984,32.099998474121094,32.93000030517578,137000,28.87300682067871,0.1
NNI,2013-02-27 19:00:00-05:00,32.97999954223633,33.400001525878906,32.810001373291016,33.18000030517578,123700,29.092205047607422,0.0
NNI,2013-02-28 19:00:00-05:00,33.380001068115234,34.599998474121094,33.209999084472656,34.20000076293945,183000,29.986539840698242,0.0
NNI,2013-03-03 19:00:00-05:00,34.29999923706055,34.63999938964844,34.06999969482422,34.369998931884766,109200,30.135601043701172,0.0
NNI,2013-03-04 19:00:00-05:00,34.5099983215332,35.0,34.45000076293945,34.560001373291016,124600,30.30219268798828,0.0
NNI,2013-03-05 19:00:00-05:00,34.63999938964844,34.63999938964844,34.0099983215332,34.29999923706055,128500,30.074220657348633,0.0
NNI,2013-03-06 19:00:00-05:00,34.290000915527344,34.619998931884766,34.22999954223633,34.4900016784668,139000,30.24080467224121,0.0
NNI,2013-03-07 19:00:00-05:00,35.41999816894531,35.54999923706055,34.369998931884766,34.470001220703125,145400,30.2232723236084,0.0
NNI,2013-03-10 20:00:00-04:00,34.060001373291016,34.41999816894531,33.83000183105469,34.2400016784668,110100,30.02161407470703,0.0
NNI,2013-03-11 20:00:00-04:00,34.18000030517578,34.20000076293945,33.95000076293945,34.09000015258789,65900,29.890085220336914,0.0
NNI,2013-03-12 20:00:00-04:00,34.11000061035156,34.11000061035156,33.84000015258789,33.900001525878906,51100,29.72349739074707,0.0
NNI,2013-03-13 20:00:00-04:00,33.90999984741211,34.060001373291016,33.83000183105469,34.0,63800,29.811180114746094,0.0
NNI,2013-03-14 20:00:00-04:00,34.04999923706055,34.04999923706055,33.5,33.79999923706055,188900,29.63581085205078,0.0
NNI,2013-03-17 20:00:00-04:00,33.43000030517578,34.220001220703125,33.400001525878906,34.099998474121094,81000,29.898855209350586,0.0
NNI,2013-03-18 20:00:00-04:00,34.119998931884766,34.45000076293945,33.7400016784668,34.380001068115234,124700,30.144363403320312,0.0
NNI,2013-03-19 20:00:00-04:00,34.61000061035156,34.61000061035156,34.0,34.33000183105469,56800,30.10052490234375,0.0
NNI,2013-03-20 20:00:00-04:00,34.09000015258789,34.45000076293945,33.81999969482422,33.939998626708984,57000,29.758560180664062,0.0
NNI,2013-03-21 20:00:00-04:00,34.0,34.25,33.59000015258789,33.72999954223633,40900,29.574434280395508,0.0
NNI,2013-03-24 20:00:00-04:00,33.91999816894531,34.34000015258789,33.689998626708984,33.970001220703125,61700,29.784879684448242,0.0
NNI,2013-03-25 20:00:00-04:00,34.220001220703125,34.290000915527344,33.56999969482422,33.91999816894531,53000,29.741025924682617,0.0
NNI,2013-03-26 20:00:00-04:00,33.72999954223633,33.790000915527344,33.43000030517578,33.619998931884766,89400,29.47798728942871,0.0
NNI,2013-03-27 20:00:00-04:00,33.720001220703125,34.0099983215332,33.54999923706055,33.79999923706055,93900,29.63581085205078,0.0
NNI,2013-03-31 20:00:00-04:00,33.72999954223633,33.869998931884766,32.97999954223633,33.650001525878906,81800,29.504295349121094,0.0
NNI,2013-04-01 20:00:00-04:00,33.650001525878906,33.790000915527344,33.43000030517578,33.689998626708984,80500,29.539369583129883,0.0
NNI,2013-04-02 20:00:00-04:00,33.650001525878906,33.709999084472656,32.95000076293945,33.029998779296875,54800,28.960683822631836,0.0
NNI,2013-04-03 20:00:00-04:00,33.040000915527344,33.31999969482422,33.040000915527344,33.20000076293945,80000,29.1097412109375,0.0
NNI,2013-04-04 20:00:00-04:00,32.70000076293945,32.90999984741211,32.459999084472656,32.630001068115234,39200,28.609960556030273,0.0
NNI,2013-04-07 20:00:00-04:00,32.58000183105469,32.900001525878906,32.27000045776367,32.880001068115234,46300,28.829166412353516,0.0
NNI,2013-04-08 20:00:00-04:00,32.869998931884766,33.040000915527344,32.70000076293945,32.900001525878906,101400,28.846702575683594,0.0
NNI,2013-04-09 20:00:00-04:00,32.91999816894531,33.7400016784668,32.91999816894531,33.650001525878906,72800,29.504295349121094,0.0
NNI,2013-04-10 20:00:00-04:00,33.5099983215332,33.790000915527344,33.45000076293945,33.720001220703125,68900,29.565673828125,0.0
NNI,2013-04-11 20:00:00-04:00,33.5,33.84000015258789,33.5,33.58000183105469,51300,29.442922592163086,0.0
NNI,2013-04-14 20:00:00-04:00,33.2599983215332,33.40999984741211,31.559999465942383,31.65999984741211,120800,27.75947380065918,0.0
NNI,2013-04-15 20:00:00-04:00,31.959999084472656,32.599998474121094,31.760000228881836,32.43000030517578,89600,28.434606552124023,0.0
NNI,2013-04-16 20:00:00-04:00,32.209999084472656,32.619998931884766,31.760000228881836,32.45000076293945,104800,28.452138900756836,0.0
NNI,2013-04-17 20:00:00-04:00,32.58000183105469,33.70000076293945,32.41999816894531,33.36000061035156,144400,29.250028610229492,0.0
NNI,2013-04-18 20:00:00-04:00,33.40999984741211,34.11000061035156,33.40999984741211,33.91999816894531,79600,29.741025924682617,0.0
NNI,2013-04-21 20:00:00-04:00,34.09000015258789,34.09000015258789,33.220001220703125,33.56999969482422,44400,29.43414878845215,0.0
NNI,2013-04-22 20:00:00-04:00,33.79999923706055,34.150001525878906,33.2599983215332,34.130001068115234,50100,29.92516326904297,0.0
NNI,2013-04-23 20:00:00-04:00,34.11000061035156,34.25,33.7400016784668,34.130001068115234,37700,29.92516326904297,0.0
NNI,2013-04-24 20:00:00-04:00,34.31999969482422,34.65999984741211,34.099998474121094,34.20000076293945,58000,29.986539840698242,0.0
NNI,2013-04-25 20:00:00-04:00,34.189998626708984,34.189998626708984,33.220001220703125,33.5099983215332,60200,29.381547927856445,0.0
NNI,2013-04-28 20:00:00-04:00,33.75,34.189998626708984,33.5099983215332,34.119998931884766,32000,29.916393280029297,0.0
NNI,2013-04-29 20:00:00-04:00,34.119998931884766,34.119998931884766,33.790000915527344,34.0,42200,29.811180114746094,0.0
NNI,2013-04-30 20:00:00-04:00,33.029998779296875,33.88999938964844,33.029998779296875,33.470001220703125,131300,29.346467971801758,0.0
NNI,2013-05-01 20:00:00-04:00,33.599998474121094,34.380001068115234,33.599998474121094,34.20000076293945,43000,29.986539840698242,0.0
NNI,2013-05-02 20:00:00-04:00,34.7400016784668,35.33000183105469,34.58000183105469,35.0099983215332,62200,30.696748733520508,0.0
NNI,2013-05-05 20:00:00-04:00,34.93000030517578,35.4900016784668,34.81999969482422,34.93000030517578,48400,30.626609802246094,0.0
NNI,2013-05-06 20:00:00-04:00,34.93000030517578,35.5,34.779998779296875,35.45000076293945,55700,31.082536697387695,0.0
NNI,2013-05-07 20:00:00-04:00,35.4900016784668,35.4900016784668,35.209999084472656,35.45000076293945,39800,31.082536697387695,0.0
NNI,2013-05-08 20:00:00-04:00,35.33000183105469,35.47999954223633,35.0,35.130001068115234,45400,30.801965713500977,0.0
NNI,2013-05-09 20:00:00-04:00,35.22999954223633,35.5,34.189998626708984,34.63999938964844,84600,30.37233543395996,0.0
NNI,2013-05-12 20:00:00-04:00,34.810001373291016,35.540000915527344,34.790000915527344,35.45000076293945,174000,31.082536697387695,0.0
NNI,2013-05-13 20:00:00-04:00,35.560001373291016,36.349998474121094,35.40999984741211,36.31999969482422,163800,31.845340728759766,0.0
NNI,2013-05-14 20:00:00-04:00,36.18000030517578,36.9900016784668,36.08000183105469,36.900001525878906,115000,32.35389709472656,0.0
NNI,2013-05-15 20:00:00-04:00,36.880001068115234,37.09000015258789,36.02000045776367,36.290000915527344,112200,31.819059371948242,0.0
NNI,2013-05-16 20:00:00-04:00,36.369998931884766,37.34000015258789,36.310001373291016,37.130001068115234,110100,32.55556869506836,0.0
NNI,2013-05-19 20:00:00-04:00,37.130001068115234,37.720001220703125,36.9900016784668,37.5099983215332,50800,32.88874053955078,0.0
NNI,2013-05-20 20:00:00-04:00,37.63999938964844,37.84000015258789,37.380001068115234,37.79999923706055,66200,33.143009185791016,0.0
NNI,2013-05-21 20:00:00-04:00,37.75,38.33000183105469,37.75,38.119998931884766,130800,33.423587799072266,0.0
NNI,2013-05-22 20:00:00-04:00,37.709999084472656,38.29999923706055,37.34000015258789,38.099998474121094,120900,33.40604782104492,0.0
NNI,2013-05-23 20:00:00-04:00,38.02000045776367,38.599998474121094,37.959999084472656,38.5,96400,33.75676727294922,0.0
NNI,2013-05-27 20:00:00-04:00,38.68000030517578,39.97999954223633,38.68000030517578,39.27000045776367,228200,34.431915283203125,0.0
NNI,2013-05-28 20:00:00-04:00,39.09000015258789,39.34000015258789,38.810001373291016,39.13999938964844,93800,34.40554428100586,0.1
NNI,2013-05-29 20:00:00-04:00,39.25,39.90999984741211,39.25,39.380001068115234,54800,34.616512298583984,0.0
NNI,2013-05-30 20:00:00-04:00,39.11000061035156,39.59000015258789,39.029998779296875,39.060001373291016,42600,34.33522415161133,0.0
NNI,2013-06-02 20:00:00-04:00,39.279998779296875,39.83000183105469,38.81999969482422,39.439998626708984,172300,34.669246673583984,0.0
NNI,2013-06-03 20:00:00-04:00,39.439998626708984,39.619998931884766,39.09000015258789,39.380001068115234,124100,34.616512298583984,0.0
NNI,2013-06-04 20:00:00-04:00,38.04999923706055,38.58000183105469,36.959999084472656,38.290000915527344,159100,33.658348083496094,0.0
NNI,2013-06-05 20:00:00-04:00,38.369998931884766,38.689998626708984,38.06999969482422,38.52000045776367,97900,33.86053466796875,0.0
NNI,2013-06-06 20:00:00-04:00,38.20000076293945,38.68000030517578,36.959999084472656,38.41999816894531,138100,33.77263641357422,0.0
NNI,2013-06-09 20:00:00-04:00,38.5,38.63999938964844,37.97999954223633,38.25,155900,33.62319564819336,0.0
NNI,2013-06-10 20:00:00-04:00,37.970001220703125,38.29999923706055,37.349998474121094,38.099998474121094,98700,33.491336822509766,0.0
NNI,2013-06-11 20:00:00-04:00,38.220001220703125,38.2400016784668,37.84000015258789,38.119998931884766,62500,33.5089225769043,0.0
NNI,2013-06-12 20:00:00-04:00,38.0,38.77000045776367,37.900001525878906,38.56999969482422,62600,33.90449523925781,0.0
NNI,2013-06-13 20:00:00-04:00,38.25,38.689998626708984,37.56999969482422,37.599998474121094,67000,33.051822662353516,0.0
NNI,2013-06-16 20:00:00-04:00,37.540000915527344,37.900001525878906,37.2599983215332,37.4900016784668,114200,32.95512390136719,0.0
NNI,2013-06-17 20:00:00-04:00,37.560001373291016,37.79999923706055,37.02000045776367,37.369998931884766,96700,32.849647521972656,0.0
NNI,2013-06-18 20:00:00-04:00,37.41999816894531,37.599998474121094,36.220001220703125,36.29999923706055,130100,31.909072875976562,0.0
NNI,2013-06-19 20:00:00-04:00,35.77000045776367,36.2599983215332,35.65999984741211,36.189998626708984,130300,31.8123779296875,0.0
NNI,2013-06-20 20:00:00-04:00,36.34000015258789,36.34000015258789,35.52000045776367,35.91999816894531,293200,31.575035095214844,0.0
NNI,2013-06-23 20:00:00-04:00,35.630001068115234,35.88999938964844,35.400001525878906,35.619998931884766,112400,31.31134033203125,0.0
NNI,2013-06-24 20:00:00-04:00,35.81999969482422,36.06999969482422,35.77000045776367,35.900001525878906,106900,31.55746841430664,0.0
NNI,2013-06-25 20:00:00-04:00,36.04999923706055,36.04999923706055,35.43000030517578,35.79999923706055,55600,31.469547271728516,0.0
NNI,2013-06-26 20:00:00-04:00,35.90999984741211,36.68000030517578,35.779998779296875,36.65999984741211,90300,32.22551727294922,0.0
NNI,2013-06-27 20:00:00-04:00,36.56999969482422,36.56999969482422,35.91999816894531,36.09000015258789,208200,31.724462509155273,0.0
NNI,2013-06-30 20:00:00-04:00,36.060001373291016,37.5099983215332,36.060001373291016,37.45000076293945,97500,32.919960021972656,0.0
NNI,2013-07-01 20:00:00-04:00,37.5,37.709999084472656,36.849998474121094,37.22999954223633,102600,32.72657775878906,0.0
NNI,2013-07-02 20:00:00-04:00,37.040000915527344,37.9900016784668,36.970001220703125,37.75,57100,33.183685302734375,0.0
NNI,2013-07-04 20:00:00-04:00,38.22999954223633,38.22999954223633,37.400001525878906,37.90999984741211,61100,33.3243293762207,0.0
NNI,2013-07-07 20:00:00-04:00,37.939998626708984,38.38999938964844,37.7599983215332,37.900001525878906,68700,33.3155403137207,0.0
NNI,2013-07-08 20:00:00-04:00,38.15999984741211,39.22999954223633,37.97999954223633,38.7400016784668,149600,34.05392837524414,0.0
NNI,2013-07-09 20:00:00-04:00,38.83000183105469,39.209999084472656,37.939998626708984,38.290000915527344,55700,33.658348083496094,0.0
NNI,2013-07-10 20:00:00-04:00,38.77000045776367,38.790000915527344,38.18000030517578,38.619998931884766,55000,33.94845199584961,0.0
NNI,2013-07-11 20:00:00-04:00,38.5099983215332,39.470001220703125,38.29999923706055,39.400001525878906,96000,34.63408279418945,0.0
NNI,2013-07-14 20:00:00-04:00,39.349998474121094,39.81999969482422,39.06999969482422,39.38999938964844,64300,34.62528610229492,0.0
NNI,2013-07-15 20:00:00-04:00,39.38999938964844,39.529998779296875,39.18000030517578,39.38999938964844,59700,34.62528610229492,0.0
NNI,2013-07-16 20:00:00-04:00,39.4900016784668,39.7400016784668,39.150001525878906,39.29999923706055,80200,34.54618453979492,0.0
NNI,2013-07-17 20:00:00-04:00,39.52000045776367,40.470001220703125,39.52000045776367,40.29999923706055,81300,35.425228118896484,0.0
NNI,2013-07-18 20:00:00-04:00,40.29999923706055,40.34000015258789,39.650001525878906,40.130001068115234,48100,35.27580261230469,0.0
NNI,2013-07-21 20:00:00-04:00,40.06999969482422,40.33000183105469,39.9900016784668,40.20000076293945,46800,35.33732986450195,0.0
NNI,2013-07-22 20:00:00-04:00,40.36000061035156,40.36000061035156,39.779998779296875,40.0,56700,35.1615104675293,0.0
NNI,2013-07-23 20:00:00-04:00,40.04999923706055,40.150001525878906,39.560001373291016,39.81999969482422,36400,35.00328826904297,0.0
NNI,2013-07-24 20:00:00-04:00,39.75,39.75,39.060001373291016,39.18000030517578,67800,34.44070053100586,0.0
NNI,2013-07-25 20:00:00-04:00,38.880001068115234,39.439998626708984,38.70000076293945,39.31999969482422,40700,34.563751220703125,0.0
NNI,2013-07-28 20:00:00-04:00,39.209999084472656,39.209999084472656,38.369998931884766,38.459999084472656,37000,33.807796478271484,0.0
NNI,2013-07-29 20:00:00-04:00,38.63999938964844,38.84000015258789,38.08000183105469,38.400001525878906,30800,33.75506591796875,0.0
NNI,2013-07-30 20:00:00-04:00,38.439998626708984,39.2400016784668,38.31999969482422,38.880001068115234,73600,34.1769905090332,0.0
NNI,2013-07-31 20:00:00-04:00,39.11000061035156,39.56999969482422,38.810001373291016,39.4900016784668,34600,34.71320724487305,0.0
NNI,2013-08-01 20:00:00-04:00,39.31999969482422,39.650001525878906,38.720001220703125,39.220001220703125,41800,34.47588348388672,0.0
NNI,2013-08-04 20:00:00-04:00,39.40999984741211,39.40999984741211,38.970001220703125,39.09000015258789,41600,34.36159133911133,0.0
NNI,2013-08-05 20:00:00-04:00,39.09000015258789,39.58000183105469,38.220001220703125,38.290000915527344,45500,33.658348083496094,0.0
NNI,2013-08-06 20:00:00-04:00,38.16999816894531,38.529998779296875,38.099998474121094,38.310001373291016,32700,33.67593765258789,0.0
NNI,2013-08-07 20:00:00-04:00,38.41999816894531,38.970001220703125,38.0099983215332,38.56999969482422,54100,33.90449523925781,0.0
NNI,2013-08-08 20:00:00-04:00,40.099998474121094,41.7400016784668,40.099998474121094,40.400001525878906,144300,35.51312255859375,0.0
NNI,2013-08-11 20:00:00-04:00,40.119998931884766,40.95000076293945,40.119998931884766,40.7400016784668,58600,35.812007904052734,0.0
NNI,2013-08-12 20:00:00-04:00,40.88999938964844,41.189998626708984,40.65999984741211,41.13999938964844,79800,36.16360855102539,0.0
NNI,2013-08-13 20:00:00-04:00,41.099998474121094,41.470001220703125,40.88999938964844,40.95000076293945,55000,35.99659729003906,0.0
NNI,2013-08-14 20:00:00-04:00,40.58000183105469,40.650001525878906,39.65999984741211,40.04999923706055,64900,35.20545959472656,0.0
NNI,2013-08-15 20:00:00-04:00,39.81999969482422,39.95000076293945,39.040000915527344,39.34000015258789,91700,34.58134841918945,0.0
NNI,2013-08-18 20:00:00-04:00,39.40999984741211,39.97999954223633,39.400001525878906,39.47999954223633,40700,34.70441436767578,0.0
NNI,2013-08-19 20:00:00-04:00,39.5,39.810001373291016,39.349998474121094,39.630001068115234,63900,34.836265563964844,0.0
NNI,2013-08-20 20:00:00-04:00,39.470001220703125,39.5099983215332,38.77000045776367,38.959999084472656,34600,34.2473030090332,0.0
NNI,2013-08-21 20:00:00-04:00,38.849998474121094,39.209999084472656,38.38999938964844,38.79999923706055,43900,34.1066780090332,0.0
NNI,2013-08-22 20:00:00-04:00,38.79999923706055,38.90999984741211,38.529998779296875,38.810001373291016,38700,34.1154670715332,0.0
NNI,2013-08-25 20:00:00-04:00,38.77000045776367,39.0,38.31999969482422,38.369998931884766,41400,33.72867965698242,0.0
NNI,2013-08-26 20:00:00-04:00,37.97999954223633,38.20000076293945,37.15999984741211,37.720001220703125,145800,33.15731430053711,0.0
NNI,2013-08-27 20:00:00-04:00,37.61000061035156,38.43000030517578,37.599998474121094,37.72999954223633,59300,33.25425338745117,0.1
NNI,2013-08-28 20:00:00-04:00,37.83000183105469,38.400001525878906,37.75,38.150001525878906,43900,33.62443542480469,0.0
NNI,2013-08-29 20:00:00-04:00,38.02000045776367,38.25,37.439998626708984,37.880001068115234,80100,33.38645935058594,0.0
NNI,2013-09-02 20:00:00-04:00,38.27000045776367,38.61000061035156,37.529998779296875,38.099998474121094,48300,33.58036804199219,0.0
NNI,2013-09-03 20:00:00-04:00,38.040000915527344,38.43000030517578,37.56999969482422,37.70000076293945,105300,33.227813720703125,0.0
NNI,2013-09-04 20:00:00-04:00,37.79999923706055,38.0,36.93000030517578,37.36000061035156,107400,32.928157806396484,0.0
NNI,2013-09-05 20:00:00-04:00,37.59000015258789,37.75,36.630001068115234,37.34000015258789,51300,32.910518646240234,0.0
NNI,2013-09-08 20:00:00-04:00,37.369998931884766,37.900001525878906,37.209999084472656,37.849998474121094,43200,33.36003494262695,0.0
NNI,2013-09-09 20:00:00-04:00,37.959999084472656,38.439998626708984,37.75,38.43000030517578,91400,33.871219635009766,0.0
NNI,2013-09-10 20:00:00-04:00,38.349998474121094,38.650001525878906,37.86000061035156,38.400001525878906,58400,33.844783782958984,0.0
NNI,2013-09-11 20:00:00-04:00,38.27000045776367,38.27000045776367,37.54999923706055,37.84000015258789,28100,33.351200103759766,0.0
NNI,2013-09-12 20:00:00-04:00,38.040000915527344,38.209999084472656,37.06999969482422,37.43000030517578,36500,32.98985290527344,0.0
NNI,2013-09-15 20:00:00-04:00,37.689998626708984,37.689998626708984,37.0099983215332,37.119998931884766,53500,32.71662139892578,0.0
NNI,2013-09-16 20:00:00-04:00,37.119998931884766,37.41999816894531,37.06999969482422,37.369998931884766,54500,32.93696212768555,0.0
NNI,2013-09-17 20:00:00-04:00,37.29999923706055,37.43000030517578,36.7400016784668,37.099998474121094,69200,32.6989860534668,0.0
NNI,2013-09-18 20:00:00-04:00,37.209999084472656,37.29999923706055,36.689998626708984,36.9900016784668,48400,32.6020393371582,0.0
NNI,2013-09-19 20:00:00-04:00,37.150001525878906,38.119998931884766,36.470001220703125,37.68000030517578,273400,33.2101936340332,0.0
NNI,2013-09-22 20:00:00-04:00,37.70000076293945,37.790000915527344,37.189998626708984,37.54999923706055,122500,33.095603942871094,0.0
NNI,2013-09-23 20:00:00-04:00,37.54999923706055,38.470001220703125,37.33000183105469,37.81999969482422,127200,33.333587646484375,0.0
NNI,2013-09-24 20:00:00-04:00,37.86000061035156,38.4900016784668,37.81999969482422,38.349998474121094,107500,33.80071258544922,0.0
NNI,2013-09-25 20:00:00-04:00,38.4900016784668,38.7400016784668,38.27000045776367,38.5099983215332,60100,33.94173049926758,0.0
NNI,2013-09-26 20:00:00-04:00,38.2400016784668,38.459999084472656,37.88999938964844,38.290000915527344,46400,33.74781799316406,0.0
NNI,2013-09-29 20:00:00-04:00,37.779998779296875,38.560001373291016,37.68000030517578,38.45000076293945,149100,33.88883972167969,0.0
NNI,2013-09-30 20:00:00-04:00,38.290000915527344,38.58000183105469,38.150001525878906,38.58000183105469,78800,34.00342559814453,0.0
NNI,2013-10-01 20:00:00-04:00,38.22999954223633,40.0,38.0,39.939998626708984,295100,35.20209503173828,0.0
NNI,2013-10-02 20:00:00-04:00,40.0,40.18000030517578,39.599998474121094,39.810001373291016,96100,35.087520599365234,0.0
NNI,2013-10-03 20:00:00-04:00,39.790000915527344,39.880001068115234,39.560001373291016,39.689998626708984,77600,34.981754302978516,0.0
NNI,2013-10-06 20:00:00-04:00,39.40999984741211,39.7599983215332,39.31999969482422,39.400001525878906,60900,34.72614288330078,0.0
NNI,2013-10-07 20:00:00-04:00,39.52000045776367,39.52000045776367,38.790000915527344,38.79999923706055,91400,34.19732666015625,0.0
NNI,2013-10-08 20:00:00-04:00,38.9900016784668,39.189998626708984,38.52000045776367,38.90999984741211,104900,34.294281005859375,0.0
NNI,2013-10-09 20:00:00-04:00,39.40999984741211,40.849998474121094,39.27000045776367,40.619998931884766,86800,35.80142593383789,0.0
NNI,2013-10-10 20:00:00-04:00,40.38999938964844,41.369998931884766,40.38999938964844,41.349998474121094,74900,36.4448356628418,0.0
NNI,2013-10-13 20:00:00-04:00,41.2599983215332,42.060001373291016,41.130001068115234,41.90999984741211,67800,36.938392639160156,0.0
NNI,2013-10-14 20:00:00-04:00,41.63999938964844,42.13999938964844,41.619998931884766,41.68000030517578,42500,36.735687255859375,0.0
NNI,2013-10-15 20:00:00-04:00,41.95000076293945,42.20000076293945,41.880001068115234,41.959999084472656,28100,36.98247146606445,0.0
NNI,2013-10-16 20:00:00-04:00,41.959999084472656,42.400001525878906,41.959999084472656,42.060001373291016,57200,37.07061767578125,0.0
NNI,2013-10-17 20:00:00-04:00,42.47999954223633,42.47999954223633,41.97999954223633,42.22999954223633,112800,37.22045135498047,0.0
NNI,2013-10-20 20:00:00-04:00,42.29999923706055,42.7400016784668,42.0,42.29999923706055,92000,37.28213119506836,0.0
NNI,2013-10-21 20:00:00-04:00,42.529998779296875,42.630001068115234,42.25,42.31999969482422,44900,37.29977035522461,0.0
NNI,2013-10-22 20:00:00-04:00,42.220001220703125,42.68000030517578,41.959999084472656,42.59000015258789,42500,37.53772735595703,0.0
NNI,2013-10-23 20:00:00-04:00,42.59000015258789,42.90999984741211,42.2599983215332,42.470001220703125,35800,37.431968688964844,0.0
NNI,2013-10-24 20:00:00-04:00,42.63999938964844,42.88999938964844,42.310001373291016,42.689998626708984,38000,37.62587356567383,0.0
NNI,2013-10-27 20:00:00-04:00,42.70000076293945,43.34000015258789,42.58000183105469,43.13999938964844,45000,38.02249526977539,0.0
NNI,2013-10-28 20:00:00-04:00,43.150001525878906,43.86000061035156,43.150001525878906,43.68000030517578,40800,38.49844741821289,0.0
NNI,2013-10-29 20:00:00-04:00,43.83000183105469,43.83000183105469,42.72999954223633,42.84000015258789,60600,37.75807189941406,0.0
NNI,2013-10-30 20:00:00-04:00,42.880001068115234,42.97999954223633,42.54999923706055,42.630001068115234,59600,37.5729866027832,0.0
NNI,2013-10-31 20:00:00-04:00,42.650001525878906,43.0,41.380001068115234,42.34000015258789,101900,37.31739807128906,0.0
NNI,2013-11-03 19:00:00-05:00,42.47999954223633,42.47999954223633,41.79999923706055,42.04999923706055,70300,37.061798095703125,0.0
NNI,2013-11-04 19:00:00-05:00,41.959999084472656,42.349998474121094,41.70000076293945,42.09000015258789,61500,37.0970573425293,0.0
NNI,2013-11-05 19:00:00-05:00,42.33000183105469,42.66999816894531,41.959999084472656,42.18000030517578,41400,37.1763801574707,0.0
NNI,2013-11-06 19:00:00-05:00,42.34000015258789,42.869998931884766,41.040000915527344,41.150001525878906,56600,36.26856231689453,0.0
NNI,2013-11-07 19:00:00-05:00,41.61000061035156,45.22999954223633,41.61000061035156,44.25,101600,39.000823974609375,0.0
NNI,2013-11-10 19:00:00-05:00,44.29999923706055,44.66999816894531,44.02000045776367,44.369998931884766,71200,39.1065788269043,0.0
NNI,2013-11-11 19:00:00-05:00,44.099998474121094,44.5099983215332,44.02000045776367,44.2599983215332,77200,39.009620666503906,0.0
NNI,2013-11-12 19:00:00-05:00,43.439998626708984,43.79999923706055,42.41999816894531,43.720001220703125,59600,38.533695220947266,0.0
NNI,2013-11-13 19:00:00-05:00,43.83000183105469,44.560001373291016,43.279998779296875,44.40999984741211,26400,39.14182662963867,0.0
NNI,2013-11-14 19:00:00-05:00,44.33000183105469,44.52000045776367,44.0099983215332,44.189998626708984,43000,38.947933197021484,0.0
NNI,2013-11-17 19:00:00-05:00,44.27000045776367,44.31999969482422,43.7599983215332,44.06999969482422,88900,38.84217834472656,0.0
NNI,2013-11-18 19:00:00-05:00,44.20000076293945,44.38999938964844,43.349998474121094,43.65999984741211,53400,38.48081970214844,0.0
NNI,2013-11-19 19:00:00-05:00,43.7599983215332,44.38999938964844,43.59000015258789,44.08000183105469,39500,38.850982666015625,0.0
NNI,2013-11-20 19:00:00-05:00,44.150001525878906,44.959999084472656,43.90999984741211,44.630001068115234,69000,39.33573913574219,0.0
NNI,2013-11-21 19:00:00-05:00,44.77000045776367,44.91999816894531,42.720001220703125,43.470001220703125,241500,38.313350677490234,0.0
NNI,2013-11-24 19:00:00-05:00,43.279998779296875,44.5,42.63999938964844,44.189998626708984,71500,38.947933197021484,0.0
NNI,2013-11-25 19:00:00-05:00,44.13999938964844,44.459999084472656,43.779998779296875,44.31999969482422,59700,39.06251525878906,0.0
NNI,2013-11-26 19:00:00-05:00,44.119998931884766,45.119998931884766,43.720001220703125,44.90999984741211,60800,39.672054290771484,0.1
NNI,2013-11-28 19:00:00-05:00,45.20000076293945,45.4900016784668,44.880001068115234,45.0,23300,39.75153732299805,0.0
NNI,2013-12-01 19:00:00-05:00,44.90999984741211,44.90999984741211,43.900001525878906,44.25,72700,39.089027404785156,0.0
NNI,2013-12-02 19:00:00-05:00,44.04999923706055,44.04999923706055,43.189998626708984,43.560001373291016,64500,38.4794921875,0.0
NNI,2013-12-03 19:00:00-05:00,43.2599983215332,43.38999938964844,42.41999816894531,42.91999816894531,64200,37.91413497924805,0.0
NNI,2013-12-04 19:00:00-05:00,42.75,43.2599983215332,42.58000183105469,42.790000915527344,58000,37.79930114746094,0.0
NNI,2013-12-05 19:00:00-05:00,43.060001373291016,43.63999938964844,42.77000045776367,43.220001220703125,56900,38.17914962768555,0.0
NNI,2013-12-08 19:00:00-05:00,42.849998474121094,43.220001220703125,42.060001373291016,42.869998931884766,72600,37.869956970214844,0.0
NNI,2013-12-09 19:00:00-05:00,42.88999938964844,42.9900016784668,42.04999923706055,42.130001068115234,51300,37.21628189086914,0.0
NNI,2013-12-10 19:00:00-05:00,42.060001373291016,42.40999984741211,40.619998931884766,40.91999816894531,90000,36.147403717041016,0.0
NNI,2013-12-11 19:00:00-05:00,40.869998931884766,41.16999816894531,40.439998626708984,40.88999938964844,65900,36.120906829833984,0.0
NNI,2013-12-12 19:00:00-05:00,40.880001068115234,40.880001068115234,40.0099983215332,40.43000030517578,101300,35.71455001831055,0.0
NNI,2013-12-15 19:00:00-05:00,40.33000183105469,40.880001068115234,40.33000183105469,40.83000183105469,63000,36.06791305541992,0.0
NNI,2013-12-16 19:00:00-05:00,40.72999954223633,40.970001220703125,40.13999938964844,40.310001373291016,50500,35.60854721069336,0.0
NNI,2013-12-17 19:00:00-05:00,40.2599983215332,40.61000061035156,39.81999969482422,40.59000015258789,98200,35.85589599609375,0.0
NNI,2013-12-18 19:00:00-05:00,40.43000030517578,40.47999954223633,39.90999984741211,40.040000915527344,46700,35.370025634765625,0.0
NNI,2013-12-19 19:00:00-05:00,40.09000015258789,41.150001525878906,39.9900016784668,40.790000915527344,166100,36.03257751464844,0.0
NNI,2013-12-22 19:00:00-05:00,40.900001525878906,41.25,40.790000915527344,40.86000061035156,42500,36.09440231323242,0.0
NNI,2013-12-23 19:00:00-05:00,40.900001525878906,41.36000061035156,40.83000183105469,41.22999954223633,34200,36.42124938964844,0.0
NNI,2013-12-25 19:00:00-05:00,41.29999923706055,41.40999984741211,40.939998626708984,41.2400016784668,44700,36.43006896972656,0.0
NNI,2013-12-26 19:00:00-05:00,41.43000030517578,41.43000030517578,40.869998931884766,41.34000015258789,33500,36.51841735839844,0.0
NNI,2013-12-29 19:00:00-05:00,41.38999938964844,41.40999984741211,40.630001068115234,41.279998779296875,42200,36.465415954589844,0.0
NNI,2013-12-30 19:00:00-05:00,41.43000030517578,42.2599983215332,41.43000030517578,42.13999938964844,90500,37.225120544433594,0.0
NNI,2014-01-01 19:00:00-05:00,42.0,42.11000061035156,40.529998779296875,40.939998626708984,88900,36.165069580078125,0.0
NNI,2014-01-02 19:00:00-05:00,40.93000030517578,41.29999923706055,40.68000030517578,40.83000183105469,66000,36.06791305541992,0.0
NNI,2014-01-05 19:00:00-05:00,40.900001525878906,41.209999084472656,40.650001525878906,40.810001373291016,57600,36.05024719238281,0.0
NNI,2014-01-06 19:00:00-05:00,41.04999923706055,41.09000015258789,39.95000076293945,41.04999923706055,74500,36.26224136352539,0.0
NNI,2014-01-07 19:00:00-05:00,41.2400016784668,41.58000183105469,40.79999923706055,41.29999923706055,50100,36.483070373535156,0.0
NNI,2014-01-08 19:00:00-05:00,41.47999954223633,41.47999954223633,41.08000183105469,41.439998626708984,37600,36.60676574707031,0.0
NNI,2014-01-09 19:00:00-05:00,41.560001373291016,41.560001373291016,41.119998931884766,41.439998626708984,48400,36.60676574707031,0.0
NNI,2014-01-12 19:00:00-05:00,41.2400016784668,41.43000030517578,40.810001373291016,41.060001373291016,86000,36.27107238769531,0.0
NNI,2014-01-13 19:00:00-05:00,41.290000915527344,41.290000915527344,40.900001525878906,41.20000076293945,46000,36.39476013183594,0.0
NNI,2014-01-14 19:00:00-05:00,41.189998626708984,41.349998474121094,40.9900016784668,41.099998474121094,64200,36.306400299072266,0.0
NNI,2014-01-15 19:00:00-05:00,41.119998931884766,41.119998931884766,40.72999954223633,40.95000076293945,54600,36.17390441894531,0.0
NNI,2014-01-16 19:00:00-05:00,40.79999923706055,41.0,39.43000030517578,39.709999084472656,99700,35.07854461669922,0.0
NNI,2014-01-20 19:00:00-05:00,40.0,40.15999984741211,38.810001373291016,38.95000076293945,260700,34.40716552734375,0.0
NNI,2014-01-21 19:00:00-05:00,39.040000915527344,39.2400016784668,38.540000915527344,38.650001525878906,43500,34.14215087890625,0.0
NNI,2014-01-22 19:00:00-05:00,38.349998474121094,38.5,37.33000183105469,37.79999923706055,100200,33.391292572021484,0.0
NNI,2014-01-23 19:00:00-05:00,37.470001220703125,37.529998779296875,36.66999816894531,36.95000076293945,85500,32.640438079833984,0.0
NNI,2014-01-26 19:00:00-05:00,36.79999923706055,37.5,35.88999938964844,37.470001220703125,229500,33.09979248046875,0.0
NNI,2014-01-27 19:00:00-05:00,37.470001220703125,37.470001220703125,36.79999923706055,37.150001525878906,165800,32.81711196899414,0.0
NNI,2014-01-28 19:00:00-05:00,36.9900016784668,37.43000030517578,36.900001525878906,37.27000045776367,123300,32.92311096191406,0.0
NNI,2014-01-29 19:00:00-05:00,37.630001068115234,37.70000076293945,37.150001525878906,37.58000183105469,97200,33.196956634521484,0.0
NNI,2014-01-30 19:00:00-05:00,37.029998779296875,37.61000061035156,36.970001220703125,37.25,111600,32.90543746948242,0.0
NNI,2014-02-02 19:00:00-05:00,37.11000061035156,37.560001373291016,36.220001220703125,36.279998779296875,140300,32.04857635498047,0.0
NNI,2014-02-03 19:00:00-05:00,36.36000061035156,36.66999816894531,35.65999984741211,35.849998474121094,85100,31.668737411499023,0.0
NNI,2014-02-04 19:00:00-05:00,35.650001525878906,35.849998474121094,34.86000061035156,35.66999816894531,123800,31.509721755981445,0.0
NNI,2014-02-05 19:00:00-05:00,35.66999816894531,36.54999923706055,35.66999816894531,36.029998779296875,52500,31.82773208618164,0.0
NNI,2014-02-06 19:00:00-05:00,36.029998779296875,36.279998779296875,35.52000045776367,35.97999954223633,93900,31.783567428588867,0.0
NNI,2014-02-09 19:00:00-05:00,36.099998474121094,36.16999816894531,35.290000915527344,35.540000915527344,92200,31.394880294799805,0.0
NNI,2014-02-10 19:00:00-05:00,35.45000076293945,36.220001220703125,35.45000076293945,36.060001373291016,96600,31.8542423248291,0.0
NNI,2014-02-11 19:00:00-05:00,36.11000061035156,36.540000915527344,35.9900016784668,36.34000015258789,40200,32.10157775878906,0.0
NNI,2014-02-12 19:00:00-05:00,36.130001068115234,36.900001525878906,36.119998931884766,36.869998931884766,73700,32.56975555419922,0.0
NNI,2014-02-13 19:00:00-05:00,36.90999984741211,36.91999816894531,36.47999954223633,36.68000030517578,78500,32.401920318603516,0.0
NNI,2014-02-17 19:00:00-05:00,36.79999923706055,37.029998779296875,36.4900016784668,36.68000030517578,127700,32.401920318603516,0.0
NNI,2014-02-18 19:00:00-05:00,36.5,36.970001220703125,36.060001373291016,36.099998474121094,91600,31.889575958251953,0.0
NNI,2014-02-19 19:00:00-05:00,36.04999923706055,36.15999984741211,35.689998626708984,35.7400016784668,87800,31.57155990600586,0.0
NNI,2014-02-20 19:00:00-05:00,35.72999954223633,35.81999969482422,35.16999816894531,35.7400016784668,121700,31.57155990600586,0.0
NNI,2014-02-23 19:00:00-05:00,35.709999084472656,36.22999954223633,35.599998474121094,35.779998779296875,105300,31.60688591003418,0.0
NNI,2014-02-24 19:00:00-05:00,35.709999084472656,36.16999816894531,35.40999984741211,35.7400016784668,87600,31.57155990600586,0.0
NNI,2014-02-25 19:00:00-05:00,35.779998779296875,36.04999923706055,35.349998474121094,35.900001525878906,103200,31.80188751220703,0.1
NNI,2014-02-26 19:00:00-05:00,35.689998626708984,36.470001220703125,35.560001373291016,36.459999084472656,116900,32.297943115234375,0.0
NNI,2014-02-27 19:00:00-05:00,37.4900016784668,41.95000076293945,37.4900016784668,40.119998931884766,413600,35.540138244628906,0.0
NNI,2014-03-02 19:00:00-05:00,39.720001220703125,41.20000076293945,39.68000030517578,40.95000076293945,151800,36.2754020690918,0.0
NNI,2014-03-03 19:00:00-05:00,41.0,42.31999969482422,40.939998626708984,41.7400016784668,167500,36.97522735595703,0.0
NNI,2014-03-04 19:00:00-05:00,41.540000915527344,42.470001220703125,41.36000061035156,42.439998626708984,175400,37.59532165527344,0.0
NNI,2014-03-05 19:00:00-05:00,42.40999984741211,43.38999938964844,42.40999984741211,43.27000045776367,106700,38.33056640625,0.0
NNI,2014-03-06 19:00:00-05:00,43.5,43.779998779296875,43.150001525878906,43.29999923706055,75500,38.35713577270508,0.0
NNI,2014-03-09 20:00:00-04:00,43.029998779296875,43.099998474121094,42.119998931884766,42.2400016784668,149100,37.418148040771484,0.0
NNI,2014-03-10 20:00:00-04:00,42.130001068115234,42.790000915527344,41.77000045776367,42.75,94300,37.86991882324219,0.0
NNI,2014-03-11 20:00:00-04:00,42.529998779296875,42.83000183105469,42.22999954223633,42.56999969482422,73200,37.710472106933594,0.0
NNI,2014-03-12 20:00:00-04:00,42.59000015258789,43.220001220703125,41.90999984741211,42.0,125500,37.20553207397461,0.0
NNI,2014-03-13 20:00:00-04:00,41.97999954223633,43.150001525878906,41.939998626708984,42.45000076293945,125300,37.60417175292969,0.0
NNI,2014-03-16 20:00:00-04:00,42.779998779296875,43.5,42.56999969482422,43.20000076293945,121400,38.26856231689453,0.0
NNI,2014-03-17 20:00:00-04:00,43.15999984741211,44.220001220703125,43.06999969482422,43.880001068115234,98700,38.87093734741211,0.0
NNI,2014-03-18 20:00:00-04:00,43.93000030517578,44.29999923706055,43.630001068115234,43.79999923706055,66400,38.80005645751953,0.0
NNI,2014-03-19 20:00:00-04:00,43.619998931884766,43.709999084472656,43.369998931884766,43.400001525878906,58800,38.44572067260742,0.0
NNI,2014-03-20 20:00:00-04:00,43.459999084472656,43.84000015258789,42.7599983215332,42.779998779296875,201900,37.89651107788086,0.0
NNI,2014-03-23 20:00:00-04:00,42.939998626708984,43.20000076293945,42.400001525878906,42.650001525878906,80100,37.781341552734375,0.0
NNI,2014-03-24 20:00:00-04:00,42.7400016784668,42.97999954223633,41.959999084472656,42.029998779296875,63700,37.23210906982422,0.0
NNI,2014-03-25 20:00:00-04:00,42.029998779296875,42.349998474121094,40.7599983215332,40.81999969482422,146300,36.16024398803711,0.0
NNI,2014-03-26 20:00:00-04:00,40.81999969482422,40.81999969482422,39.9900016784668,40.119998931884766,123200,35.540138244628906,0.0
NNI,2014-03-27 20:00:00-04:00,40.060001373291016,40.779998779296875,39.540000915527344,39.77000045776367,222000,35.23009490966797,0.0
NNI,2014-03-30 20:00:00-04:00,40.11000061035156,40.97999954223633,39.88999938964844,40.900001525878906,174500,36.23111343383789,0.0
NNI,2014-03-31 20:00:00-04:00,40.83000183105469,41.369998931884766,40.72999954223633,41.189998626708984,96000,36.48799514770508,0.0
NNI,2014-04-01 20:00:00-04:00,41.40999984741211,41.650001525878906,40.9900016784668,41.4900016784668,96400,36.75375747680664,0.0
NNI,2014-04-02 20:00:00-04:00,41.45000076293945,41.7599983215332,41.20000076293945,41.40999984741211,68300,36.68288040161133,0.0
NNI,2014-04-03 20:00:00-04:00,41.7400016784668,41.7400016784668,40.880001068115234,40.9900016784668,141000,36.310829162597656,0.0
NNI,2014-04-06 20:00:00-04:00,40.779998779296875,41.790000915527344,40.349998474121094,40.54999923706055,146900,35.921058654785156,0.0
NNI,2014-04-07 20:00:00-04:00,40.43000030517578,40.95000076293945,40.11000061035156,40.400001525878906,105300,35.78817367553711,0.0
NNI,2014-04-08 20:00:00-04:00,40.40999984741211,41.060001373291016,40.27000045776367,40.81999969482422,82100,36.16024398803711,0.0
NNI,2014-04-09 20:00:00-04:00,40.779998779296875,41.459999084472656,39.7400016784668,39.880001068115234,95500,35.32754898071289,0.0
NNI,2014-04-10 20:00:00-04:00,39.5,40.27000045776367,39.279998779296875,39.400001525878906,96800,34.902339935302734,0.0
NNI,2014-04-13 20:00:00-04:00,39.849998474121094,40.15999984741211,38.720001220703125,39.130001068115234,81700,34.66316223144531,0.0
NNI,2014-04-14 20:00:00-04:00,39.11000061035156,39.68000030517578,38.63999938964844,39.18000030517578,79000,34.70745849609375,0.0
NNI,2014-04-15 20:00:00-04:00,39.459999084472656,39.810001373291016,39.09000015258789,39.310001373291016,98400,34.82260513305664,0.0
NNI,2014-04-16 20:00:00-04:00,40.209999084472656,43.88999938964844,40.15999984741211,43.63999938964844,238800,38.6583251953125,0.0
NNI,2014-04-20 20:00:00-04:00,43.7599983215332,44.20000076293945,42.88999938964844,43.029998779296875,94100,38.117958068847656,0.0
NNI,2014-04-21 20:00:00-04:00,43.040000915527344,43.400001525878906,42.70000076293945,43.06999969482422,67700,38.15339660644531,0.0
NNI,2014-04-22 20:00:00-04:00,42.970001220703125,43.279998779296875,41.90999984741211,42.31999969482422,75700,37.4890022277832,0.0
NNI,2014-04-23 20:00:00-04:00,42.459999084472656,42.52000045776367,41.77000045776367,42.2599983215332,76600,37.43585968017578,0.0
NNI,2014-04-24 20:00:00-04:00,42.09000015258789,42.630001068115234,41.619998931884766,42.290000915527344,85700,37.46243667602539,0.0
NNI,2014-04-27 20:00:00-04:00,41.81999969482422,42.58000183105469,41.029998779296875,41.560001373291016,78600,36.815765380859375,0.0
NNI,2014-04-28 20:00:00-04:00,41.810001373291016,42.029998779296875,40.970001220703125,41.40999984741211,111500,36.68288040161133,0.0
NNI,2014-04-29 20:00:00-04:00,41.189998626708984,42.47999954223633,40.90999984741211,42.2599983215332,126000,37.43585968017578,0.0
NNI,2014-04-30 20:00:00-04:00,42.040000915527344,42.060001373291016,41.16999816894531,41.93000030517578,128700,37.143524169921875,0.0
NNI,2014-05-01 20:00:00-04:00,42.08000183105469,43.130001068115234,42.08000183105469,42.75,106100,37.86991882324219,0.0
NNI,2014-05-04 20:00:00-04:00,42.439998626708984,42.70000076293945,41.54999923706055,41.75,154400,36.98406982421875,0.0
NNI,2014-05-05 20:00:00-04:00,41.54999923706055,41.77000045776367,40.77000045776367,41.209999084472656,109100,36.50572967529297,0.0
NNI,2014-05-06 20:00:00-04:00,41.22999954223633,41.650001525878906,40.880001068115234,41.43000030517578,63800,36.70060729980469,0.0
NNI,2014-05-07 20:00:00-04:00,41.470001220703125,41.779998779296875,40.84000015258789,41.400001525878906,97800,36.674034118652344,0.0
NNI,2014-05-08 20:00:00-04:00,41.2599983215332,41.2599983215332,39.77000045776367,40.15999984741211,109800,35.575584411621094,0.0
NNI,2014-05-11 20:00:00-04:00,40.31999969482422,40.9900016784668,39.970001220703125,40.7400016784668,206300,36.08937454223633,0.0
NNI,2014-05-12 20:00:00-04:00,40.599998474121094,40.91999816894531,40.27000045776367,40.41999816894531,116200,35.80590057373047,0.0
NNI,2014-05-13 20:00:00-04:00,40.279998779296875,40.45000076293945,39.7400016784668,39.810001373291016,90200,35.265541076660156,0.0
NNI,2014-05-14 20:00:00-04:00,39.59000015258789,39.68000030517578,38.84000015258789,38.959999084472656,105900,34.5125732421875,0.0
NNI,2014-05-15 20:00:00-04:00,38.86000061035156,39.099998474121094,38.41999816894531,39.029998779296875,94000,34.5745735168457,0.0
NNI,2014-05-18 20:00:00-04:00,38.9900016784668,39.349998474121094,38.97999954223633,39.290000915527344,59700,34.80489730834961,0.0
NNI,2014-05-19 20:00:00-04:00,39.15999984741211,39.349998474121094,38.52000045776367,39.099998474121094,122900,34.63657760620117,0.0
NNI,2014-05-20 20:00:00-04:00,39.16999816894531,39.650001525878906,39.029998779296875,39.5099983215332,103500,34.999778747558594,0.0
NNI,2014-05-21 20:00:00-04:00,39.529998779296875,40.310001373291016,39.22999954223633,40.18000030517578,108700,35.59330749511719,0.0
NNI,2014-05-22 20:00:00-04:00,40.310001373291016,40.93000030517578,40.2400016784668,40.72999954223633,92600,36.08051681518555,0.0
NNI,2014-05-26 20:00:00-04:00,40.79999923706055,42.04999923706055,40.79999923706055,41.59000015258789,206200,36.84234619140625,0.0
NNI,2014-05-27 20:00:00-04:00,41.29999923706055,41.349998474121094,40.84000015258789,41.189998626708984,90200,36.5759391784668,0.1
NNI,2014-05-28 20:00:00-04:00,41.18000030517578,41.599998474121094,40.91999816894531,40.97999954223633,82200,36.389469146728516,0.0
NNI,2014-05-29 20:00:00-04:00,41.040000915527344,41.540000915527344,40.880001068115234,41.16999816894531,131500,36.55818557739258,0.0
NNI,2014-06-01 20:00:00-04:00,41.31999969482422,41.470001220703125,40.70000076293945,40.810001373291016,136700,36.23853302001953,0.0
NNI,2014-06-02 20:00:00-04:00,40.61000061035156,41.0,40.06999969482422,40.29999923706055,74900,35.78564453125,0.0
NNI,2014-06-03 20:00:00-04:00,40.310001373291016,40.689998626708984,40.040000915527344,40.369998931884766,50000,35.84780502319336,0.0
NNI,2014-06-04 20:00:00-04:00,40.400001525878906,41.34000015258789,40.060001373291016,41.209999084472656,121800,36.59370803833008,0.0
NNI,2014-06-05 20:00:00-04:00,41.38999938964844,42.0,41.209999084472656,41.790000915527344,64100,37.108734130859375,0.0
NNI,2014-06-08 20:00:00-04:00,41.66999816894531,42.0,41.38999938964844,41.959999084472656,95500,37.25968933105469,0.0
NNI,2014-06-09 20:00:00-04:00,41.709999084472656,41.709999084472656,41.119998931884766,41.54999923706055,54700,36.89561462402344,0.0
NNI,2014-06-10 20:00:00-04:00,41.290000915527344,41.45000076293945,41.040000915527344,41.09000015258789,60500,36.48715591430664,0.0
NNI,2014-06-11 20:00:00-04:00,40.83000183105469,41.41999816894531,40.59000015258789,41.11000061035156,85900,36.50490188598633,0.0
NNI,2014-06-12 20:00:00-04:00,41.13999938964844,41.25,40.36000061035156,40.72999954223633,62400,36.16747283935547,0.0
NNI,2014-06-15 20:00:00-04:00,40.58000183105469,40.58000183105469,39.75,39.95000076293945,95900,35.47484588623047,0.0
NNI,2014-06-16 20:00:00-04:00,40.0,40.31999969482422,39.86000061035156,40.20000076293945,94100,35.69684982299805,0.0
NNI,2014-06-17 20:00:00-04:00,40.2599983215332,40.88999938964844,39.939998626708984,40.86000061035156,71300,36.28291702270508,0.0
NNI,2014-06-18 20:00:00-04:00,40.81999969482422,41.02000045776367,40.61000061035156,40.91999816894531,57400,36.33618927001953,0.0
NNI,2014-06-19 20:00:00-04:00,41.08000183105469,41.45000076293945,40.880001068115234,41.02000045776367,189600,36.42498016357422,0.0
NNI,2014-06-22 20:00:00-04:00,40.91999816894531,41.13999938964844,40.61000061035156,40.849998474121094,97900,36.274024963378906,0.0
NNI,2014-06-23 20:00:00-04:00,40.68000030517578,41.34000015258789,40.41999816894531,40.97999954223633,139600,36.389469146728516,0.0
NNI,2014-06-24 20:00:00-04:00,40.70000076293945,41.18000030517578,40.619998931884766,40.869998931884766,116200,36.29179763793945,0.0
NNI,2014-06-25 20:00:00-04:00,40.790000915527344,41.119998931884766,40.45000076293945,40.959999084472656,60700,36.3717155456543,0.0
NNI,2014-06-26 20:00:00-04:00,40.65999984741211,41.36000061035156,40.65999984741211,41.20000076293945,334900,36.5848503112793,0.0
NNI,2014-06-29 20:00:00-04:00,41.0,41.439998626708984,40.720001220703125,41.43000030517578,212100,36.789066314697266,0.0
NNI,2014-06-30 20:00:00-04:00,41.630001068115234,42.68000030517578,41.619998931884766,42.099998474121094,168700,37.384010314941406,0.0
NNI,2014-07-01 20:00:00-04:00,42.18000030517578,42.18000030517578,41.599998474121094,41.65999984741211,72900,36.99329376220703,0.0
NNI,2014-07-02 20:00:00-04:00,41.880001068115234,42.04999923706055,41.36000061035156,41.47999954223633,44100,36.83346939086914,0.0
NNI,2014-07-06 20:00:00-04:00,41.27000045776367,41.34000015258789,40.630001068115234,41.0,110600,36.40723419189453,0.0
NNI,2014-07-07 20:00:00-04:00,40.970001220703125,40.970001220703125,40.15999984741211,40.7400016784668,107300,36.176361083984375,0.0
NNI,2014-07-08 20:00:00-04:00,40.77000045776367,41.11000061035156,40.54999923706055,41.02000045776367,76600,36.42498016357422,0.0
NNI,2014-07-09 20:00:00-04:00,40.400001525878906,41.0099983215332,40.15999984741211,40.77000045776367,86700,36.2030029296875,0.0
NNI,2014-07-10 20:00:00-04:00,40.84000015258789,41.939998626708984,40.84000015258789,41.869998931884766,106500,37.17976760864258,0.0
NNI,2014-07-13 20:00:00-04:00,42.31999969482422,42.630001068115234,41.869998931884766,42.130001068115234,119900,37.41066360473633,0.0
NNI,2014-07-14 20:00:00-04:00,41.88999938964844,42.27000045776367,41.40999984741211,41.970001220703125,123900,37.26856994628906,0.0
NNI,2014-07-15 20:00:00-04:00,42.25,42.5099983215332,41.720001220703125,42.20000076293945,110900,37.47282409667969,0.0
NNI,2014-07-16 20:00:00-04:00,41.81999969482422,42.33000183105469,41.40999984741211,41.81999969482422,107600,37.135379791259766,0.0
NNI,2014-07-17 20:00:00-04:00,41.77000045776367,42.439998626708984,41.75,42.209999084472656,95800,37.4816780090332,0.0
NNI,2014-07-20 20:00:00-04:00,42.029998779296875,42.16999816894531,41.47999954223633,41.86000061035156,88300,37.170902252197266,0.0
NNI,2014-07-21 20:00:00-04:00,42.0,42.439998626708984,41.77000045776367,42.34000015258789,109200,37.59712600708008,0.0
NNI,2014-07-22 20:00:00-04:00,42.470001220703125,42.470001220703125,41.619998931884766,41.79999923706055,63300,37.11761474609375,0.0
NNI,2014-07-23 20:00:00-04:00,41.95000076293945,42.16999816894531,41.33000183105469,41.689998626708984,78600,37.019935607910156,0.0
NNI,2014-07-24 20:00:00-04:00,41.459999084472656,41.7400016784668,41.20000076293945,41.59000015258789,131600,36.931148529052734,0.0
NNI,2014-07-27 20:00:00-04:00,41.63999938964844,42.04999923706055,40.91999816894531,41.47999954223633,96200,36.83346939086914,0.0
NNI,2014-07-28 20:00:00-04:00,41.459999084472656,41.70000076293945,41.04999923706055,41.09000015258789,96500,36.48715591430664,0.0
NNI,2014-07-29 20:00:00-04:00,41.25,41.599998474121094,41.119998931884766,41.43000030517578,54500,36.789066314697266,0.0
NNI,2014-07-30 20:00:00-04:00,41.04999923706055,41.29999923706055,40.93000030517578,41.22999954223633,80700,36.611473083496094,0.0
NNI,2014-07-31 20:00:00-04:00,41.25,41.70000076293945,40.689998626708984,41.459999084472656,159000,36.81570816040039,0.0
NNI,2014-08-03 20:00:00-04:00,41.599998474121094,41.68000030517578,41.060001373291016,41.40999984741211,99300,36.77129364013672,0.0
NNI,2014-08-04 20:00:00-04:00,41.29999923706055,41.470001220703125,40.880001068115234,41.0,47600,36.40723419189453,0.0
NNI,2014-08-05 20:00:00-04:00,40.790000915527344,41.599998474121094,40.779998779296875,41.189998626708984,31800,36.5759391784668,0.0
NNI,2014-08-06 20:00:00-04:00,41.209999084472656,41.52000045776367,41.0,41.2599983215332,90200,36.638092041015625,0.0
NNI,2014-08-07 20:00:00-04:00,42.849998474121094,43.95000076293945,42.02000045776367,43.91999816894531,133400,39.000144958496094,0.0
NNI,2014-08-10 20:00:00-04:00,43.959999084472656,45.04999923706055,43.720001220703125,44.83000183105469,103700,39.80820846557617,0.0
NNI,2014-08-11 20:00:00-04:00,44.77000045776367,44.9900016784668,44.060001373291016,44.2400016784668,59200,39.28428649902344,0.0
NNI,2014-08-12 20:00:00-04:00,44.189998626708984,44.75,43.91999816894531,44.61000061035156,57700,39.61285400390625,0.0
NNI,2014-08-13 20:00:00-04:00,44.54999923706055,44.59000015258789,44.2599983215332,44.52000045776367,59400,39.53293228149414,0.0
NNI,2014-08-14 20:00:00-04:00,44.86000061035156,44.86000061035156,44.25,44.630001068115234,72300,39.63060760498047,0.0
NNI,2014-08-17 20:00:00-04:00,44.93000030517578,45.29999923706055,44.54999923706055,45.2400016784668,79900,40.17228317260742,0.0
NNI,2014-08-18 20:00:00-04:00,45.290000915527344,45.599998474121094,44.869998931884766,45.02000045776367,85200,39.9769172668457,0.0
NNI,2014-08-19 20:00:00-04:00,44.83000183105469,45.18000030517578,44.7599983215332,45.0099983215332,79700,39.96803665161133,0.0
NNI,2014-08-20 20:00:00-04:00,45.0,45.90999984741211,44.81999969482422,45.72999954223633,122000,40.60738754272461,0.0
NNI,2014-08-21 20:00:00-04:00,45.540000915527344,45.68000030517578,45.0,45.209999084472656,108000,40.1456298828125,0.0
NNI,2014-08-24 20:00:00-04:00,45.2599983215332,45.630001068115234,45.0,45.130001068115234,117300,40.074588775634766,0.0
NNI,2014-08-25 20:00:00-04:00,45.16999816894531,45.38999938964844,44.66999816894531,45.15999984741211,81300,40.101234436035156,0.0
NNI,2014-08-26 20:00:00-04:00,44.9900016784668,44.9900016784668,44.529998779296875,44.59000015258789,60800,39.682952880859375,0.1
NNI,2014-08-27 20:00:00-04:00,44.310001373291016,44.31999969482422,43.75,43.810001373291016,55600,38.98879623413086,0.0
NNI,2014-08-28 20:00:00-04:00,43.779998779296875,44.31999969482422,43.70000076293945,43.970001220703125,73700,39.13119125366211,0.0
NNI,2014-09-01 20:00:00-04:00,44.16999816894531,44.29999923706055,43.72999954223633,44.04999923706055,51300,39.20237731933594,0.0
NNI,2014-09-02 20:00:00-04:00,44.13999938964844,44.25,43.27000045776367,43.380001068115234,104300,38.606117248535156,0.0
NNI,2014-09-03 20:00:00-04:00,43.529998779296875,43.630001068115234,43.2599983215332,43.41999816894531,66800,38.64170455932617,0.0
NNI,2014-09-04 20:00:00-04:00,43.22999954223633,43.4900016784668,42.959999084472656,43.13999938964844,46500,38.39253234863281,0.0
NNI,2014-09-07 20:00:00-04:00,43.04999923706055,43.13999938964844,42.7400016784668,43.040000915527344,70500,38.303524017333984,0.0
NNI,2014-09-08 20:00:00-04:00,42.880001068115234,42.93000030517578,42.36000061035156,42.65999984741211,96400,37.9653434753418,0.0
NNI,2014-09-09 20:00:00-04:00,42.58000183105469,42.90999984741211,42.4900016784668,42.79999923706055,74400,38.08993911743164,0.0
NNI,2014-09-10 20:00:00-04:00,42.540000915527344,43.41999816894531,42.5099983215332,43.13999938964844,54000,38.39253234863281,0.0
NNI,2014-09-11 20:00:00-04:00,42.939998626708984,43.290000915527344,42.849998474121094,43.220001220703125,79500,38.463722229003906,0.0
NNI,2014-09-14 20:00:00-04:00,43.189998626708984,43.189998626708984,42.810001373291016,43.119998931884766,88700,38.374725341796875,0.0
NNI,2014-09-15 20:00:00-04:00,42.90999984741211,43.400001525878906,42.810001373291016,43.189998626708984,79800,38.4370231628418,0.0
NNI,2014-09-16 20:00:00-04:00,43.150001525878906,43.5,42.7599983215332,43.08000183105469,42900,38.339134216308594,0.0
NNI,2014-09-17 20:00:00-04:00,43.11000061035156,43.5,42.91999816894531,43.470001220703125,133000,38.686222076416016,0.0
NNI,2014-09-18 20:00:00-04:00,43.41999816894531,43.810001373291016,42.91999816894531,43.13999938964844,191300,38.39253234863281,0.0
NNI,2014-09-21 20:00:00-04:00,42.88999938964844,43.2599983215332,42.77000045776367,43.13999938964844,48500,38.39253234863281,0.0
NNI,2014-09-22 20:00:00-04:00,43.029998779296875,43.97999954223633,42.720001220703125,43.66999816894531,200100,38.86418533325195,0.0
NNI,2014-09-23 20:00:00-04:00,43.77000045776367,44.060001373291016,43.5099983215332,44.0,118900,39.157894134521484,0.0
NNI,2014-09-24 20:00:00-04:00,43.849998474121094,43.849998474121094,42.939998626708984,43.220001220703125,87000,38.463722229003906,0.0
NNI,2014-09-25 20:00:00-04:00,43.209999084472656,43.70000076293945,42.9900016784668,43.54999923706055,83100,38.75740432739258,0.0
NNI,2014-09-28 20:00:00-04:00,43.25,43.869998931884766,42.880001068115234,43.04999923706055,76500,38.31242752075195,0.0
NNI,2014-09-29 20:00:00-04:00,42.9900016784668,43.41999816894531,42.66999816894531,43.09000015258789,104800,38.34803771972656,0.0
NNI,2014-09-30 20:00:00-04:00,43.16999816894531,43.220001220703125,42.41999816894531,42.65999984741211,92900,37.9653434753418,0.0
NNI,2014-10-01 20:00:00-04:00,42.56999969482422,43.22999954223633,42.56999969482422,43.06999969482422,73800,38.330230712890625,0.0
NNI,2014-10-02 20:00:00-04:00,43.36000061035156,43.72999954223633,43.13999938964844,43.40999984741211,64900,38.6328010559082,0.0
NNI,2014-10-05 20:00:00-04:00,43.540000915527344,44.540000915527344,43.540000915527344,44.02000045776367,119800,39.17569351196289,0.0
NNI,2014-10-06 20:00:00-04:00,43.63999938964844,44.38999938964844,43.47999954223633,43.86000061035156,80900,39.03329849243164,0.0
NNI,2014-10-07 20:00:00-04:00,43.66999816894531,44.349998474121094,43.040000915527344,44.189998626708984,74700,39.326969146728516,0.0
NNI,2014-10-08 20:00:00-04:00,44.02000045776367,44.02000045776367,43.2599983215332,43.63999938964844,61100,38.83751678466797,0.0
NNI,2014-10-09 20:00:00-04:00,43.40999984741211,44.56999969482422,43.40999984741211,43.65999984741211,99300,38.85530471801758,0.0
NNI,2014-10-12 20:00:00-04:00,43.5,44.189998626708984,43.29999923706055,43.900001525878906,77000,39.06889724731445,0.0
NNI,2014-10-13 20:00:00-04:00,44.02000045776367,45.040000915527344,44.02000045776367,44.220001220703125,69600,39.35368347167969,0.0
NNI,2014-10-14 20:00:00-04:00,43.63999938964844,45.13999938964844,43.0099983215332,44.7400016784668,147400,39.81645965576172,0.0
NNI,2014-10-15 20:00:00-04:00,44.20000076293945,44.93000030517578,43.709999084472656,44.63999938964844,96000,39.72745132446289,0.0
NNI,2014-10-16 20:00:00-04:00,45.0,45.220001220703125,44.20000076293945,44.29999923706055,72200,39.42486572265625,0.0
NNI,2014-10-19 20:00:00-04:00,44.2400016784668,44.68000030517578,44.189998626708984,44.5099983215332,64700,39.61176681518555,0.0
NNI,2014-10-20 20:00:00-04:00,44.65999984741211,45.779998779296875,44.52000045776367,45.650001525878906,58300,40.62631607055664,0.0
NNI,2014-10-21 20:00:00-04:00,45.599998474121094,45.599998474121094,44.63999938964844,44.7400016784668,69800,39.81645965576172,0.0
NNI,2014-10-22 20:00:00-04:00,45.04999923706055,45.290000915527344,44.84000015258789,45.0099983215332,53200,40.05674362182617,0.0
NNI,2014-10-23 20:00:00-04:00,45.13999938964844,45.310001373291016,44.810001373291016,45.09000015258789,37700,40.127933502197266,0.0
NNI,2014-10-26 20:00:00-04:00,44.93000030517578,45.290000915527344,44.400001525878906,44.93000030517578,32000,39.98553466796875,0.0
NNI,2014-10-27 20:00:00-04:00,45.220001220703125,45.779998779296875,45.099998474121094,45.779998779296875,87700,40.74200439453125,0.0
NNI,2014-10-28 20:00:00-04:00,45.709999084472656,46.70000076293945,45.5,46.189998626708984,75400,41.10688400268555,0.0
NNI,2014-10-29 20:00:00-04:00,46.150001525878906,46.59000015258789,45.91999816894531,46.380001068115234,93500,41.27598571777344,0.0
NNI,2014-10-30 20:00:00-04:00,47.41999816894531,47.72999954223633,46.880001068115234,47.59000015258789,116800,42.35282516479492,0.0
NNI,2014-11-02 19:00:00-05:00,47.7599983215332,48.099998474121094,47.59000015258789,47.95000076293945,62400,42.67320251464844,0.0
NNI,2014-11-03 19:00:00-05:00,47.72999954223633,48.380001068115234,47.72999954223633,48.02000045776367,79900,42.73548889160156,0.0
NNI,2014-11-04 19:00:00-05:00,48.470001220703125,48.52000045776367,47.38999938964844,48.0,88200,42.71770095825195,0.0
NNI,2014-11-05 19:00:00-05:00,48.13999938964844,48.470001220703125,47.7599983215332,48.060001373291016,95400,42.771095275878906,0.0
NNI,2014-11-06 19:00:00-05:00,47.11000061035156,47.689998626708984,46.54999923706055,47.560001373291016,104900,42.32611846923828,0.0
NNI,2014-11-09 19:00:00-05:00,47.459999084472656,47.459999084472656,47.029998779296875,47.290000915527344,93600,42.085819244384766,0.0
NNI,2014-11-10 19:00:00-05:00,47.150001525878906,47.290000915527344,46.869998931884766,47.150001525878906,113500,41.96123504638672,0.0
NNI,2014-11-11 19:00:00-05:00,46.880001068115234,47.150001525878906,46.560001373291016,47.09000015258789,50200,41.90782928466797,0.0
NNI,2014-11-12 19:00:00-05:00,47.13999938964844,47.150001525878906,46.56999969482422,46.810001373291016,42300,41.658653259277344,0.0
NNI,2014-11-13 19:00:00-05:00,46.84000015258789,46.84000015258789,46.2400016784668,46.2599983215332,66100,41.169185638427734,0.0
NNI,2014-11-16 19:00:00-05:00,46.22999954223633,46.40999984741211,45.779998779296875,45.90999984741211,68300,40.857688903808594,0.0
NNI,2014-11-17 19:00:00-05:00,46.099998474121094,46.27000045776367,45.810001373291016,45.849998474121094,38400,40.80428695678711,0.0
NNI,2014-11-18 19:00:00-05:00,45.75,45.75,44.790000915527344,45.08000183105469,40900,40.11903381347656,0.0
NNI,2014-11-19 19:00:00-05:00,44.97999954223633,45.349998474121094,44.709999084472656,45.2400016784668,83800,40.26142501831055,0.0
NNI,2014-11-20 19:00:00-05:00,45.709999084472656,45.91999816894531,45.25,45.380001068115234,66100,40.386009216308594,0.0
NNI,2014-11-23 19:00:00-05:00,45.56999969482422,46.11000061035156,45.290000915527344,45.63999938964844,47600,40.61740493774414,0.0
NNI,2014-11-24 19:00:00-05:00,45.4900016784668,46.150001525878906,45.16999816894531,46.04999923706055,73100,40.98228073120117,0.0
NNI,2014-11-25 19:00:00-05:00,45.79999923706055,46.04999923706055,45.630001068115234,45.91999816894531,43800,40.955528259277344,0.1
NNI,2014-11-27 19:00:00-05:00,45.849998474121094,46.189998626708984,45.58000183105469,45.84000015258789,67200,40.884185791015625,0.0
NNI,2014-11-30 19:00:00-05:00,45.84000015258789,45.939998626708984,45.11000061035156,45.310001373291016,79900,40.41148376464844,0.0
NNI,2014-12-01 19:00:00-05:00,45.45000076293945,46.540000915527344,45.45000076293945,45.88999938964844,81300,40.92877960205078,0.0
NNI,2014-12-02 19:00:00-05:00,45.90999984741211,46.63999938964844,45.650001525878906,46.22999954223633,65200,41.232025146484375,0.0
NNI,2014-12-03 19:00:00-05:00,46.060001373291016,46.060001373291016,45.40999984741211,45.56999969482422,47300,40.64336395263672,0.0
NNI,2014-12-04 19:00:00-05:00,45.5099983215332,46.04999923706055,45.04999923706055,45.13999938964844,91900,40.259857177734375,0.0
NNI,2014-12-07 19:00:00-05:00,45.369998931884766,45.79999923706055,44.68000030517578,44.90999984741211,53100,40.054710388183594,0.0
NNI,2014-12-08 19:00:00-05:00,44.529998779296875,45.220001220703125,44.4900016784668,45.16999816894531,66300,40.28660583496094,0.0
NNI,2014-12-09 19:00:00-05:00,44.91999816894531,45.209999084472656,44.34000015258789,44.52000045776367,77200,39.70689010620117,0.0
NNI,2014-12-10 19:00:00-05:00,44.79999923706055,45.5099983215332,44.61000061035156,44.93000030517578,42700,40.07255935668945,0.0
NNI,2014-12-11 19:00:00-05:00,44.43000030517578,44.83000183105469,43.380001068115234,43.5,62600,38.79716491699219,0.0
NNI,2014-12-14 19:00:00-05:00,43.83000183105469,43.83000183105469,43.11000061035156,43.369998931884766,70700,38.681217193603516,0.0
NNI,2014-12-15 19:00:00-05:00,43.369998931884766,43.959999084472656,43.13999938964844,43.7599983215332,118700,39.02907180786133,0.0
NNI,2014-12-16 19:00:00-05:00,43.72999954223633,45.720001220703125,43.5099983215332,45.650001525878906,133600,40.7147331237793,0.0
NNI,2014-12-17 19:00:00-05:00,46.13999938964844,46.650001525878906,45.4900016784668,46.5099983215332,94100,41.48173904418945,0.0
NNI,2014-12-18 19:00:00-05:00,46.470001220703125,47.18000030517578,45.75,46.689998626708984,126400,41.642276763916016,0.0
NNI,2014-12-21 19:00:00-05:00,46.619998931884766,47.04999923706055,46.349998474121094,46.86000061035156,51200,41.793907165527344,0.0
NNI,2014-12-22 19:00:00-05:00,47.189998626708984,47.290000915527344,46.720001220703125,46.86000061035156,63400,41.793907165527344,0.0
NNI,2014-12-23 19:00:00-05:00,47.060001373291016,47.060001373291016,46.689998626708984,46.81999969482422,20900,41.75824737548828,0.0
NNI,2014-12-25 19:00:00-05:00,47.08000183105469,47.08000183105469,46.20000076293945,46.31999969482422,26900,41.312294006347656,0.0
NNI,2014-12-28 19:00:00-05:00,46.470001220703125,46.83000183105469,46.06999969482422,46.529998779296875,27800,41.49958801269531,0.0
NNI,2014-12-29 19:00:00-05:00,46.529998779296875,47.04999923706055,46.470001220703125,46.599998474121094,49300,41.562015533447266,0.0
NNI,2014-12-30 19:00:00-05:00,46.849998474121094,46.93000030517578,46.06999969482422,46.33000183105469,65800,41.32120895385742,0.0
NNI,2015-01-01 19:00:00-05:00,46.2400016784668,46.70000076293945,45.02000045776367,45.880001068115234,59500,40.919864654541016,0.0
NNI,2015-01-04 19:00:00-05:00,45.810001373291016,45.810001373291016,43.88999938964844,44.31999969482422,183500,39.52851104736328,0.0
NNI,2015-01-05 19:00:00-05:00,45.150001525878906,45.630001068115234,44.529998779296875,45.20000076293945,115000,40.313377380371094,0.0
NNI,2015-01-06 19:00:00-05:00,45.5,45.5,44.58000183105469,45.400001525878906,102500,40.49174499511719,0.0
NNI,2015-01-07 19:00:00-05:00,45.79999923706055,46.11000061035156,44.849998474121094,45.20000076293945,44500,40.313377380371094,0.0
NNI,2015-01-08 19:00:00-05:00,45.13999938964844,45.13999938964844,44.529998779296875,44.810001373291016,46700,39.965538024902344,0.0
NNI,2015-01-11 19:00:00-05:00,44.93000030517578,45.099998474121094,44.04999923706055,44.209999084472656,82500,39.43040084838867,0.0
NNI,2015-01-12 19:00:00-05:00,44.47999954223633,44.849998474121094,43.540000915527344,44.06999969482422,72700,39.30553436279297,0.0
NNI,2015-01-13 19:00:00-05:00,43.650001525878906,43.9900016784668,43.119998931884766,43.349998474121094,63300,38.66339111328125,0.0
NNI,2015-01-14 19:00:00-05:00,43.52000045776367,43.810001373291016,43.119998931884766,43.56999969482422,59500,38.859588623046875,0.0
NNI,2015-01-15 19:00:00-05:00,43.33000183105469,44.369998931884766,43.33000183105469,44.099998474121094,93500,39.332305908203125,0.0
NNI,2015-01-19 19:00:00-05:00,44.04999923706055,44.43000030517578,43.529998779296875,43.88999938964844,69800,39.144996643066406,0.0
NNI,2015-01-20 19:00:00-05:00,43.95000076293945,44.529998779296875,43.599998474121094,44.22999954223633,74800,39.44823455810547,0.0
NNI,2015-01-21 19:00:00-05:00,44.38999938964844,44.880001068115234,43.72999954223633,44.66999816894531,98200,39.84067153930664,0.0
NNI,2015-01-22 19:00:00-05:00,44.65999984741211,44.86000061035156,44.029998779296875,44.400001525878906,55900,39.599857330322266,0.0
NNI,2015-01-25 19:00:00-05:00,44.25,44.709999084472656,43.70000076293945,44.58000183105469,70100,39.760406494140625,0.0
NNI,2015-01-26 19:00:00-05:00,43.95000076293945,44.90999984741211,43.90999984741211,44.099998474121094,82100,39.332305908203125,0.0
NNI,2015-01-27 19:00:00-05:00,44.11000061035156,44.11000061035156,43.0,43.22999954223633,54700,38.55635070800781,0.0
NNI,2015-01-28 19:00:00-05:00,43.349998474121094,44.06999969482422,43.029998779296875,44.0,99900,39.24310302734375,0.0
NNI,2015-01-29 19:00:00-05:00,43.56999969482422,43.97999954223633,43.34000015258789,43.7400016784668,84200,39.01122283935547,0.0
NNI,2015-02-01 19:00:00-05:00,44.02000045776367,45.27000045776367,44.0,45.20000076293945,89900,40.313377380371094,0.0
NNI,2015-02-02 19:00:00-05:00,45.15999984741211,46.689998626708984,45.15999984741211,46.45000076293945,112600,41.428226470947266,0.0
NNI,2015-02-03 19:00:00-05:00,46.470001220703125,47.099998474121094,46.27000045776367,46.36000061035156,107900,41.34796142578125,0.0
NNI,2015-02-04 19:00:00-05:00,46.630001068115234,48.31999969482422,46.150001525878906,48.150001525878906,163000,42.944435119628906,0.0
NNI,2015-02-05 19:00:00-05:00,48.369998931884766,48.79999923706055,47.5099983215332,47.68000030517578,105700,42.525264739990234,0.0
NNI,2015-02-08 19:00:00-05:00,47.68000030517578,47.790000915527344,46.709999084472656,46.939998626708984,50100,41.86524963378906,0.0
NNI,2015-02-09 19:00:00-05:00,47.41999816894531,47.41999816894531,46.56999969482422,47.0,37100,41.91878128051758,0.0
NNI,2015-02-10 19:00:00-05:00,46.63999938964844,46.7400016784668,46.25,46.5,39300,41.472816467285156,0.0
NNI,2015-02-11 19:00:00-05:00,46.59000015258789,46.900001525878906,46.5,46.689998626708984,28200,41.642276763916016,0.0
NNI,2015-02-12 19:00:00-05:00,46.540000915527344,46.959999084472656,46.27000045776367,46.709999084472656,44400,41.66012954711914,0.0
NNI,2015-02-16 19:00:00-05:00,46.61000061035156,46.88999938964844,46.220001220703125,46.380001068115234,44100,41.365806579589844,0.0
NNI,2015-02-17 19:00:00-05:00,46.220001220703125,46.91999816894531,46.11000061035156,46.369998931884766,80800,41.35688018798828,0.0
NNI,2015-02-18 19:00:00-05:00,46.310001373291016,47.33000183105469,46.310001373291016,47.060001373291016,46000,41.9722785949707,0.0
NNI,2015-02-19 19:00:00-05:00,47.099998474121094,47.099998474121094,46.58000183105469,46.97999954223633,41900,41.90093231201172,0.0
NNI,2015-02-22 19:00:00-05:00,46.709999084472656,47.029998779296875,46.290000915527344,46.470001220703125,56900,41.44607925415039,0.0
NNI,2015-02-23 19:00:00-05:00,46.459999084472656,47.2400016784668,46.459999084472656,47.06999969482422,35100,41.981201171875,0.0
NNI,2015-02-24 19:00:00-05:00,46.939998626708984,47.099998474121094,46.68000030517578,46.90999984741211,23300,41.927574157714844,0.1
NNI,2015-02-25 19:00:00-05:00,46.849998474121094,47.630001068115234,46.709999084472656,47.61000061035156,47900,42.5532341003418,0.0
NNI,2015-02-26 19:00:00-05:00,47.81999969482422,48.0,46.18000030517578,46.619998931884766,72600,41.668373107910156,0.0
NNI,2015-03-01 19:00:00-05:00,46.619998931884766,47.13999938964844,46.61000061035156,47.0,98500,42.00801467895508,0.0
NNI,2015-03-02 19:00:00-05:00,46.7400016784668,47.18000030517578,46.59000015258789,47.0,50900,42.00801467895508,0.0
NNI,2015-03-03 19:00:00-05:00,46.75,47.029998779296875,46.599998474121094,46.959999084472656,119800,41.97226333618164,0.0
NNI,2015-03-04 19:00:00-05:00,47.04999923706055,47.459999084472656,46.7400016784668,47.38999938964844,83700,42.356590270996094,0.0
NNI,2015-03-05 19:00:00-05:00,47.06999969482422,48.08000183105469,46.7599983215332,47.15999984741211,154100,42.151023864746094,0.0
NNI,2015-03-08 20:00:00-04:00,47.11000061035156,47.25,46.93000030517578,47.08000183105469,63700,42.079524993896484,0.0
NNI,2015-03-09 20:00:00-04:00,46.88999938964844,46.88999938964844,46.18000030517578,46.220001220703125,45400,41.31086349487305,0.0
NNI,2015-03-10 20:00:00-04:00,46.16999816894531,46.529998779296875,45.70000076293945,46.31999969482422,71800,41.4002571105957,0.0
NNI,2015-03-11 20:00:00-04:00,46.68000030517578,47.38999938964844,46.220001220703125,46.93000030517578,70600,41.94544982910156,0.0
NNI,2015-03-12 20:00:00-04:00,47.0,47.06999969482422,46.29999923706055,46.9900016784668,76500,41.99908447265625,0.0
NNI,2015-03-15 20:00:00-04:00,47.040000915527344,47.650001525878906,46.939998626708984,47.13999938964844,52900,42.13315200805664,0.0
NNI,2015-03-16 20:00:00-04:00,46.900001525878906,47.09000015258789,46.810001373291016,46.970001220703125,47900,41.981204986572266,0.0
NNI,2015-03-17 20:00:00-04:00,47.0,47.41999816894531,46.81999969482422,47.15999984741211,90200,42.151023864746094,0.0
NNI,2015-03-18 20:00:00-04:00,47.20000076293945,47.47999954223633,46.93000030517578,47.459999084472656,32800,42.419158935546875,0.0
NNI,2015-03-19 20:00:00-04:00,47.400001525878906,47.9900016784668,47.290000915527344,47.599998474121094,123200,42.54430389404297,0.0
NNI,2015-03-22 20:00:00-04:00,47.65999984741211,48.40999984741211,47.560001373291016,48.099998474121094,102000,42.99118423461914,0.0
NNI,2015-03-23 20:00:00-04:00,47.66999816894531,48.540000915527344,47.65999984741211,48.529998779296875,59800,43.37551498413086,0.0
NNI,2015-03-24 20:00:00-04:00,48.33000183105469,48.630001068115234,47.25,47.29999923706055,121500,42.27615737915039,0.0
NNI,2015-03-25 20:00:00-04:00,47.029998779296875,47.27000045776367,46.81999969482422,47.06999969482422,36700,42.070579528808594,0.0
NNI,2015-03-26 20:00:00-04:00,46.970001220703125,47.2599983215332,46.81999969482422,47.22999954223633,67500,42.21358108520508,0.0
NNI,2015-03-29 20:00:00-04:00,47.56999969482422,48.04999923706055,47.310001373291016,47.459999084472656,35400,42.419158935546875,0.0
NNI,2015-03-30 20:00:00-04:00,47.209999084472656,47.5099983215332,47.040000915527344,47.31999969482422,81900,42.294029235839844,0.0
NNI,2015-03-31 20:00:00-04:00,47.220001220703125,47.90999984741211,46.93000030517578,47.88999938964844,65900,42.803497314453125,0.0
NNI,2015-04-01 20:00:00-04:00,48.060001373291016,48.689998626708984,47.84000015258789,48.41999816894531,116500,43.27720260620117,0.0
NNI,2015-04-05 20:00:00-04:00,48.06999969482422,48.22999954223633,45.939998626708984,46.65999984741211,154200,41.704132080078125,0.0
NNI,2015-04-06 20:00:00-04:00,46.619998931884766,46.90999984741211,46.43000030517578,46.45000076293945,67700,41.51642990112305,0.0
NNI,2015-04-07 20:00:00-04:00,46.45000076293945,47.16999816894531,46.45000076293945,46.93000030517578,39800,41.94544982910156,0.0
NNI,2015-04-08 20:00:00-04:00,46.79999923706055,46.88999938964844,45.630001068115234,46.099998474121094,43300,41.203609466552734,0.0
NNI,2015-04-09 20:00:00-04:00,46.38999938964844,46.47999954223633,45.7400016784668,45.9900016784668,52400,41.10529708862305,0.0
NNI,2015-04-12 20:00:00-04:00,45.869998931884766,46.349998474121094,45.66999816894531,45.97999954223633,48700,41.09635543823242,0.0
NNI,2015-04-13 20:00:00-04:00,45.83000183105469,46.11000061035156,45.20000076293945,45.630001068115234,66000,40.78352737426758,0.0
NNI,2015-04-14 20:00:00-04:00,45.84000015258789,46.0,45.599998474121094,45.65999984741211,41300,40.810333251953125,0.0
NNI,2015-04-15 20:00:00-04:00,45.689998626708984,45.81999969482422,45.25,45.459999084472656,65800,40.63158416748047,0.0
NNI,2015-04-16 20:00:00-04:00,44.9900016784668,45.33000183105469,44.08000183105469,44.5,83200,39.77355194091797,0.0
NNI,2015-04-19 20:00:00-04:00,44.5,44.959999084472656,44.08000183105469,44.25,100900,39.550106048583984,0.0
NNI,2015-04-20 20:00:00-04:00,44.52000045776367,45.630001068115234,44.380001068115234,45.540000915527344,73700,40.70309066772461,0.0
NNI,2015-04-21 20:00:00-04:00,45.650001525878906,45.810001373291016,45.08000183105469,45.599998474121094,60900,40.75672149658203,0.0
NNI,2015-04-22 20:00:00-04:00,45.95000076293945,45.9900016784668,45.34000015258789,45.75,32000,40.89078140258789,0.0
NNI,2015-04-23 20:00:00-04:00,45.630001068115234,46.209999084472656,45.349998474121094,45.619998931884766,60700,40.77458953857422,0.0
NNI,2015-04-26 20:00:00-04:00,45.689998626708984,46.2599983215332,45.459999084472656,45.810001373291016,72000,40.94441604614258,0.0
NNI,2015-04-27 20:00:00-04:00,45.79999923706055,46.720001220703125,45.720001220703125,46.619998931884766,65200,41.668373107910156,0.0
NNI,2015-04-28 20:00:00-04:00,46.38999938964844,46.83000183105469,45.790000915527344,45.810001373291016,37300,40.94441604614258,0.0
NNI,2015-04-29 20:00:00-04:00,45.65999984741211,45.88999938964844,44.709999084472656,44.77000045776367,85700,40.01487350463867,0.0
NNI,2015-04-30 20:00:00-04:00,44.880001068115234,45.0099983215332,44.470001220703125,44.66999816894531,69400,39.92549133300781,0.0
NNI,2015-05-03 20:00:00-04:00,44.66999816894531,45.16999816894531,44.13999938964844,44.29999923706055,71000,39.59478759765625,0.0
NNI,2015-05-04 20:00:00-04:00,44.130001068115234,44.90999984741211,43.88999938964844,44.36000061035156,79800,39.6484260559082,0.0
NNI,2015-05-05 20:00:00-04:00,44.279998779296875,44.56999969482422,44.0099983215332,44.459999084472656,73200,39.737796783447266,0.0
NNI,2015-05-06 20:00:00-04:00,44.349998474121094,44.86000061035156,44.16999816894531,44.84000015258789,82000,40.077430725097656,0.0
NNI,2015-05-07 20:00:00-04:00,43.220001220703125,43.869998931884766,41.68000030517578,42.560001373291016,212800,38.039608001708984,0.0
NNI,2015-05-10 20:00:00-04:00,42.56999969482422,43.27000045776367,42.56999969482422,42.86000061035156,84300,38.307743072509766,0.0
NNI,2015-05-11 20:00:00-04:00,42.59000015258789,42.790000915527344,41.47999954223633,41.86000061035156,293000,37.4139404296875,0.0
NNI,2015-05-12 20:00:00-04:00,42.040000915527344,42.939998626708984,41.709999084472656,42.77000045776367,129000,38.227298736572266,0.0
NNI,2015-05-13 20:00:00-04:00,42.709999084472656,42.9900016784668,42.16999816894531,42.290000915527344,132800,37.79829025268555,0.0
NNI,2015-05-14 20:00:00-04:00,42.33000183105469,42.709999084472656,42.20000076293945,42.220001220703125,78600,37.735713958740234,0.0
NNI,2015-05-17 20:00:00-04:00,42.27000045776367,42.63999938964844,41.95000076293945,42.150001525878906,116300,37.67313003540039,0.0
NNI,2015-05-18 20:00:00-04:00,42.16999816894531,42.66999816894531,42.16999816894531,42.439998626708984,69300,37.93233871459961,0.0
NNI,2015-05-19 20:00:00-04:00,42.619998931884766,42.619998931884766,41.709999084472656,42.18000030517578,86200,37.69995880126953,0.0
NNI,2015-05-20 20:00:00-04:00,42.040000915527344,42.560001373291016,42.040000915527344,42.16999816894531,69400,37.691009521484375,0.0
NNI,2015-05-21 20:00:00-04:00,42.04999923706055,42.81999969482422,41.95000076293945,42.5099983215332,62800,37.99491882324219,0.0
NNI,2015-05-25 20:00:00-04:00,42.2599983215332,42.29999923706055,41.88999938964844,42.18000030517578,58300,37.69995880126953,0.0
NNI,2015-05-26 20:00:00-04:00,42.040000915527344,42.66999816894531,42.040000915527344,42.400001525878906,76900,37.89659881591797,0.0
NNI,2015-05-27 20:00:00-04:00,42.33000183105469,42.33000183105469,41.529998779296875,41.77000045776367,63200,37.42177200317383,0.1
NNI,2015-05-28 20:00:00-04:00,41.63999938964844,41.63999938964844,40.810001373291016,41.11000061035156,91900,36.83047103881836,0.0
NNI,2015-05-31 20:00:00-04:00,41.41999816894531,41.75,40.9900016784668,41.4900016784668,65100,37.17091751098633,0.0
NNI,2015-06-01 20:00:00-04:00,41.209999084472656,42.43000030517578,41.15999984741211,42.11000061035156,77000,37.72637939453125,0.0
NNI,2015-06-02 20:00:00-04:00,41.88999938964844,42.939998626708984,41.88999938964844,42.45000076293945,100900,38.030982971191406,0.0
NNI,2015-06-03 20:00:00-04:00,42.25,42.59000015258789,41.90999984741211,41.9900016784668,85100,37.61886215209961,0.0
NNI,2015-06-04 20:00:00-04:00,42.099998474121094,42.95000076293945,41.900001525878906,42.75,83600,38.29974365234375,0.0
NNI,2015-06-07 20:00:00-04:00,42.4900016784668,42.869998931884766,42.369998931884766,42.400001525878906,105500,37.98618698120117,0.0
NNI,2015-06-08 20:00:00-04:00,42.40999984741211,42.83000183105469,42.150001525878906,42.34000015258789,105100,37.93242263793945,0.0
NNI,2015-06-09 20:00:00-04:00,42.630001068115234,43.27000045776367,42.619998931884766,42.79999923706055,177000,38.34453582763672,0.0
NNI,2015-06-10 20:00:00-04:00,42.97999954223633,43.119998931884766,42.54999923706055,42.59000015258789,76600,38.156402587890625,0.0
NNI,2015-06-11 20:00:00-04:00,42.58000183105469,43.27000045776367,42.290000915527344,43.060001373291016,84700,38.577491760253906,0.0
NNI,2015-06-14 20:00:00-04:00,42.45000076293945,43.33000183105469,42.150001525878906,42.779998779296875,98100,38.326629638671875,0.0
NNI,2015-06-15 20:00:00-04:00,42.540000915527344,43.2599983215332,42.540000915527344,43.20000076293945,85700,38.70289993286133,0.0
NNI,2015-06-16 20:00:00-04:00,43.25,43.25,42.400001525878906,42.40999984741211,130600,37.99514389038086,0.0
NNI,2015-06-17 20:00:00-04:00,42.619998931884766,43.43000030517578,42.380001068115234,43.20000076293945,121400,38.70289993286133,0.0
NNI,2015-06-18 20:00:00-04:00,43.400001525878906,43.79999923706055,42.9900016784668,43.22999954223633,255400,38.72978591918945,0.0
NNI,2015-06-21 20:00:00-04:00,43.20000076293945,43.84000015258789,43.20000076293945,43.650001525878906,109600,39.10606002807617,0.0
NNI,2015-06-22 20:00:00-04:00,43.599998474121094,44.119998931884766,43.599998474121094,44.0,177800,39.41962432861328,0.0
NNI,2015-06-23 20:00:00-04:00,44.040000915527344,44.95000076293945,43.959999084472656,44.22999954223633,207700,39.625675201416016,0.0
NNI,2015-06-24 20:00:00-04:00,44.439998626708984,44.720001220703125,44.11000061035156,44.630001068115234,125600,39.984039306640625,0.0
NNI,2015-06-25 20:00:00-04:00,44.84000015258789,44.9900016784668,44.29999923706055,44.369998931884766,330000,39.75110626220703,0.0
NNI,2015-06-28 20:00:00-04:00,44.369998931884766,44.52000045776367,42.52000045776367,42.56999969482422,148400,38.138484954833984,0.0
NNI,2015-06-29 20:00:00-04:00,42.7400016784668,43.41999816894531,42.7400016784668,43.310001373291016,173200,38.80146026611328,0.0
NNI,2015-06-30 20:00:00-04:00,43.529998779296875,44.119998931884766,43.209999084472656,43.58000183105469,132000,39.0433464050293,0.0
NNI,2015-07-01 20:00:00-04:00,43.65999984741211,44.130001068115234,43.33000183105469,43.880001068115234,107100,39.3121223449707,0.0
NNI,2015-07-05 20:00:00-04:00,43.5,44.91999816894531,43.2400016784668,44.790000915527344,150600,40.12739944458008,0.0
NNI,2015-07-06 20:00:00-04:00,44.779998779296875,44.86000061035156,44.150001525878906,44.4900016784668,102500,39.858612060546875,0.0
NNI,2015-07-07 20:00:00-04:00,44.11000061035156,44.400001525878906,43.880001068115234,43.939998626708984,102700,39.365875244140625,0.0
NNI,2015-07-08 20:00:00-04:00,44.38999938964844,44.68000030517578,43.70000076293945,43.7599983215332,129100,39.20461654663086,0.0
NNI,2015-07-09 20:00:00-04:00,44.25,44.599998474121094,43.97999954223633,44.25,86100,39.64360046386719,0.0
NNI,2015-07-12 20:00:00-04:00,44.2400016784668,44.61000061035156,44.04999923706055,44.439998626708984,103000,39.81382751464844,0.0
NNI,2015-07-13 20:00:00-04:00,44.380001068115234,44.380001068115234,43.15999984741211,43.43000030517578,165400,38.908958435058594,0.0
NNI,2015-07-14 20:00:00-04:00,43.29999923706055,43.36000061035156,42.779998779296875,42.9900016784668,177400,38.514766693115234,0.0
NNI,2015-07-15 20:00:00-04:00,43.2599983215332,43.52000045776367,42.529998779296875,42.77000045776367,221100,38.31766128540039,0.0
NNI,2015-07-16 20:00:00-04:00,42.90999984741211,43.13999938964844,42.540000915527344,42.939998626708984,124900,38.469966888427734,0.0
NNI,2015-07-19 20:00:00-04:00,43.099998474121094,43.20000076293945,42.61000061035156,42.7400016784668,52100,38.290802001953125,0.0
NNI,2015-07-20 20:00:00-04:00,42.86000061035156,42.95000076293945,41.81999969482422,41.959999084472656,109700,37.59198760986328,0.0
NNI,2015-07-21 20:00:00-04:00,41.95000076293945,42.380001068115234,41.95000076293945,42.15999984741211,105200,37.771175384521484,0.0
NNI,2015-07-22 20:00:00-04:00,42.15999984741211,42.15999984741211,40.099998474121094,40.36000061035156,179200,36.158546447753906,0.0
NNI,2015-07-23 20:00:00-04:00,40.220001220703125,40.29999923706055,39.38999938964844,40.09000015258789,175000,35.916656494140625,0.0
NNI,2015-07-26 20:00:00-04:00,40.189998626708984,40.189998626708984,39.36000061035156,39.400001525878906,68100,35.298484802246094,0.0
NNI,2015-07-27 20:00:00-04:00,39.380001068115234,39.58000183105469,38.880001068115234,39.2400016784668,97700,35.1551399230957,0.0
NNI,2015-07-28 20:00:00-04:00,39.09000015258789,39.40999984741211,39.09000015258789,39.16999816894531,67200,35.09242248535156,0.0
NNI,2015-07-29 20:00:00-04:00,38.9900016784668,39.47999954223633,38.849998474121094,39.25,64300,35.164100646972656,0.0
NNI,2015-07-30 20:00:00-04:00,39.310001373291016,39.5,39.09000015258789,39.38999938964844,102800,35.289527893066406,0.0
NNI,2015-08-02 20:00:00-04:00,39.34000015258789,39.630001068115234,38.689998626708984,39.0099983215332,146900,34.94908905029297,0.0
NNI,2015-08-03 20:00:00-04:00,39.27000045776367,39.459999084472656,39.0099983215332,39.099998474121094,109700,35.02971267700195,0.0
NNI,2015-08-04 20:00:00-04:00,39.20000076293945,39.91999816894531,38.900001525878906,38.970001220703125,155500,34.91324234008789,0.0
NNI,2015-08-05 20:00:00-04:00,39.2599983215332,39.2599983215332,38.63999938964844,38.900001525878906,147900,34.85052490234375,0.0
NNI,2015-08-06 20:00:00-04:00,37.2599983215332,41.41999816894531,37.220001220703125,40.91999816894531,341300,36.66024398803711,0.0
NNI,2015-08-09 20:00:00-04:00,41.349998474121094,42.33000183105469,41.349998474121094,41.97999954223633,123400,37.60991287231445,0.0
NNI,2015-08-10 20:00:00-04:00,41.70000076293945,41.88999938964844,41.16999816894531,41.52000045776367,159000,37.19779586791992,0.0
NNI,2015-08-11 20:00:00-04:00,41.060001373291016,41.38999938964844,40.47999954223633,41.06999969482422,122000,36.794639587402344,0.0
NNI,2015-08-12 20:00:00-04:00,41.189998626708984,41.189998626708984,40.619998931884766,40.72999954223633,97100,36.490028381347656,0.0
NNI,2015-08-13 20:00:00-04:00,40.63999938964844,41.25,40.45000076293945,41.040000915527344,74800,36.76776123046875,0.0
NNI,2015-08-16 20:00:00-04:00,40.869998931884766,41.119998931884766,40.5099983215332,41.09000015258789,185300,36.81256103515625,0.0
NNI,2015-08-17 20:00:00-04:00,40.95000076293945,40.95000076293945,40.209999084472656,40.380001068115234,119300,36.17646789550781,0.0
NNI,2015-08-18 20:00:00-04:00,40.209999084472656,40.400001525878906,39.86000061035156,40.0099983215332,111700,35.84497833251953,0.0
NNI,2015-08-19 20:00:00-04:00,39.61000061035156,39.70000076293945,39.119998931884766,39.13999938964844,86200,35.06553268432617,0.0
NNI,2015-08-20 20:00:00-04:00,38.630001068115234,39.16999816894531,38.029998779296875,38.63999938964844,152300,34.61760330200195,0.0
NNI,2015-08-23 20:00:00-04:00,36.7599983215332,37.790000915527344,36.7599983215332,37.290000915527344,135300,33.408145904541016,0.0
NNI,2015-08-24 20:00:00-04:00,38.099998474121094,38.279998779296875,36.13999938964844,36.220001220703125,157700,32.449520111083984,0.0
NNI,2015-08-25 20:00:00-04:00,36.72999954223633,38.0,36.29999923706055,37.56999969482422,227600,33.65898895263672,0.0
NNI,2015-08-26 20:00:00-04:00,37.900001525878906,38.18000030517578,37.13999938964844,37.52000045776367,196000,33.61418533325195,0.0
NNI,2015-08-27 20:00:00-04:00,37.34000015258789,37.38999938964844,36.900001525878906,37.18000030517578,130100,33.39861297607422,0.1
NNI,2015-08-30 20:00:00-04:00,37.09000015258789,37.68000030517578,36.90999984741211,37.650001525878906,96900,33.82079315185547,0.0
NNI,2015-08-31 20:00:00-04:00,37.0099983215332,37.099998474121094,36.439998626708984,36.59000015258789,129200,32.86860656738281,0.0
NNI,2015-09-01 20:00:00-04:00,36.91999816894531,37.040000915527344,36.36000061035156,36.52000045776367,99700,32.805728912353516,0.0
NNI,2015-09-02 20:00:00-04:00,36.66999816894531,36.84000015258789,36.33000183105469,36.36000061035156,65600,32.66199493408203,0.0
NNI,2015-09-03 20:00:00-04:00,35.93000030517578,36.13999938964844,35.79999923706055,35.810001373291016,61000,32.16792678833008,0.0
NNI,2015-09-07 20:00:00-04:00,36.2599983215332,36.36000061035156,36.0099983215332,36.040000915527344,119400,32.374542236328125,0.0
NNI,2015-09-08 20:00:00-04:00,36.279998779296875,36.77000045776367,36.150001525878906,36.36000061035156,129300,32.66199493408203,0.0
NNI,2015-09-09 20:00:00-04:00,36.22999954223633,36.68000030517578,36.22999954223633,36.599998474121094,109600,32.87759017944336,0.0
NNI,2015-09-10 20:00:00-04:00,36.33000183105469,36.81999969482422,36.33000183105469,36.52000045776367,82600,32.805728912353516,0.0
NNI,2015-09-13 20:00:00-04:00,36.529998779296875,36.79999923706055,36.130001068115234,36.66999816894531,145500,32.94047546386719,0.0
NNI,2015-09-14 20:00:00-04:00,36.720001220703125,37.27000045776367,36.720001220703125,37.119998931884766,55300,33.344703674316406,0.0
NNI,2015-09-15 20:00:00-04:00,37.029998779296875,37.81999969482422,37.029998779296875,37.470001220703125,84600,33.65910720825195,0.0
NNI,2015-09-16 20:00:00-04:00,37.52000045776367,37.709999084472656,36.900001525878906,36.97999954223633,84100,33.21894454956055,0.0
NNI,2015-09-17 20:00:00-04:00,36.540000915527344,36.689998626708984,36.2400016784668,36.68000030517578,144900,32.9494514465332,0.0
NNI,2015-09-20 20:00:00-04:00,36.849998474121094,37.599998474121094,36.630001068115234,37.439998626708984,99400,33.63214111328125,0.0
NNI,2015-09-21 20:00:00-04:00,37.060001373291016,37.16999816894531,36.56999969482422,37.0099983215332,69200,33.24588394165039,0.0
NNI,2015-09-22 20:00:00-04:00,37.0,37.04999923706055,36.2400016784668,36.31999969482422,89900,32.62605285644531,0.0
NNI,2015-09-23 20:00:00-04:00,36.099998474121094,36.529998779296875,35.900001525878906,36.470001220703125,74900,32.76081085205078,0.0
NNI,2015-09-24 20:00:00-04:00,36.650001525878906,36.81999969482422,36.290000915527344,36.369998931884766,66500,32.67097473144531,0.0
NNI,2015-09-27 20:00:00-04:00,36.2599983215332,36.2599983215332,35.560001373291016,35.779998779296875,76700,32.140987396240234,0.0
NNI,2015-09-28 20:00:00-04:00,35.790000915527344,36.029998779296875,35.439998626708984,35.810001373291016,100900,32.16792678833008,0.0
NNI,2015-09-29 20:00:00-04:00,35.95000076293945,36.119998931884766,34.2599983215332,34.61000061035156,243000,31.089981079101562,0.0
NNI,2015-09-30 20:00:00-04:00,34.459999084472656,34.7400016784668,33.63999938964844,33.709999084472656,160100,30.281513214111328,0.0
NNI,2015-10-01 20:00:00-04:00,33.27000045776367,33.54999923706055,32.25,33.43000030517578,213500,30.029996871948242,0.0
NNI,2015-10-04 20:00:00-04:00,33.79999923706055,34.54999923706055,33.75,34.459999084472656,124100,30.955244064331055,0.0
NNI,2015-10-05 20:00:00-04:00,34.33000183105469,34.9900016784668,34.33000183105469,34.849998474121094,112900,31.305564880371094,0.0
NNI,2015-10-06 20:00:00-04:00,35.04999923706055,35.41999816894531,34.630001068115234,34.90999984741211,98600,31.359468460083008,0.0
NNI,2015-10-07 20:00:00-04:00,34.84000015258789,35.310001373291016,34.560001373291016,35.09000015258789,102600,31.521160125732422,0.0
NNI,2015-10-08 20:00:00-04:00,35.04999923706055,35.41999816894531,34.709999084472656,34.869998931884766,73100,31.323528289794922,0.0
NNI,2015-10-11 20:00:00-04:00,35.0099983215332,35.279998779296875,34.7400016784668,34.81999969482422,83800,31.278615951538086,0.0
NNI,2015-10-12 20:00:00-04:00,34.869998931884766,35.36000061035156,34.650001525878906,34.66999816894531,60000,31.143871307373047,0.0
NNI,2015-10-13 20:00:00-04:00,34.619998931884766,35.04999923706055,34.439998626708984,34.560001373291016,72300,31.045068740844727,0.0
NNI,2015-10-14 20:00:00-04:00,34.65999984741211,34.959999084472656,34.18000030517578,34.95000076293945,152200,31.39539909362793,0.0
NNI,2015-10-15 20:00:00-04:00,35.09000015258789,35.2599983215332,34.29999923706055,34.75,123700,31.215749740600586,0.0
NNI,2015-10-18 20:00:00-04:00,34.7599983215332,35.59000015258789,34.709999084472656,34.9900016784668,262100,31.43132781982422,0.0
NNI,2015-10-19 20:00:00-04:00,35.0,36.09000015258789,34.95000076293945,35.880001068115234,101500,32.230812072753906,0.0
NNI,2015-10-20 20:00:00-04:00,36.0099983215332,36.4900016784668,35.869998931884766,35.880001068115234,90200,32.230812072753906,0.0
NNI,2015-10-21 20:00:00-04:00,35.810001373291016,36.45000076293945,35.38999938964844,35.5,96700,31.88947105407715,0.0
NNI,2015-10-22 20:00:00-04:00,35.849998474121094,36.119998931884766,35.349998474121094,36.040000915527344,69700,32.374542236328125,0.0
NNI,2015-10-25 20:00:00-04:00,35.95000076293945,36.220001220703125,35.75,36.15999984741211,71600,32.48235321044922,0.0
NNI,2015-10-26 20:00:00-04:00,35.97999954223633,36.0,35.20000076293945,35.27000045776367,84000,31.682865142822266,0.0
NNI,2015-10-27 20:00:00-04:00,35.36000061035156,36.970001220703125,35.2400016784668,36.86000061035156,103700,33.11115264892578,0.0
NNI,2015-10-28 20:00:00-04:00,36.7400016784668,36.81999969482422,35.790000915527344,35.88999938964844,65900,32.23979949951172,0.0
NNI,2015-10-29 20:00:00-04:00,35.900001525878906,36.22999954223633,35.56999969482422,35.779998779296875,123500,32.140987396240234,0.0
NNI,2015-11-01 19:00:00-05:00,35.72999954223633,36.599998474121094,35.65999984741211,36.5099983215332,122000,32.79673385620117,0.0
NNI,2015-11-02 19:00:00-05:00,36.529998779296875,36.560001373291016,35.790000915527344,35.97999954223633,80700,32.32065200805664,0.0
NNI,2015-11-03 19:00:00-05:00,36.08000183105469,36.470001220703125,35.68000030517578,36.09000015258789,57700,32.41946029663086,0.0
NNI,2015-11-04 19:00:00-05:00,36.15999984741211,36.290000915527344,35.529998779296875,35.880001068115234,55500,32.230812072753906,0.0
NNI,2015-11-05 19:00:00-05:00,35.38999938964844,35.38999938964844,33.81999969482422,34.41999816894531,172800,30.9193058013916,0.0
NNI,2015-11-08 19:00:00-05:00,34.11000061035156,34.25,32.75,33.58000183105469,216500,30.16474151611328,0.0
NNI,2015-11-09 19:00:00-05:00,33.59000015258789,33.720001220703125,33.16999816894531,33.33000183105469,83300,29.940168380737305,0.0
NNI,2015-11-10 19:00:00-05:00,33.279998779296875,33.400001525878906,33.02000045776367,33.060001373291016,111600,29.697633743286133,0.0
NNI,2015-11-11 19:00:00-05:00,32.900001525878906,33.06999969482422,32.0099983215332,32.04999923706055,82900,28.790346145629883,0.0
NNI,2015-11-12 19:00:00-05:00,31.959999084472656,32.22999954223633,31.639999389648438,31.940000534057617,104700,28.6915340423584,0.0
NNI,2015-11-15 19:00:00-05:00,31.889999389648438,31.979999542236328,31.719999313354492,31.850000381469727,70200,28.61069107055664,0.0
NNI,2015-11-16 19:00:00-05:00,31.899999618530273,31.899999618530273,30.84000015258789,30.920000076293945,95600,27.7752742767334,0.0
NNI,2015-11-17 19:00:00-05:00,31.1299991607666,31.559999465942383,31.0,31.219999313354492,102700,28.04475975036621,0.0
NNI,2015-11-18 19:00:00-05:00,31.229999542236328,31.549999237060547,31.1299991607666,31.260000228881836,123000,28.0806884765625,0.0
NNI,2015-11-19 19:00:00-05:00,31.40999984741211,31.700000762939453,31.229999542236328,31.290000915527344,207400,28.10764503479004,0.0
NNI,2015-11-22 19:00:00-05:00,31.190000534057617,31.3799991607666,30.979999542236328,31.15999984741211,258400,27.990863800048828,0.0
NNI,2015-11-23 19:00:00-05:00,30.889999389648438,31.770000457763672,30.84000015258789,31.510000228881836,179200,28.305269241333008,0.0
NNI,2015-11-24 19:00:00-05:00,31.510000228881836,32.349998474121094,31.389999389648438,32.27000045776367,112100,28.987966537475586,0.0
NNI,2015-11-26 19:00:00-05:00,32.34000015258789,33.220001220703125,32.2599983215332,32.93000030517578,87500,29.691261291503906,0.12
NNI,2015-11-29 19:00:00-05:00,33.13999938964844,33.380001068115234,32.849998474121094,33.0,158000,29.754375457763672,0.0
NNI,2015-11-30 19:00:00-05:00,33.25,33.369998931884766,32.56999969482422,32.93000030517578,125500,29.691261291503906,0.0
NNI,2015-12-01 19:00:00-05:00,33.0,33.02000045776367,32.439998626708984,32.5099983215332,112900,29.31256103515625,0.0
NNI,2015-12-02 19:00:00-05:00,32.650001525878906,32.77000045776367,32.2599983215332,32.27000045776367,144200,29.096166610717773,0.0
NNI,2015-12-03 19:00:00-05:00,32.310001373291016,32.790000915527344,32.189998626708984,32.31999969482422,140500,29.141252517700195,0.0
NNI,2015-12-06 19:00:00-05:00,32.310001373291016,32.40999984741211,31.280000686645508,31.329999923706055,189400,28.248619079589844,0.0
NNI,2015-12-07 19:00:00-05:00,30.940000534057617,31.270000457763672,30.549999237060547,30.690000534057617,257300,27.67156219482422,0.0
NNI,2015-12-08 19:00:00-05:00,30.6200008392334,31.56999969482422,30.59000015258789,30.65999984741211,213600,27.644519805908203,0.0
NNI,2015-12-09 19:00:00-05:00,30.65999984741211,32.310001373291016,30.56999969482422,32.099998474121094,167000,28.942882537841797,0.0
NNI,2015-12-10 19:00:00-05:00,31.729999542236328,32.189998626708984,31.610000610351562,31.75,219500,28.627317428588867,0.0
NNI,2015-12-13 19:00:00-05:00,31.670000076293945,31.959999084472656,30.940000534057617,30.989999771118164,178400,27.942062377929688,0.0
NNI,2015-12-14 19:00:00-05:00,31.260000228881836,32.34000015258789,31.209999084472656,32.189998626708984,154400,29.024030685424805,0.0
NNI,2015-12-15 19:00:00-05:00,32.279998779296875,32.75,32.11000061035156,32.58000183105469,150200,29.37568473815918,0.0
NNI,2015-12-16 19:00:00-05:00,32.65999984741211,32.790000915527344,32.130001068115234,32.290000915527344,118700,29.11420440673828,0.0
NNI,2015-12-17 19:00:00-05:00,32.08000183105469,32.099998474121094,30.81999969482422,31.290000915527344,307600,28.212554931640625,0.0
NNI,2015-12-20 19:00:00-05:00,31.440000534057617,31.90999984741211,31.15999984741211,31.860000610351562,218800,28.72649383544922,0.0
NNI,2015-12-21 19:00:00-05:00,31.920000076293945,32.619998931884766,31.719999313354492,32.310001373291016,128600,29.13223648071289,0.0
NNI,2015-12-22 19:00:00-05:00,32.470001220703125,32.650001525878906,32.349998474121094,32.5099983215332,119600,29.31256103515625,0.0
NNI,2015-12-23 19:00:00-05:00,32.54999923706055,34.06999969482422,32.54999923706055,33.79999923706055,98900,30.47568702697754,0.0
NNI,2015-12-27 19:00:00-05:00,33.63999938964844,33.779998779296875,32.970001220703125,33.22999954223633,109100,29.961746215820312,0.0
NNI,2015-12-28 19:00:00-05:00,33.400001525878906,34.06999969482422,33.38999938964844,33.83000183105469,108600,30.502735137939453,0.0
NNI,2015-12-29 19:00:00-05:00,33.849998474121094,33.91999816894531,33.540000915527344,33.56999969482422,96900,30.268308639526367,0.0
NNI,2015-12-30 19:00:00-05:00,33.43000030517578,34.09000015258789,33.40999984741211,33.56999969482422,101500,30.268308639526367,0.0
NNI,2016-01-03 19:00:00-05:00,32.939998626708984,33.189998626708984,32.7599983215332,33.060001373291016,173400,29.8084774017334,0.0
NNI,2016-01-04 19:00:00-05:00,33.130001068115234,33.220001220703125,32.689998626708984,32.900001525878906,150200,29.664203643798828,0.0
NNI,2016-01-05 19:00:00-05:00,32.43000030517578,32.869998931884766,32.209999084472656,32.52000045776367,170100,29.321578979492188,0.0
NNI,2016-01-06 19:00:00-05:00,32.04999923706055,32.22999954223633,31.229999542236328,31.299999237060547,187500,28.22157096862793,0.0
NNI,2016-01-07 19:00:00-05:00,31.530000686645508,31.81999969482422,31.079999923706055,31.09000015258789,154700,28.0322208404541,0.0
NNI,2016-01-10 19:00:00-05:00,31.43000030517578,32.209999084472656,31.34000015258789,31.799999237060547,181500,28.67239761352539,0.0
NNI,2016-01-11 19:00:00-05:00,32.220001220703125,32.33000183105469,30.68000030517578,30.940000534057617,173100,27.896982192993164,0.0
NNI,2016-01-12 19:00:00-05:00,30.940000534057617,31.3700008392334,29.6200008392334,29.760000228881836,140600,26.83303451538086,0.0
NNI,2016-01-13 19:00:00-05:00,29.850000381469727,29.93000030517578,29.219999313354492,29.559999465942383,134700,26.652706146240234,0.0
NNI,2016-01-14 19:00:00-05:00,28.959999084472656,29.329999923706055,28.399999618530273,29.200000762939453,143800,26.32811164855957,0.0
NNI,2016-01-18 19:00:00-05:00,29.469999313354492,29.709999084472656,28.6299991607666,28.809999465942383,136700,25.976465225219727,0.0
NNI,2016-01-19 19:00:00-05:00,28.3799991607666,29.889999389648438,27.799999237060547,29.639999389648438,151500,26.724836349487305,0.0
NNI,2016-01-20 19:00:00-05:00,29.6299991607666,30.790000915527344,29.579999923706055,30.020000457763672,176300,27.067459106445312,0.0
NNI,2016-01-21 19:00:00-05:00,30.43000030517578,30.899999618530273,30.229999542236328,30.780000686645508,138400,27.752714157104492,0.0
NNI,2016-01-24 19:00:00-05:00,30.700000762939453,30.709999084472656,29.5,29.559999465942383,127000,26.652706146240234,0.0
NNI,2016-01-25 19:00:00-05:00,29.760000228881836,30.719999313354492,29.579999923706055,30.530000686645508,190600,27.527301788330078,0.0
NNI,2016-01-26 19:00:00-05:00,30.34000015258789,31.530000686645508,30.34000015258789,31.149999618530273,123800,28.086322784423828,0.0
NNI,2016-01-27 19:00:00-05:00,31.440000534057617,31.450000762939453,30.459999084472656,30.940000534057617,149100,27.896982192993164,0.0
NNI,2016-01-28 19:00:00-05:00,31.040000915527344,32.470001220703125,30.989999771118164,32.470001220703125,167500,29.276500701904297,0.0
NNI,2016-01-31 19:00:00-05:00,32.310001373291016,32.33000183105469,31.520000457763672,31.729999542236328,183100,28.60927963256836,0.0
NNI,2016-02-01 19:00:00-05:00,31.270000457763672,31.270000457763672,30.270000457763672,30.329999923706055,138700,27.346975326538086,0.0
NNI,2016-02-02 19:00:00-05:00,30.600000381469727,30.600000381469727,29.420000076293945,30.280000686645508,179500,27.30189323425293,0.0
NNI,2016-02-03 19:00:00-05:00,30.25,32.119998931884766,30.25,31.940000534057617,158600,28.798629760742188,0.0
NNI,2016-02-04 19:00:00-05:00,31.8700008392334,32.779998779296875,31.850000381469727,32.150001525878906,167300,28.98797035217285,0.0
NNI,2016-02-07 19:00:00-05:00,31.65999984741211,32.9900016784668,31.520000457763672,32.79999923706055,139800,29.574047088623047,0.0
NNI,2016-02-08 19:00:00-05:00,32.220001220703125,32.790000915527344,31.8799991607666,32.279998779296875,147700,29.105188369750977,0.0
NNI,2016-02-09 19:00:00-05:00,32.56999969482422,33.349998474121094,32.119998931884766,32.130001068115234,156700,28.969940185546875,0.0
NNI,2016-02-10 19:00:00-05:00,31.559999465942383,33.130001068115234,31.1200008392334,32.95000076293945,136500,29.70928955078125,0.0
NNI,2016-02-11 19:00:00-05:00,33.27000045776367,34.08000183105469,33.16999816894531,33.7599983215332,161300,30.43962860107422,0.0
NNI,2016-02-15 19:00:00-05:00,34.15999984741211,34.5099983215332,33.849998474121094,34.349998474121094,170700,30.971593856811523,0.0
NNI,2016-02-16 19:00:00-05:00,34.66999816894531,35.16999816894531,34.380001068115234,34.790000915527344,253200,31.36832618713379,0.0
NNI,2016-02-17 19:00:00-05:00,34.91999816894531,35.34000015258789,34.56999969482422,35.209999084472656,138900,31.74700927734375,0.0
NNI,2016-02-18 19:00:00-05:00,35.099998474121094,35.2599983215332,34.68000030517578,35.150001525878906,128800,31.692914962768555,0.0
NNI,2016-02-21 19:00:00-05:00,35.52000045776367,35.9900016784668,35.52000045776367,35.88999938964844,163400,32.360130310058594,0.0
NNI,2016-02-22 19:00:00-05:00,35.779998779296875,36.16999816894531,35.599998474121094,35.90999984741211,174600,32.37818145751953,0.0
NNI,2016-02-23 19:00:00-05:00,35.41999816894531,36.06999969482422,34.810001373291016,35.91999816894531,167200,32.38718032836914,0.0
NNI,2016-02-24 19:00:00-05:00,35.900001525878906,36.459999084472656,35.630001068115234,36.2400016784668,161100,32.675716400146484,0.0
NNI,2016-02-25 19:00:00-05:00,36.369998931884766,37.31999969482422,36.060001373291016,36.79999923706055,210400,33.29086685180664,0.12
NNI,2016-02-28 19:00:00-05:00,36.849998474121094,37.86000061035156,36.849998474121094,37.599998474121094,301000,34.01457595825195,0.0
NNI,2016-02-29 19:00:00-05:00,37.900001525878906,38.43000030517578,37.400001525878906,38.08000183105469,164500,34.44881057739258,0.0
NNI,2016-03-01 19:00:00-05:00,38.08000183105469,38.36000061035156,37.56999969482422,38.290000915527344,203000,34.63878631591797,0.0
NNI,2016-03-02 19:00:00-05:00,38.310001373291016,39.29999923706055,38.310001373291016,38.9900016784668,168500,35.272029876708984,0.0
NNI,2016-03-03 19:00:00-05:00,39.0099983215332,39.599998474121094,38.70000076293945,39.31999969482422,222900,35.57057571411133,0.0
NNI,2016-03-06 19:00:00-05:00,39.06999969482422,39.54999923706055,38.88999938964844,39.4900016784668,216800,35.724369049072266,0.0
NNI,2016-03-07 19:00:00-05:00,39.33000183105469,39.36000061035156,38.43000030517578,38.97999954223633,130300,35.26298522949219,0.0
NNI,2016-03-08 19:00:00-05:00,39.119998931884766,39.369998931884766,38.72999954223633,39.22999954223633,125100,35.48914337158203,0.0
NNI,2016-03-09 19:00:00-05:00,39.38999938964844,39.59000015258789,38.7400016784668,39.31999969482422,82800,35.57057571411133,0.0
NNI,2016-03-10 19:00:00-05:00,39.619998931884766,40.27000045776367,39.400001525878906,40.25,86900,36.411895751953125,0.0
NNI,2016-03-13 20:00:00-04:00,40.040000915527344,40.220001220703125,39.09000015258789,39.09000015258789,83200,35.36250686645508,0.0
NNI,2016-03-14 20:00:00-04:00,38.91999816894531,39.18000030517578,38.56999969482422,39.029998779296875,113700,35.30821990966797,0.0
NNI,2016-03-15 20:00:00-04:00,38.84000015258789,39.38999938964844,38.08000183105469,39.060001373291016,123400,35.33535385131836,0.0
NNI,2016-03-16 20:00:00-04:00,39.02000045776367,40.16999816894531,38.959999084472656,40.02000045776367,120300,36.20381546020508,0.0
NNI,2016-03-17 20:00:00-04:00,40.22999954223633,40.709999084472656,40.04999923706055,40.68000030517578,214600,36.80087661743164,0.0
NNI,2016-03-20 20:00:00-04:00,40.599998474121094,40.849998474121094,40.310001373291016,40.540000915527344,60400,36.674232482910156,0.0
NNI,2016-03-21 20:00:00-04:00,40.29999923706055,40.79999923706055,39.75,40.38999938964844,76700,36.53854751586914,0.0
NNI,2016-03-22 20:00:00-04:00,40.38999938964844,40.38999938964844,39.36000061035156,39.38999938964844,118200,35.63389205932617,0.0
NNI,2016-03-23 20:00:00-04:00,39.279998779296875,39.470001220703125,38.84000015258789,39.36000061035156,156800,35.606746673583984,0.0
NNI,2016-03-27 20:00:00-04:00,39.45000076293945,39.56999969482422,38.97999954223633,39.20000076293945,154200,35.46201705932617,0.0
NNI,2016-03-28 20:00:00-04:00,39.099998474121094,39.900001525878906,38.81999969482422,39.84000015258789,154500,36.04098892211914,0.0
NNI,2016-03-29 20:00:00-04:00,39.95000076293945,40.72999954223633,39.7400016784668,39.75,215100,35.959564208984375,0.0
NNI,2016-03-30 20:00:00-04:00,39.63999938964844,39.9900016784668,39.31999969482422,39.369998931884766,318500,35.61580276489258,0.0
NNI,2016-03-31 20:00:00-04:00,39.04999923706055,40.06999969482422,38.81999969482422,39.95000076293945,166300,36.14048767089844,0.0
NNI,2016-04-03 20:00:00-04:00,39.880001068115234,39.91999816894531,39.099998474121094,39.11000061035156,94300,35.380592346191406,0.0
NNI,2016-04-04 20:00:00-04:00,38.970001220703125,39.220001220703125,38.54999923706055,39.060001373291016,133400,35.33535385131836,0.0
NNI,2016-04-05 20:00:00-04:00,39.130001068115234,39.45000076293945,38.810001373291016,39.119998931884766,82000,35.3896369934082,0.0
NNI,2016-04-06 20:00:00-04:00,38.84000015258789,38.91999816894531,38.29999923706055,38.56999969482422,189800,34.892086029052734,0.0
NNI,2016-04-07 20:00:00-04:00,38.81999969482422,39.25,38.47999954223633,38.54999923706055,68500,34.873985290527344,0.0
NNI,2016-04-10 20:00:00-04:00,38.619998931884766,39.189998626708984,38.36000061035156,38.400001525878906,118000,34.738304138183594,0.0
NNI,2016-04-11 20:00:00-04:00,38.400001525878906,39.47999954223633,38.400001525878906,39.310001373291016,159100,35.561519622802734,0.0
NNI,2016-04-12 20:00:00-04:00,39.560001373291016,40.83000183105469,39.560001373291016,40.83000183105469,80800,36.93657684326172,0.0
NNI,2016-04-13 20:00:00-04:00,40.79999923706055,41.25,40.25,40.290000915527344,68200,36.44807434082031,0.0
NNI,2016-04-14 20:00:00-04:00,40.2400016784668,40.47999954223633,40.0,40.220001220703125,67000,36.38475799560547,0.0
NNI,2016-04-17 20:00:00-04:00,40.0099983215332,40.630001068115234,39.9900016784668,40.43000030517578,46600,36.57472229003906,0.0
NNI,2016-04-18 20:00:00-04:00,40.56999969482422,40.93000030517578,40.09000015258789,40.619998931884766,47200,36.746612548828125,0.0
NNI,2016-04-19 20:00:00-04:00,40.68000030517578,41.22999954223633,40.459999084472656,40.95000076293945,69500,37.04513931274414,0.0
NNI,2016-04-20 20:00:00-04:00,40.84000015258789,41.599998474121094,40.84000015258789,41.11000061035156,92500,37.18988800048828,0.0
NNI,2016-04-21 20:00:00-04:00,41.20000076293945,41.75,41.150001525878906,41.619998931884766,96300,37.6512451171875,0.0
NNI,2016-04-24 20:00:00-04:00,41.33000183105469,41.33000183105469,40.29999923706055,41.27000045776367,88200,37.334617614746094,0.0
NNI,2016-04-25 20:00:00-04:00,41.40999984741211,42.0,41.15999984741211,41.939998626708984,76200,37.94072723388672,0.0
NNI,2016-04-26 20:00:00-04:00,41.93000030517578,42.650001525878906,41.65999984741211,42.13999938964844,137700,38.12166213989258,0.0
NNI,2016-04-27 20:00:00-04:00,42.0,42.36000061035156,41.36000061035156,41.400001525878906,76300,37.452232360839844,0.0
NNI,2016-04-28 20:00:00-04:00,41.369998931884766,41.939998626708984,41.09000015258789,41.90999984741211,114300,37.91358184814453,0.0
NNI,2016-05-01 20:00:00-04:00,41.75,42.5099983215332,41.5,42.08000183105469,63500,38.06739044189453,0.0
NNI,2016-05-02 20:00:00-04:00,41.91999816894531,41.91999816894531,40.470001220703125,41.20000076293945,68500,37.271297454833984,0.0
NNI,2016-05-03 20:00:00-04:00,40.720001220703125,41.7400016784668,40.630001068115234,40.81999969482422,60400,36.92753219604492,0.0
NNI,2016-05-04 20:00:00-04:00,40.7400016784668,40.939998626708984,40.2400016784668,40.5,88500,36.6380500793457,0.0
NNI,2016-05-05 20:00:00-04:00,39.689998626708984,40.43000030517578,37.0,38.40999984741211,171900,34.747337341308594,0.0
NNI,2016-05-08 20:00:00-04:00,38.04999923706055,38.08000183105469,37.0099983215332,37.599998474121094,91600,34.01457595825195,0.0
NNI,2016-05-09 20:00:00-04:00,37.86000061035156,38.45000076293945,37.86000061035156,38.08000183105469,57500,34.44881057739258,0.0
NNI,2016-05-10 20:00:00-04:00,37.9900016784668,37.9900016784668,37.15999984741211,37.2599983215332,51300,33.707000732421875,0.0
NNI,2016-05-11 20:00:00-04:00,37.33000183105469,37.54999923706055,36.599998474121094,36.650001525878906,54700,33.155174255371094,0.0
NNI,2016-05-12 20:00:00-04:00,36.43000030517578,37.08000183105469,36.279998779296875,36.29999923706055,49200,32.83855056762695,0.0
NNI,2016-05-15 20:00:00-04:00,36.29999923706055,36.849998474121094,36.279998779296875,36.31999969482422,49300,32.85662841796875,0.0
NNI,2016-05-16 20:00:00-04:00,36.31999969482422,36.7400016784668,35.7400016784668,36.0,68800,32.56714630126953,0.0
NNI,2016-05-17 20:00:00-04:00,35.849998474121094,36.52000045776367,35.849998474121094,36.189998626708984,67300,32.73904037475586,0.0
NNI,2016-05-18 20:00:00-04:00,36.0099983215332,36.38999938964844,35.22999954223633,35.2400016784668,57300,31.879629135131836,0.0
NNI,2016-05-19 20:00:00-04:00,35.400001525878906,35.93000030517578,35.0,35.63999938964844,53500,32.24148178100586,0.0
NNI,2016-05-22 20:00:00-04:00,35.63999938964844,35.88999938964844,35.18000030517578,35.630001068115234,58800,32.23242950439453,0.0
NNI,2016-05-23 20:00:00-04:00,35.869998931884766,36.47999954223633,35.869998931884766,36.33000183105469,62300,32.865684509277344,0.0
NNI,2016-05-24 20:00:00-04:00,36.369998931884766,36.59000015258789,36.0099983215332,36.20000076293945,52900,32.74808883666992,0.0
NNI,2016-05-25 20:00:00-04:00,36.18000030517578,36.349998474121094,35.86000061035156,35.93000030517578,80000,32.50383377075195,0.0
NNI,2016-05-26 20:00:00-04:00,35.77000045776367,36.13999938964844,35.689998626708984,36.029998779296875,74400,32.703521728515625,0.12
NNI,2016-05-30 20:00:00-04:00,35.9900016784668,36.75,35.93000030517578,36.68000030517578,193400,33.29351043701172,0.0
NNI,2016-05-31 20:00:00-04:00,36.5,36.9900016784668,35.900001525878906,36.470001220703125,70600,33.1028938293457,0.0
NNI,2016-06-01 20:00:00-04:00,36.459999084472656,36.52000045776367,35.93000030517578,36.33000183105469,50800,32.97582244873047,0.0
NNI,2016-06-02 20:00:00-04:00,36.33000183105469,36.33000183105469,35.40999984741211,36.209999084472656,62500,32.86688995361328,0.0
NNI,2016-06-05 20:00:00-04:00,36.150001525878906,37.029998779296875,36.150001525878906,36.959999084472656,67200,33.54765701293945,0.0
NNI,2016-06-06 20:00:00-04:00,36.849998474121094,37.029998779296875,36.470001220703125,36.650001525878906,47400,33.26626968383789,0.0
NNI,2016-06-07 20:00:00-04:00,36.31999969482422,37.02000045776367,36.31999969482422,36.849998474121094,49300,33.447811126708984,0.0
NNI,2016-06-08 20:00:00-04:00,36.650001525878906,36.7400016784668,35.84000015258789,36.20000076293945,49000,32.857826232910156,0.0
NNI,2016-06-09 20:00:00-04:00,35.88999938964844,36.16999816894531,35.27000045776367,35.45000076293945,64500,32.177066802978516,0.0
NNI,2016-06-12 20:00:00-04:00,35.18000030517578,35.279998779296875,33.810001373291016,33.90999984741211,123100,30.779254913330078,0.0
NNI,2016-06-13 20:00:00-04:00,33.90999984741211,34.0,32.869998931884766,33.150001525878906,82400,30.089414596557617,0.0
NNI,2016-06-14 20:00:00-04:00,33.2400016784668,33.66999816894531,32.9900016784668,33.02000045776367,71500,29.971420288085938,0.0
NNI,2016-06-15 20:00:00-04:00,32.7400016784668,33.2400016784668,32.56999969482422,33.099998474121094,55800,30.044031143188477,0.0
NNI,2016-06-16 20:00:00-04:00,33.099998474121094,33.439998626708984,32.75,32.84000015258789,230200,29.808040618896484,0.0
NNI,2016-06-19 20:00:00-04:00,33.33000183105469,33.97999954223633,33.33000183105469,33.7400016784668,82500,30.62494659423828,0.0
NNI,2016-06-20 20:00:00-04:00,33.959999084472656,33.9900016784668,33.310001373291016,33.66999816894531,61700,30.561403274536133,0.0
NNI,2016-06-21 20:00:00-04:00,33.84000015258789,33.86000061035156,33.20000076293945,33.27000045776367,53000,30.19832992553711,0.0
NNI,2016-06-22 20:00:00-04:00,33.75,34.83000183105469,33.560001373291016,34.54999923706055,76400,31.360164642333984,0.0
NNI,2016-06-23 20:00:00-04:00,33.130001068115234,33.209999084472656,31.959999084472656,32.54999923706055,219300,29.544809341430664,0.0
NNI,2016-06-26 20:00:00-04:00,32.11000061035156,32.369998931884766,31.489999771118164,32.310001373291016,143500,29.326967239379883,0.0
NNI,2016-06-27 20:00:00-04:00,32.689998626708984,32.849998474121094,32.04999923706055,32.29999923706055,78500,29.317890167236328,0.0
NNI,2016-06-28 20:00:00-04:00,32.529998779296875,33.27000045776367,32.349998474121094,33.189998626708984,55200,30.125720977783203,0.0
NNI,2016-06-29 20:00:00-04:00,33.36000061035156,34.75,33.15999984741211,34.75,116600,31.541706085205078,0.0
NNI,2016-06-30 20:00:00-04:00,34.869998931884766,35.0,34.29999923706055,34.599998474121094,62700,31.405536651611328,0.0
NNI,2016-07-04 20:00:00-04:00,34.9900016784668,34.9900016784668,33.810001373291016,33.93000030517578,64300,30.79739761352539,0.0
NNI,2016-07-05 20:00:00-04:00,33.68000030517578,34.41999816894531,33.58000183105469,34.29999923706055,46000,31.133241653442383,0.0
NNI,2016-07-06 20:00:00-04:00,34.439998626708984,34.91999816894531,34.16999816894531,34.560001373291016,33900,31.369243621826172,0.0
NNI,2016-07-07 20:00:00-04:00,34.97999954223633,36.06999969482422,34.97999954223633,35.84000015258789,99200,32.53106689453125,0.0
NNI,2016-07-10 20:00:00-04:00,36.0,36.650001525878906,35.779998779296875,36.560001373291016,79100,33.1845817565918,0.0
NNI,2016-07-11 20:00:00-04:00,36.90999984741211,38.0099983215332,36.88999938964844,37.84000015258789,83000,34.346405029296875,0.0
NNI,2016-07-12 20:00:00-04:00,37.959999084472656,38.18000030517578,37.7400016784668,38.04999923706055,60300,34.53700637817383,0.0
NNI,2016-07-13 20:00:00-04:00,38.36000061035156,39.0099983215332,38.119998931884766,38.91999816894531,71700,35.326698303222656,0.0
NNI,2016-07-14 20:00:00-04:00,39.18000030517578,39.380001068115234,38.65999984741211,39.290000915527344,60200,35.66253662109375,0.0
NNI,2016-07-17 20:00:00-04:00,39.290000915527344,39.59000015258789,39.060001373291016,39.25,50300,35.6262321472168,0.0
NNI,2016-07-18 20:00:00-04:00,39.02000045776367,39.29999923706055,38.959999084472656,39.11000061035156,41400,35.499141693115234,0.0
NNI,2016-07-19 20:00:00-04:00,39.279998779296875,39.560001373291016,39.029998779296875,39.560001373291016,39600,35.90760803222656,0.0
NNI,2016-07-20 20:00:00-04:00,39.43000030517578,39.75,39.06999969482422,39.47999954223633,54700,35.83500289916992,0.0
NNI,2016-07-21 20:00:00-04:00,39.529998779296875,40.040000915527344,39.41999816894531,39.66999816894531,50700,36.007450103759766,0.0
NNI,2016-07-24 20:00:00-04:00,39.45000076293945,39.84000015258789,39.060001373291016,39.470001220703125,45400,35.8259162902832,0.0
NNI,2016-07-25 20:00:00-04:00,39.58000183105469,39.9900016784668,39.439998626708984,39.970001220703125,44200,36.27975845336914,0.0
NNI,2016-07-26 20:00:00-04:00,39.93000030517578,40.40999984741211,39.779998779296875,40.27000045776367,57400,36.55206298828125,0.0
NNI,2016-07-27 20:00:00-04:00,40.09000015258789,40.369998931884766,39.84000015258789,40.209999084472656,51800,36.49760055541992,0.0
NNI,2016-07-28 20:00:00-04:00,40.02000045776367,40.61000061035156,39.4900016784668,40.40999984741211,64000,36.679141998291016,0.0
NNI,2016-07-31 20:00:00-04:00,40.40999984741211,40.81999969482422,40.189998626708984,40.369998931884766,36600,36.642822265625,0.0
NNI,2016-08-01 20:00:00-04:00,40.31999969482422,40.400001525878906,39.849998474121094,40.040000915527344,70800,36.343284606933594,0.0
NNI,2016-08-02 20:00:00-04:00,40.09000015258789,40.22999954223633,39.599998474121094,39.7400016784668,68100,36.070987701416016,0.0
NNI,2016-08-03 20:00:00-04:00,39.880001068115234,39.970001220703125,39.380001068115234,39.599998474121094,52500,35.943912506103516,0.0
NNI,2016-08-04 20:00:00-04:00,38.70000076293945,38.70000076293945,35.04999923706055,35.310001373291016,176300,32.05000305175781,0.0
NNI,2016-08-07 20:00:00-04:00,34.93000030517578,35.45000076293945,34.54999923706055,35.130001068115234,84000,31.88661003112793,0.0
NNI,2016-08-08 20:00:00-04:00,35.099998474121094,35.779998779296875,34.91999816894531,35.11000061035156,80000,31.86846923828125,0.0
NNI,2016-08-09 20:00:00-04:00,35.040000915527344,35.61000061035156,34.22999954223633,34.33000183105469,52800,31.160472869873047,0.0
NNI,2016-08-10 20:00:00-04:00,34.40999984741211,34.810001373291016,34.16999816894531,34.209999084472656,57200,31.05155372619629,0.0
NNI,2016-08-11 20:00:00-04:00,34.189998626708984,34.41999816894531,33.90999984741211,34.15999984741211,40000,31.00617027282715,0.0
NNI,2016-08-14 20:00:00-04:00,34.209999084472656,34.970001220703125,34.0099983215332,34.65999984741211,60200,31.459997177124023,0.0
NNI,2016-08-15 20:00:00-04:00,34.540000915527344,35.060001373291016,34.22999954223633,34.22999954223633,51400,31.0696964263916,0.0
NNI,2016-08-16 20:00:00-04:00,34.33000183105469,34.84000015258789,34.0099983215332,34.83000183105469,43700,31.61430549621582,0.0
NNI,2016-08-17 20:00:00-04:00,34.7400016784668,35.119998931884766,34.45000076293945,34.900001525878906,38800,31.67784881591797,0.0
NNI,2016-08-18 20:00:00-04:00,34.7599983215332,35.099998474121094,34.72999954223633,34.810001373291016,39000,31.596162796020508,0.0
NNI,2016-08-21 20:00:00-04:00,34.54999923706055,35.06999969482422,34.41999816894531,35.06999969482422,116000,31.832143783569336,0.0
NNI,2016-08-22 20:00:00-04:00,35.18000030517578,35.599998474121094,35.040000915527344,35.189998626708984,31000,31.941072463989258,0.0
NNI,2016-08-23 20:00:00-04:00,35.18000030517578,35.439998626708984,34.689998626708984,34.84000015258789,22000,31.623382568359375,0.0
NNI,2016-08-24 20:00:00-04:00,34.68000030517578,35.20000076293945,34.630001068115234,35.119998931884766,37700,31.877534866333008,0.0
NNI,2016-08-25 20:00:00-04:00,35.16999816894531,35.970001220703125,34.38999938964844,34.7400016784668,41500,31.532615661621094,0.0
NNI,2016-08-28 20:00:00-04:00,34.83000183105469,35.189998626708984,34.83000183105469,34.869998931884766,17300,31.65060806274414,0.0
NNI,2016-08-29 20:00:00-04:00,34.68000030517578,35.599998474121094,34.380001068115234,35.4900016784668,47600,32.324615478515625,0.12
NNI,2016-08-30 20:00:00-04:00,35.810001373291016,35.849998474121094,35.06999969482422,35.400001525878906,71500,32.242637634277344,0.0
NNI,2016-08-31 20:00:00-04:00,35.43000030517578,36.150001525878906,34.90999984741211,35.95000076293945,74600,32.74357986450195,0.0
NNI,2016-09-01 20:00:00-04:00,36.02000045776367,36.29999923706055,35.81999969482422,35.959999084472656,30100,32.7526969909668,0.0
NNI,2016-09-05 20:00:00-04:00,36.189998626708984,36.540000915527344,35.7400016784668,36.529998779296875,55600,33.2718505859375,0.0
NNI,2016-09-06 20:00:00-04:00,36.54999923706055,37.959999084472656,36.2599983215332,37.93000030517578,61600,34.54698944091797,0.0
NNI,2016-09-07 20:00:00-04:00,37.959999084472656,38.63999938964844,37.56999969482422,38.61000061035156,68900,35.16633224487305,0.0
NNI,2016-09-08 20:00:00-04:00,38.25,38.45000076293945,37.5,37.63999938964844,100000,34.28286361694336,0.0
NNI,2016-09-11 20:00:00-04:00,37.31999969482422,38.310001373291016,36.459999084472656,38.220001220703125,59900,34.81111526489258,0.0
NNI,2016-09-12 20:00:00-04:00,37.84000015258789,37.84000015258789,37.06999969482422,37.15999984741211,58100,33.84566879272461,0.0
NNI,2016-09-13 20:00:00-04:00,37.11000061035156,37.47999954223633,36.66999816894531,37.0,51500,33.699928283691406,0.0
NNI,2016-09-14 20:00:00-04:00,37.0,38.34000015258789,36.91999816894531,38.06999969482422,66200,34.67449188232422,0.0
NNI,2016-09-15 20:00:00-04:00,37.91999816894531,37.97999954223633,37.34000015258789,37.540000915527344,164500,34.191768646240234,0.0
NNI,2016-09-18 20:00:00-04:00,37.56999969482422,38.31999969482422,37.56999969482422,37.939998626708984,129900,34.55608367919922,0.0
NNI,2016-09-19 20:00:00-04:00,38.150001525878906,38.66999816894531,37.97999954223633,38.40999984741211,71600,34.98418045043945,0.0
NNI,2016-09-20 20:00:00-04:00,38.5,38.63999938964844,38.18000030517578,38.4900016784668,71000,35.05704879760742,0.0
NNI,2016-09-21 20:00:00-04:00,38.81999969482422,39.619998931884766,38.7599983215332,39.36000061035156,107200,35.84943771362305,0.0
NNI,2016-09-22 20:00:00-04:00,39.099998474121094,39.630001068115234,39.099998474121094,39.29999923706055,55800,35.79479217529297,0.0
NNI,2016-09-25 20:00:00-04:00,39.06999969482422,39.119998931884766,38.63999938964844,38.650001525878906,56700,35.20276641845703,0.0
NNI,2016-09-26 20:00:00-04:00,38.61000061035156,39.59000015258789,38.529998779296875,39.52000045776367,43000,35.99516677856445,0.0
NNI,2016-09-27 20:00:00-04:00,39.52000045776367,40.099998474121094,39.45000076293945,40.099998474121094,46100,36.52344512939453,0.0
NNI,2016-09-28 20:00:00-04:00,39.91999816894531,40.59000015258789,39.61000061035156,39.75,40200,36.20466232299805,0.0
NNI,2016-09-29 20:00:00-04:00,39.9900016784668,40.72999954223633,39.849998474121094,40.369998931884766,78200,36.76935958862305,0.0
NNI,2016-10-02 20:00:00-04:00,40.310001373291016,40.369998931884766,39.220001220703125,40.34000015258789,76900,36.74203872680664,0.0
NNI,2016-10-03 20:00:00-04:00,40.31999969482422,40.970001220703125,40.31999969482422,40.439998626708984,46900,36.8331184387207,0.0
NNI,2016-10-04 20:00:00-04:00,40.5,40.869998931884766,39.880001068115234,40.400001525878906,66600,36.79669189453125,0.0
NNI,2016-10-05 20:00:00-04:00,40.2400016784668,40.310001373291016,39.70000076293945,40.209999084472656,44100,36.623634338378906,0.0
NNI,2016-10-06 20:00:00-04:00,40.130001068115234,40.36000061035156,39.959999084472656,40.220001220703125,61400,36.63273239135742,0.0
NNI,2016-10-09 20:00:00-04:00,40.40999984741211,40.720001220703125,39.9900016784668,40.349998474121094,35100,36.751136779785156,0.0
NNI,2016-10-10 20:00:00-04:00,40.33000183105469,40.83000183105469,39.630001068115234,40.029998779296875,36800,36.45969009399414,0.0
NNI,2016-10-11 20:00:00-04:00,39.970001220703125,40.68000030517578,39.59000015258789,39.66999816894531,48500,36.13179397583008,0.0
NNI,2016-10-12 20:00:00-04:00,39.220001220703125,39.470001220703125,38.869998931884766,39.29999923706055,50400,35.79479217529297,0.0
NNI,2016-10-13 20:00:00-04:00,39.560001373291016,39.9900016784668,38.599998474121094,38.63999938964844,82500,35.19365310668945,0.0
NNI,2016-10-16 20:00:00-04:00,38.70000076293945,39.099998474121094,38.36000061035156,38.66999816894531,55900,35.22098922729492,0.0
NNI,2016-10-17 20:00:00-04:00,39.18000030517578,39.18000030517578,38.70000076293945,38.779998779296875,46400,35.32117462158203,0.0
NNI,2016-10-18 20:00:00-04:00,38.95000076293945,39.34000015258789,38.5,39.0099983215332,60800,35.53065872192383,0.0
NNI,2016-10-19 20:00:00-04:00,39.02000045776367,39.869998931884766,39.02000045776367,39.31999969482422,41500,35.81301498413086,0.0
NNI,2016-10-20 20:00:00-04:00,38.90999984741211,39.650001525878906,38.90999984741211,39.529998779296875,34300,36.0042839050293,0.0
NNI,2016-10-23 20:00:00-04:00,39.779998779296875,40.0,39.38999938964844,39.61000061035156,34300,36.0771484375,0.0
NNI,2016-10-24 20:00:00-04:00,39.61000061035156,39.84000015258789,39.22999954223633,39.59000015258789,37800,36.05892562866211,0.0
NNI,2016-10-25 20:00:00-04:00,39.45000076293945,39.66999816894531,39.0099983215332,39.279998779296875,36500,35.776573181152344,0.0
NNI,2016-10-26 20:00:00-04:00,39.4900016784668,39.61000061035156,39.209999084472656,39.560001373291016,43300,36.03160858154297,0.0
NNI,2016-10-27 20:00:00-04:00,39.470001220703125,39.779998779296875,39.06999969482422,39.470001220703125,40000,35.94962692260742,0.0
NNI,2016-10-30 20:00:00-04:00,39.54999923706055,39.88999938964844,39.15999984741211,39.18000030517578,71000,35.68549728393555,0.0
NNI,2016-10-31 20:00:00-04:00,39.38999938964844,39.470001220703125,38.40999984741211,38.54999923706055,68000,35.1116828918457,0.0
NNI,2016-11-01 20:00:00-04:00,38.540000915527344,38.540000915527344,37.86000061035156,38.22999954223633,47000,34.82024002075195,0.0
NNI,2016-11-02 20:00:00-04:00,38.27000045776367,39.27000045776367,38.27000045776367,38.70000076293945,58100,35.248313903808594,0.0
NNI,2016-11-03 20:00:00-04:00,38.810001373291016,39.470001220703125,37.939998626708984,38.66999816894531,60000,35.22098922729492,0.0
NNI,2016-11-06 19:00:00-05:00,39.0,40.0,38.91999816894531,39.86000061035156,60900,36.30485534667969,0.0
NNI,2016-11-07 19:00:00-05:00,39.7400016784668,39.900001525878906,39.099998474121094,39.63999938964844,38800,36.10446548461914,0.0
NNI,2016-11-08 19:00:00-05:00,39.810001373291016,43.0,39.040000915527344,42.810001373291016,290300,38.99174118041992,0.0
NNI,2016-11-09 19:00:00-05:00,43.0,46.91999816894531,42.11000061035156,46.220001220703125,338300,42.09759521484375,0.0
NNI,2016-11-10 19:00:00-05:00,46.36000061035156,47.43000030517578,44.939998626708984,47.310001373291016,277800,43.09037780761719,0.0
NNI,2016-11-13 19:00:00-05:00,45.47999954223633,49.65999984741211,45.459999084472656,49.040000915527344,161200,44.666072845458984,0.0
NNI,2016-11-14 19:00:00-05:00,48.869998931884766,50.119998931884766,48.02000045776367,49.959999084472656,96100,45.50402069091797,0.0
NNI,2016-11-15 19:00:00-05:00,49.790000915527344,51.380001068115234,49.040000915527344,50.65999984741211,134900,46.14158248901367,0.0
NNI,2016-11-16 19:00:00-05:00,51.130001068115234,51.130001068115234,49.709999084472656,50.209999084472656,137200,45.73173522949219,0.0
NNI,2016-11-17 19:00:00-05:00,50.0,51.34000015258789,49.97999954223633,50.970001220703125,102500,46.4239387512207,0.0
NNI,2016-11-20 19:00:00-05:00,50.70000076293945,51.900001525878906,50.599998474121094,51.86000061035156,67600,47.23455047607422,0.0
NNI,2016-11-21 19:00:00-05:00,52.150001525878906,52.630001068115234,51.439998626708984,52.56999969482422,55000,47.8812370300293,0.0
NNI,2016-11-22 19:00:00-05:00,52.43000030517578,52.91999816894531,52.27000045776367,52.560001373291016,82400,47.872108459472656,0.0
NNI,2016-11-24 19:00:00-05:00,52.459999084472656,53.25,52.41999816894531,52.91999816894531,31700,48.20000457763672,0.0
NNI,2016-11-27 19:00:00-05:00,52.790000915527344,52.95000076293945,51.779998779296875,51.86000061035156,65900,47.23455047607422,0.0
NNI,2016-11-28 19:00:00-05:00,52.029998779296875,52.16999816894531,50.81999969482422,50.86000061035156,89700,46.44914245605469,0.14
NNI,2016-11-29 19:00:00-05:00,51.58000183105469,52.15999984741211,50.349998474121094,50.45000076293945,107700,46.07469940185547,0.0
NNI,2016-11-30 19:00:00-05:00,50.959999084472656,51.52000045776367,50.40999984741211,51.08000183105469,88600,46.65006637573242,0.0
NNI,2016-12-01 19:00:00-05:00,50.790000915527344,51.16999816894531,50.2400016784668,50.290000915527344,75100,45.928565979003906,0.0
NNI,2016-12-04 19:00:00-05:00,50.7400016784668,51.38999938964844,50.599998474121094,51.36000061035156,104200,46.905765533447266,0.0
NNI,2016-12-05 19:00:00-05:00,51.349998474121094,51.849998474121094,50.599998474121094,51.79999923706055,101700,47.307613372802734,0.0
NNI,2016-12-06 19:00:00-05:00,51.720001220703125,53.38999938964844,51.54999923706055,53.2599983215332,60400,48.640987396240234,0.0
NNI,2016-12-07 19:00:00-05:00,53.63999938964844,55.0099983215332,52.790000915527344,55.0,87900,50.23009490966797,0.0
NNI,2016-12-08 19:00:00-05:00,54.5,54.61000061035156,53.70000076293945,53.970001220703125,81800,49.28942108154297,0.0
NNI,2016-12-11 19:00:00-05:00,53.40999984741211,53.880001068115234,52.08000183105469,52.22999954223633,56800,47.7003173828125,0.0
NNI,2016-12-12 19:00:00-05:00,52.630001068115234,52.709999084472656,50.77000045776367,50.97999954223633,113500,46.558738708496094,0.0
NNI,2016-12-13 19:00:00-05:00,50.29999923706055,50.97999954223633,50.0,50.220001220703125,95700,45.86464309692383,0.0
NNI,2016-12-14 19:00:00-05:00,50.4900016784668,51.72999954223633,50.369998931884766,50.63999938964844,98100,46.24821472167969,0.0
NNI,2016-12-15 19:00:00-05:00,50.290000915527344,51.16999816894531,50.18000030517578,50.369998931884766,260100,46.00164031982422,0.0
NNI,2016-12-18 19:00:00-05:00,50.22999954223633,51.65999984741211,49.689998626708984,51.4900016784668,104400,47.024497985839844,0.0
NNI,2016-12-19 19:00:00-05:00,51.959999084472656,52.97999954223633,51.779998779296875,52.880001068115234,84800,48.29395294189453,0.0
NNI,2016-12-20 19:00:00-05:00,53.0,53.0,51.869998931884766,51.97999954223633,97200,47.47200393676758,0.0
NNI,2016-12-21 19:00:00-05:00,51.97999954223633,52.25,51.20000076293945,51.560001373291016,36800,47.08842849731445,0.0
NNI,2016-12-22 19:00:00-05:00,51.4900016784668,51.66999816894531,51.31999969482422,51.5,40400,47.03364181518555,0.0
NNI,2016-12-26 19:00:00-05:00,51.5,51.79999923706055,51.18000030517578,51.4900016784668,72600,47.024497985839844,0.0
NNI,2016-12-27 19:00:00-05:00,51.70000076293945,51.72999954223633,50.5099983215332,50.810001373291016,40000,46.40346908569336,0.0
NNI,2016-12-28 19:00:00-05:00,50.880001068115234,51.099998474121094,50.04999923706055,50.91999816894531,64600,46.503936767578125,0.0
NNI,2016-12-29 19:00:00-05:00,50.91999816894531,51.119998931884766,50.18000030517578,50.75,56600,46.348690032958984,0.0
NNI,2017-01-02 19:00:00-05:00,51.06999969482422,52.029998779296875,50.41999816894531,51.529998779296875,154700,47.061031341552734,0.0
NNI,2017-01-03 19:00:00-05:00,51.95000076293945,52.2400016784668,51.63999938964844,51.709999084472656,133800,47.22541046142578,0.0
NNI,2017-01-04 19:00:00-05:00,51.2599983215332,51.66999816894531,49.95000076293945,50.380001068115234,83900,46.01076889038086,0.0
NNI,2017-01-05 19:00:00-05:00,50.7400016784668,50.91999816894531,50.060001373291016,50.150001525878906,75900,45.80070877075195,0.0
NNI,2017-01-08 19:00:00-05:00,50.060001373291016,50.220001220703125,49.310001373291016,49.68000030517578,107200,45.37148666381836,0.0
NNI,2017-01-09 19:00:00-05:00,50.099998474121094,51.290000915527344,49.83000183105469,51.0099983215332,138400,46.58613586425781,0.0
NNI,2017-01-10 19:00:00-05:00,51.11000061035156,51.58000183105469,49.70000076293945,51.27000045776367,71600,46.823570251464844,0.0
NNI,2017-01-11 19:00:00-05:00,50.75,51.86000061035156,49.630001068115234,50.31999969482422,60100,45.955970764160156,0.0
NNI,2017-01-12 19:00:00-05:00,50.470001220703125,51.349998474121094,50.470001220703125,51.150001525878906,84700,46.7139892578125,0.0
NNI,2017-01-16 19:00:00-05:00,50.83000183105469,50.83000183105469,49.43000030517578,49.77000045776367,84000,45.453670501708984,0.0
NNI,2017-01-17 19:00:00-05:00,50.029998779296875,50.45000076293945,49.540000915527344,49.939998626708984,51000,45.60892868041992,0.0
NNI,2017-01-18 19:00:00-05:00,50.08000183105469,50.08000183105469,49.27000045776367,49.720001220703125,41600,45.40800476074219,0.0
NNI,2017-01-19 19:00:00-05:00,49.65999984741211,50.70000076293945,49.65999984741211,50.06999969482422,71900,45.72765350341797,0.0
NNI,2017-01-22 19:00:00-05:00,50.0,50.130001068115234,49.369998931884766,50.029998779296875,50800,45.69111633300781,0.0
NNI,2017-01-23 19:00:00-05:00,50.470001220703125,50.90999984741211,49.38999938964844,50.70000076293945,58900,46.30302047729492,0.0
NNI,2017-01-24 19:00:00-05:00,51.0,51.38999938964844,50.38999938964844,50.54999923706055,53700,46.166015625,0.0
NNI,2017-01-25 19:00:00-05:00,50.61000061035156,50.70000076293945,49.630001068115234,49.939998626708984,49500,45.60892868041992,0.0
NNI,2017-01-26 19:00:00-05:00,50.16999816894531,50.16999816894531,49.40999984741211,49.540000915527344,49200,45.24361801147461,0.0
NNI,2017-01-29 19:00:00-05:00,49.040000915527344,49.45000076293945,48.70000076293945,49.04999923706055,66300,44.796112060546875,0.0
NNI,2017-01-30 19:00:00-05:00,48.880001068115234,49.43000030517578,48.34000015258789,49.029998779296875,115500,44.77783966064453,0.0
NNI,2017-01-31 19:00:00-05:00,49.470001220703125,50.31999969482422,49.0,49.099998474121094,57900,44.841766357421875,0.0
NNI,2017-02-01 19:00:00-05:00,48.959999084472656,49.779998779296875,48.68000030517578,49.25,43100,44.978763580322266,0.0
NNI,2017-02-02 19:00:00-05:00,49.95000076293945,50.650001525878906,49.880001068115234,50.63999938964844,48900,46.24821472167969,0.0
NNI,2017-02-05 19:00:00-05:00,50.61000061035156,50.869998931884766,50.0,50.599998474121094,58900,46.21169662475586,0.0
NNI,2017-02-06 19:00:00-05:00,50.709999084472656,50.900001525878906,49.189998626708984,49.349998474121094,53800,45.07008743286133,0.0
NNI,2017-02-07 19:00:00-05:00,48.939998626708984,49.43000030517578,48.22999954223633,49.34000015258789,68500,45.060951232910156,0.0
NNI,2017-02-08 19:00:00-05:00,49.349998474121094,50.720001220703125,49.06999969482422,50.63999938964844,69300,46.24821472167969,0.0
NNI,2017-02-09 19:00:00-05:00,50.13999938964844,50.97999954223633,49.900001525878906,50.720001220703125,59900,46.321285247802734,0.0
NNI,2017-02-12 19:00:00-05:00,51.0,51.599998474121094,50.56999969482422,50.93000030517578,60500,46.51306915283203,0.0
NNI,2017-02-13 19:00:00-05:00,50.630001068115234,51.439998626708984,50.369998931884766,51.43000030517578,52000,46.96971130371094,0.0
NNI,2017-02-14 19:00:00-05:00,51.220001220703125,51.380001068115234,50.209999084472656,50.97999954223633,38800,46.558738708496094,0.0
NNI,2017-02-15 19:00:00-05:00,50.70000076293945,51.349998474121094,50.380001068115234,51.25,61500,46.805320739746094,0.0
NNI,2017-02-16 19:00:00-05:00,51.0099983215332,51.0099983215332,50.349998474121094,50.90999984741211,74400,46.49479675292969,0.0
NNI,2017-02-20 19:00:00-05:00,50.650001525878906,51.29999923706055,50.150001525878906,50.68000030517578,56500,46.28474807739258,0.0
NNI,2017-02-21 19:00:00-05:00,50.22999954223633,50.63999938964844,49.779998779296875,50.369998931884766,46000,46.00164031982422,0.0
NNI,2017-02-22 19:00:00-05:00,50.31999969482422,50.349998474121094,49.7400016784668,50.09000015258789,33200,45.74592208862305,0.0
NNI,2017-02-23 19:00:00-05:00,49.38999938964844,50.529998779296875,49.38999938964844,50.4900016784668,47100,46.11122131347656,0.0
NNI,2017-02-26 19:00:00-05:00,50.040000915527344,51.02000045776367,49.72999954223633,50.91999816894531,83600,46.633235931396484,0.14
NNI,2017-02-27 19:00:00-05:00,49.849998474121094,49.849998474121094,42.880001068115234,44.790000915527344,362200,41.01930618286133,0.0
NNI,2017-02-28 19:00:00-05:00,45.150001525878906,46.47999954223633,44.709999084472656,46.2599983215332,142800,42.36555480957031,0.0
NNI,2017-03-01 19:00:00-05:00,46.47999954223633,47.15999984741211,45.79999923706055,46.33000183105469,105000,42.429656982421875,0.0
NNI,2017-03-02 19:00:00-05:00,46.40999984741211,46.40999984741211,45.81999969482422,46.0,96700,42.12744903564453,0.0
NNI,2017-03-05 19:00:00-05:00,45.09000015258789,46.0,44.86000061035156,44.970001220703125,87100,41.18414306640625,0.0
NNI,2017-03-06 19:00:00-05:00,44.88999938964844,45.0,44.06999969482422,44.25,65800,40.52476119995117,0.0
NNI,2017-03-07 19:00:00-05:00,44.529998779296875,45.439998626708984,43.40999984741211,43.41999816894531,131400,39.7646369934082,0.0
NNI,2017-03-08 19:00:00-05:00,43.599998474121094,43.939998626708984,42.849998474121094,42.970001220703125,67400,39.35252380371094,0.0
NNI,2017-03-09 19:00:00-05:00,43.31999969482422,43.65999984741211,42.689998626708984,43.08000183105469,64000,39.453269958496094,0.0
NNI,2017-03-12 20:00:00-04:00,43.15999984741211,43.459999084472656,42.939998626708984,43.13999938964844,66400,39.50820541381836,0.0
NNI,2017-03-13 20:00:00-04:00,42.9900016784668,43.599998474121094,42.63999938964844,43.38999938964844,47300,39.73716735839844,0.0
NNI,2017-03-14 20:00:00-04:00,43.25,43.4900016784668,43.06999969482422,43.29999923706055,112900,39.65473556518555,0.0
NNI,2017-03-15 20:00:00-04:00,43.54999923706055,44.619998931884766,43.16999816894531,44.41999816894531,92900,40.68044662475586,0.0
NNI,2017-03-16 20:00:00-04:00,44.470001220703125,45.41999816894531,43.22999954223633,44.08000183105469,328200,40.36906814575195,0.0
NNI,2017-03-19 20:00:00-04:00,44.06999969482422,44.29999923706055,43.66999816894531,43.93000030517578,85000,40.23170471191406,0.0
NNI,2017-03-20 20:00:00-04:00,44.349998474121094,44.349998474121094,41.939998626708984,41.959999084472656,74000,38.42754364013672,0.0
NNI,2017-03-21 20:00:00-04:00,41.439998626708984,42.43000030517578,41.29999923706055,41.91999816894531,87100,38.39091491699219,0.0
NNI,2017-03-22 20:00:00-04:00,41.86000061035156,42.58000183105469,41.52000045776367,42.20000076293945,50400,38.64734649658203,0.0
NNI,2017-03-23 20:00:00-04:00,42.31999969482422,42.849998474121094,41.66999816894531,41.95000076293945,48600,38.41838836669922,0.0
NNI,2017-03-26 20:00:00-04:00,41.2599983215332,42.09000015258789,41.189998626708984,41.88999938964844,45000,38.36343765258789,0.0
NNI,2017-03-27 20:00:00-04:00,41.720001220703125,42.7400016784668,41.720001220703125,42.4900016784668,45900,38.912933349609375,0.0
NNI,2017-03-28 20:00:00-04:00,42.38999938964844,43.27000045776367,42.06999969482422,42.90999984741211,75900,39.297569274902344,0.0
NNI,2017-03-29 20:00:00-04:00,42.97999954223633,43.93000030517578,42.90999984741211,43.81999969482422,80500,40.13095474243164,0.0
NNI,2017-03-30 20:00:00-04:00,43.81999969482422,44.25,43.150001525878906,43.86000061035156,105000,40.16758728027344,0.0
NNI,2017-04-02 20:00:00-04:00,43.900001525878906,43.97999954223633,43.130001068115234,43.5099983215332,71600,39.8470573425293,0.0
NNI,2017-04-03 20:00:00-04:00,43.439998626708984,43.97999954223633,43.2599983215332,43.77000045776367,78300,40.085166931152344,0.0
NNI,2017-04-04 20:00:00-04:00,44.290000915527344,44.43000030517578,42.650001525878906,42.779998779296875,80500,39.17851638793945,0.0
NNI,2017-04-05 20:00:00-04:00,42.83000183105469,44.060001373291016,42.119998931884766,43.970001220703125,65800,40.26833724975586,0.0
NNI,2017-04-06 20:00:00-04:00,43.52000045776367,44.349998474121094,43.33000183105469,44.2599983215332,82100,40.533912658691406,0.0
NNI,2017-04-09 20:00:00-04:00,44.27000045776367,44.599998474121094,43.43000030517578,44.2599983215332,71500,40.533912658691406,0.0
NNI,2017-04-10 20:00:00-04:00,44.040000915527344,44.59000015258789,43.59000015258789,44.459999084472656,31600,40.71709442138672,0.0
NNI,2017-04-11 20:00:00-04:00,44.33000183105469,44.65999984741211,43.06999969482422,43.459999084472656,55200,39.801273345947266,0.0
NNI,2017-04-12 20:00:00-04:00,43.38999938964844,43.560001373291016,42.630001068115234,43.119998931884766,68600,39.48990249633789,0.0
NNI,2017-04-16 20:00:00-04:00,43.2400016784668,43.810001373291016,42.790000915527344,43.779998779296875,48300,40.094337463378906,0.0
NNI,2017-04-17 20:00:00-04:00,43.34000015258789,43.689998626708984,42.84000015258789,43.54999923706055,51400,39.88370132446289,0.0
NNI,2017-04-18 20:00:00-04:00,43.88999938964844,44.279998779296875,43.560001373291016,44.119998931884766,56400,40.40569305419922,0.0
NNI,2017-04-19 20:00:00-04:00,44.5099983215332,46.04999923706055,44.38999938964844,45.90999984741211,110000,42.04500961303711,0.0
NNI,2017-04-20 20:00:00-04:00,45.54999923706055,46.16999816894531,45.540000915527344,45.869998931884766,87800,42.00837326049805,0.0
NNI,2017-04-23 20:00:00-04:00,46.93000030517578,47.33000183105469,46.119998931884766,46.349998474121094,70200,42.44796371459961,0.0
NNI,2017-04-24 20:00:00-04:00,46.88999938964844,47.189998626708984,46.06999969482422,46.68000030517578,48500,42.75019073486328,0.0
NNI,2017-04-25 20:00:00-04:00,46.560001373291016,47.459999084472656,46.4900016784668,46.77000045776367,58400,42.83262252807617,0.0
NNI,2017-04-26 20:00:00-04:00,46.88999938964844,46.97999954223633,45.93000030517578,46.150001525878906,36900,42.26482009887695,0.0
NNI,2017-04-27 20:00:00-04:00,46.09000015258789,46.09000015258789,44.97999954223633,45.0099983215332,55700,41.22077941894531,0.0
NNI,2017-04-30 20:00:00-04:00,45.25,46.540000915527344,45.06999969482422,45.75,47200,41.89849090576172,0.0
NNI,2017-05-01 20:00:00-04:00,45.790000915527344,46.099998474121094,45.22999954223633,46.02000045776367,38600,42.145755767822266,0.0
NNI,2017-05-02 20:00:00-04:00,45.66999816894531,45.66999816894531,44.91999816894531,45.2599983215332,36800,41.44972610473633,0.0
NNI,2017-05-03 20:00:00-04:00,45.4900016784668,45.630001068115234,44.95000076293945,45.470001220703125,28500,41.64205551147461,0.0
NNI,2017-05-04 20:00:00-04:00,45.63999938964844,45.63999938964844,44.439998626708984,44.849998474121094,41600,41.074241638183594,0.0
NNI,2017-05-07 20:00:00-04:00,44.86000061035156,45.7599983215332,44.86000061035156,45.65999984741211,67700,41.81605529785156,0.0
NNI,2017-05-08 20:00:00-04:00,45.27000045776367,45.7599983215332,42.040000915527344,42.59000015258789,194300,39.004512786865234,0.0
NNI,2017-05-09 20:00:00-04:00,42.47999954223633,42.63999938964844,41.43000030517578,42.529998779296875,78400,38.94956588745117,0.0
NNI,2017-05-10 20:00:00-04:00,42.33000183105469,42.33000183105469,41.369998931884766,41.459999084472656,59800,37.96963882446289,0.0
NNI,2017-05-11 20:00:00-04:00,41.18000030517578,41.18000030517578,40.400001525878906,40.7599983215332,64600,37.32856750488281,0.0
NNI,2017-05-14 20:00:00-04:00,40.790000915527344,41.08000183105469,40.4900016784668,40.59000015258789,108700,37.172882080078125,0.0
NNI,2017-05-15 20:00:00-04:00,40.540000915527344,41.09000015258789,39.75,40.849998474121094,103400,37.41099548339844,0.0
NNI,2017-05-16 20:00:00-04:00,39.70000076293945,40.369998931884766,39.2599983215332,40.029998779296875,95700,36.66002655029297,0.0
NNI,2017-05-17 20:00:00-04:00,40.02000045776367,40.4900016784668,39.2599983215332,40.16999816894531,74800,36.788246154785156,0.0
NNI,2017-05-18 20:00:00-04:00,40.15999984741211,40.70000076293945,39.77000045776367,39.970001220703125,69200,36.60507583618164,0.0
NNI,2017-05-21 20:00:00-04:00,40.18000030517578,40.470001220703125,39.619998931884766,40.36000061035156,67700,36.96223449707031,0.0
NNI,2017-05-22 20:00:00-04:00,40.560001373291016,40.560001373291016,39.72999954223633,40.04999923706055,42700,36.678348541259766,0.0
NNI,2017-05-23 20:00:00-04:00,40.2400016784668,40.2400016784668,39.22999954223633,39.58000183105469,87100,36.2479133605957,0.0
NNI,2017-05-24 20:00:00-04:00,39.560001373291016,39.86000061035156,39.0099983215332,39.20000076293945,49800,35.89990997314453,0.0
NNI,2017-05-25 20:00:00-04:00,39.20000076293945,39.630001068115234,38.720001220703125,39.619998931884766,59900,36.28453826904297,0.0
NNI,2017-05-29 20:00:00-04:00,39.2599983215332,39.77000045776367,38.75,39.52000045776367,77000,36.32130813598633,0.14
NNI,2017-05-30 20:00:00-04:00,39.52000045776367,39.52000045776367,38.7400016784668,39.310001373291016,135600,36.12830352783203,0.0
NNI,2017-05-31 20:00:00-04:00,39.45000076293945,40.7400016784668,38.9900016784668,40.709999084472656,91700,37.41498947143555,0.0
NNI,2017-06-01 20:00:00-04:00,40.560001373291016,42.04999923706055,40.47999954223633,41.150001525878906,109600,37.81937789916992,0.0
NNI,2017-06-04 20:00:00-04:00,40.72999954223633,41.290000915527344,39.81999969482422,40.65999984741211,77900,37.3690299987793,0.0
NNI,2017-06-05 20:00:00-04:00,40.290000915527344,41.43000030517578,39.97999954223633,41.150001525878906,60700,37.81937789916992,0.0
NNI,2017-06-06 20:00:00-04:00,41.310001373291016,41.93000030517578,40.630001068115234,41.77000045776367,65200,38.38919448852539,0.0
NNI,2017-06-07 20:00:00-04:00,41.84000015258789,43.380001068115234,41.27000045776367,42.880001068115234,141800,39.40935134887695,0.0
NNI,2017-06-08 20:00:00-04:00,43.0,44.290000915527344,42.66999816894531,44.209999084472656,141000,40.63170623779297,0.0
NNI,2017-06-11 20:00:00-04:00,44.220001220703125,44.86000061035156,43.79999923706055,44.5,98900,40.898216247558594,0.0
NNI,2017-06-12 20:00:00-04:00,44.70000076293945,44.83000183105469,43.91999816894531,44.61000061035156,60200,40.999324798583984,0.0
NNI,2017-06-13 20:00:00-04:00,44.61000061035156,45.29999923706055,43.970001220703125,45.099998474121094,116700,41.44965744018555,0.0
NNI,2017-06-14 20:00:00-04:00,44.58000183105469,45.599998474121094,44.4900016784668,45.20000076293945,75100,41.54157257080078,0.0
NNI,2017-06-15 20:00:00-04:00,44.61000061035156,45.439998626708984,44.540000915527344,45.150001525878906,178600,41.49561309814453,0.0
NNI,2017-06-18 20:00:00-04:00,45.310001373291016,45.75,44.47999954223633,45.720001220703125,89200,42.019474029541016,0.0
NNI,2017-06-19 20:00:00-04:00,45.380001068115234,46.33000183105469,45.29999923706055,45.95000076293945,89300,42.230873107910156,0.0
NNI,2017-06-20 20:00:00-04:00,45.790000915527344,46.2400016784668,45.369998931884766,45.54999923706055,90300,41.86324691772461,0.0
NNI,2017-06-21 20:00:00-04:00,45.650001525878906,46.45000076293945,45.650001525878906,45.86000061035156,82300,42.148155212402344,0.0
NNI,2017-06-22 20:00:00-04:00,46.09000015258789,46.56999969482422,45.7400016784668,46.349998474121094,147800,42.598487854003906,0.0
NNI,2017-06-25 20:00:00-04:00,46.59000015258789,47.38999938964844,46.380001068115234,46.43000030517578,100500,42.67201614379883,0.0
NNI,2017-06-26 20:00:00-04:00,46.599998474121094,47.0,46.119998931884766,46.34000015258789,125300,42.58930587768555,0.0
NNI,2017-06-27 20:00:00-04:00,46.709999084472656,47.029998779296875,46.400001525878906,46.52000045776367,114600,42.754730224609375,0.0
NNI,2017-06-28 20:00:00-04:00,47.029998779296875,47.029998779296875,45.45000076293945,45.83000183105469,119100,42.12058639526367,0.0
NNI,2017-06-29 20:00:00-04:00,45.9900016784668,47.599998474121094,45.95000076293945,47.0099983215332,106700,43.20507049560547,0.0
NNI,2017-07-02 20:00:00-04:00,47.2599983215332,48.06999969482422,46.40999984741211,47.65999984741211,60700,43.802467346191406,0.0
NNI,2017-07-04 20:00:00-04:00,47.650001525878906,47.650001525878906,46.56999969482422,46.869998931884766,83900,43.0764045715332,0.0
NNI,2017-07-05 20:00:00-04:00,46.630001068115234,47.290000915527344,46.130001068115234,46.29999923706055,80900,42.55253601074219,0.0
NNI,2017-07-06 20:00:00-04:00,46.529998779296875,47.16999816894531,45.84000015258789,47.0,69500,43.19588088989258,0.0
NNI,2017-07-09 20:00:00-04:00,46.95000076293945,47.88999938964844,46.810001373291016,47.66999816894531,90100,43.81166076660156,0.0
NNI,2017-07-10 20:00:00-04:00,47.84000015258789,48.279998779296875,47.41999816894531,48.130001068115234,76300,44.23442459106445,0.0
NNI,2017-07-11 20:00:00-04:00,48.36000061035156,49.13999938964844,48.08000183105469,48.689998626708984,56200,44.74909591674805,0.0
NNI,2017-07-12 20:00:00-04:00,48.790000915527344,48.790000915527344,48.369998931884766,48.5099983215332,72800,44.58366394042969,0.0
NNI,2017-07-13 20:00:00-04:00,48.310001373291016,48.97999954223633,48.130001068115234,48.83000183105469,79500,44.877769470214844,0.0
NNI,2017-07-16 20:00:00-04:00,48.58000183105469,49.65999984741211,47.400001525878906,49.290000915527344,152200,45.30052947998047,0.0
NNI,2017-07-17 20:00:00-04:00,49.220001220703125,49.25,48.470001220703125,48.529998779296875,61800,44.60205078125,0.0
NNI,2017-07-18 20:00:00-04:00,48.66999816894531,49.22999954223633,48.52000045776367,48.66999816894531,56000,44.730716705322266,0.0
NNI,2017-07-19 20:00:00-04:00,48.7400016784668,48.810001373291016,48.040000915527344,48.099998474121094,50700,44.20684814453125,0.0
NNI,2017-07-20 20:00:00-04:00,48.63999938964844,48.77000045776367,47.97999954223633,48.439998626708984,74600,44.519325256347656,0.0
NNI,2017-07-23 20:00:00-04:00,48.290000915527344,49.209999084472656,48.02000045776367,48.27000045776367,55700,44.363094329833984,0.0
NNI,2017-07-24 20:00:00-04:00,48.56999969482422,49.15999984741211,47.869998931884766,48.91999816894531,110600,44.96048355102539,0.0
NNI,2017-07-25 20:00:00-04:00,49.13999938964844,49.13999938964844,48.439998626708984,48.61000061035156,62200,44.675575256347656,0.0
NNI,2017-07-26 20:00:00-04:00,48.65999984741211,49.33000183105469,48.400001525878906,48.59000015258789,62400,44.65718460083008,0.0
NNI,2017-07-27 20:00:00-04:00,48.41999816894531,48.72999954223633,48.0,48.619998931884766,44100,44.68476486206055,0.0
NNI,2017-07-30 20:00:00-04:00,48.65999984741211,49.400001525878906,48.130001068115234,49.09000015258789,65400,45.11672592163086,0.0
NNI,2017-07-31 20:00:00-04:00,49.27000045776367,49.529998779296875,48.91999816894531,49.470001220703125,47700,45.465965270996094,0.0
NNI,2017-08-01 20:00:00-04:00,49.209999084472656,49.209999084472656,47.86000061035156,47.91999816894531,78500,44.04142379760742,0.0
NNI,2017-08-02 20:00:00-04:00,47.93000030517578,48.61000061035156,47.63999938964844,47.7400016784668,60100,43.87599563598633,0.0
NNI,2017-08-03 20:00:00-04:00,48.04999923706055,48.83000183105469,47.869998931884766,48.47999954223633,51500,44.55609130859375,0.0
NNI,2017-08-06 20:00:00-04:00,48.5099983215332,49.68000030517578,48.279998779296875,48.880001068115234,75200,44.92371368408203,0.0
NNI,2017-08-07 20:00:00-04:00,48.619998931884766,49.72999954223633,47.369998931884766,48.20000076293945,97900,44.29875946044922,0.0
NNI,2017-08-08 20:00:00-04:00,46.27000045776367,47.0,43.91999816894531,46.369998931884766,165600,42.61687088012695,0.0
NNI,2017-08-09 20:00:00-04:00,45.869998931884766,46.31999969482422,45.150001525878906,45.95000076293945,108900,42.230873107910156,0.0
NNI,2017-08-10 20:00:00-04:00,45.959999084472656,46.11000061035156,45.59000015258789,45.900001525878906,73000,42.184913635253906,0.0
NNI,2017-08-13 20:00:00-04:00,46.63999938964844,47.0,45.7599983215332,46.5099983215332,135300,42.745540618896484,0.0
NNI,2017-08-14 20:00:00-04:00,46.529998779296875,46.97999954223633,45.880001068115234,46.41999816894531,91600,42.66282272338867,0.0
NNI,2017-08-15 20:00:00-04:00,46.900001525878906,46.95000076293945,46.040000915527344,46.119998931884766,52500,42.38710403442383,0.0
NNI,2017-08-16 20:00:00-04:00,45.93000030517578,46.599998474121094,45.54999923706055,45.75,116800,42.04705810546875,0.0
NNI,2017-08-17 20:00:00-04:00,45.34000015258789,45.560001373291016,45.0,45.400001525878906,179100,41.72538375854492,0.0
NNI,2017-08-20 20:00:00-04:00,45.02000045776367,45.470001220703125,44.02000045776367,45.43000030517578,100100,41.752960205078125,0.0
NNI,2017-08-21 20:00:00-04:00,45.68000030517578,45.810001373291016,45.2400016784668,45.75,64000,42.04705810546875,0.0
NNI,2017-08-22 20:00:00-04:00,45.41999816894531,46.349998474121094,45.349998474121094,45.38999938964844,100500,41.71620178222656,0.0
NNI,2017-08-23 20:00:00-04:00,45.619998931884766,46.22999954223633,45.59000015258789,45.970001220703125,58500,42.24924850463867,0.0
NNI,2017-08-24 20:00:00-04:00,46.16999816894531,46.91999816894531,45.63999938964844,46.66999816894531,73700,42.89259338378906,0.0
NNI,2017-08-27 20:00:00-04:00,46.72999954223633,46.93000030517578,46.33000183105469,46.849998474121094,65700,43.058021545410156,0.0
NNI,2017-08-28 20:00:00-04:00,46.439998626708984,46.93000030517578,45.90999984741211,46.709999084472656,80200,42.92935562133789,0.0
NNI,2017-08-29 20:00:00-04:00,46.61000061035156,47.18000030517578,46.33000183105469,46.88999938964844,80300,43.224342346191406,0.14
NNI,2017-08-30 20:00:00-04:00,47.08000183105469,47.63999938964844,46.709999084472656,47.43000030517578,103600,43.72212219238281,0.0
NNI,2017-08-31 20:00:00-04:00,47.43000030517578,48.33000183105469,47.0,48.13999938964844,73700,44.376625061035156,0.0
NNI,2017-09-04 20:00:00-04:00,48.0,48.11000061035156,47.119998931884766,47.689998626708984,70600,43.961795806884766,0.0
NNI,2017-09-05 20:00:00-04:00,47.849998474121094,48.470001220703125,47.150001525878906,48.220001220703125,65600,44.45036315917969,0.0
NNI,2017-09-06 20:00:00-04:00,48.16999816894531,48.16999816894531,46.599998474121094,46.7400016784668,87100,43.0860710144043,0.0
NNI,2017-09-07 20:00:00-04:00,46.66999816894531,47.619998931884766,45.83000183105469,47.189998626708984,77200,43.500892639160156,0.0
NNI,2017-09-10 20:00:00-04:00,47.59000015258789,49.0099983215332,47.5099983215332,48.9900016784668,78200,45.16017150878906,0.0
NNI,2017-09-11 20:00:00-04:00,49.02000045776367,49.88999938964844,48.369998931884766,49.54999923706055,69900,45.67639923095703,0.0
NNI,2017-09-12 20:00:00-04:00,49.38999938964844,49.90999984741211,49.02000045776367,49.11000061035156,114100,45.27079772949219,0.0
NNI,2017-09-13 20:00:00-04:00,49.09000015258789,49.70000076293945,48.27000045776367,48.380001068115234,129700,44.59785842895508,0.0
NNI,2017-09-14 20:00:00-04:00,48.369998931884766,48.619998931884766,48.029998779296875,48.54999923706055,225200,44.75456237792969,0.0
NNI,2017-09-17 20:00:00-04:00,48.63999938964844,48.93000030517578,48.2400016784668,48.4900016784668,163100,44.69926452636719,0.0
NNI,2017-09-18 20:00:00-04:00,48.380001068115234,48.86000061035156,48.130001068115234,48.5099983215332,96300,44.71769332885742,0.0
NNI,2017-09-19 20:00:00-04:00,48.52000045776367,49.25,48.16999816894531,48.70000076293945,119600,44.892845153808594,0.0
NNI,2017-09-20 20:00:00-04:00,48.599998474121094,48.84000015258789,48.349998474121094,48.560001373291016,67200,44.7637939453125,0.0
NNI,2017-09-21 20:00:00-04:00,48.529998779296875,49.560001373291016,48.290000915527344,49.45000076293945,63200,45.58422088623047,0.0
NNI,2017-09-24 20:00:00-04:00,49.290000915527344,49.93000030517578,49.119998931884766,49.79999923706055,84600,45.9068489074707,0.0
NNI,2017-09-25 20:00:00-04:00,49.9900016784668,50.279998779296875,49.560001373291016,50.0099983215332,83900,46.10043716430664,0.0
NNI,2017-09-26 20:00:00-04:00,50.41999816894531,52.2599983215332,50.41999816894531,51.810001373291016,144900,47.75971221923828,0.0
NNI,2017-09-27 20:00:00-04:00,51.779998779296875,51.779998779296875,50.45000076293945,50.65999984741211,79600,46.699615478515625,0.0
NNI,2017-09-28 20:00:00-04:00,50.59000015258789,50.66999816894531,50.369998931884766,50.5,68000,46.5521240234375,0.0
NNI,2017-10-01 20:00:00-04:00,50.720001220703125,51.099998474121094,50.38999938964844,50.869998931884766,63600,46.8931999206543,0.0
NNI,2017-10-02 20:00:00-04:00,51.15999984741211,52.150001525878906,50.95000076293945,51.43000030517578,131800,47.409423828125,0.0
NNI,2017-10-03 20:00:00-04:00,51.33000183105469,51.33000183105469,50.369998931884766,50.529998779296875,61400,46.579776763916016,0.0
NNI,2017-10-04 20:00:00-04:00,50.54999923706055,50.86000061035156,50.060001373291016,50.369998931884766,78600,46.43228530883789,0.0
NNI,2017-10-05 20:00:00-04:00,50.220001220703125,50.7400016784668,49.75,50.61000061035156,74700,46.653526306152344,0.0
NNI,2017-10-08 20:00:00-04:00,50.61000061035156,50.63999938964844,49.599998474121094,49.93000030517578,68700,46.02668380737305,0.0
NNI,2017-10-09 20:00:00-04:00,50.38999938964844,50.7599983215332,49.88999938964844,50.72999954223633,56600,46.7641487121582,0.0
NNI,2017-10-10 20:00:00-04:00,50.900001525878906,51.130001068115234,50.63999938964844,50.880001068115234,57000,46.90241622924805,0.0
NNI,2017-10-11 20:00:00-04:00,50.90999984741211,51.529998779296875,50.90999984741211,51.130001068115234,58800,47.132877349853516,0.0
NNI,2017-10-12 20:00:00-04:00,51.130001068115234,51.41999816894531,50.630001068115234,51.04999923706055,43700,47.05912780761719,0.0
NNI,2017-10-15 20:00:00-04:00,51.04999923706055,51.68000030517578,50.88999938964844,51.630001068115234,43800,47.59379196166992,0.0
NNI,2017-10-16 20:00:00-04:00,51.5,51.779998779296875,51.11000061035156,51.2599983215332,41000,47.252716064453125,0.0
NNI,2017-10-17 20:00:00-04:00,51.58000183105469,51.75,51.29999923706055,51.31999969482422,69100,47.308021545410156,0.0
NNI,2017-10-18 20:00:00-04:00,51.04999923706055,56.63999938964844,51.04999923706055,56.54999923706055,233900,52.129150390625,0.0
NNI,2017-10-19 20:00:00-04:00,57.540000915527344,59.68000030517578,56.970001220703125,59.099998474121094,165800,54.47981643676758,0.0
NNI,2017-10-22 20:00:00-04:00,59.130001068115234,59.27000045776367,58.41999816894531,58.709999084472656,86200,54.120304107666016,0.0
NNI,2017-10-23 20:00:00-04:00,58.75,58.90999984741211,58.099998474121094,58.40999984741211,87200,53.8437614440918,0.0
NNI,2017-10-24 20:00:00-04:00,58.27000045776367,58.939998626708984,57.63999938964844,58.439998626708984,72000,53.87141036987305,0.0
NNI,2017-10-25 20:00:00-04:00,58.65999984741211,59.189998626708984,58.61000061035156,58.93000030517578,58800,54.3231086730957,0.0
NNI,2017-10-26 20:00:00-04:00,58.81999969482422,59.04999923706055,58.5,58.849998474121094,75800,54.24935531616211,0.0
NNI,2017-10-29 20:00:00-04:00,58.619998931884766,58.900001525878906,57.88999938964844,58.22999954223633,50300,53.677833557128906,0.0
NNI,2017-10-30 20:00:00-04:00,58.279998779296875,58.84000015258789,57.95000076293945,58.540000915527344,70600,53.963592529296875,0.0
NNI,2017-10-31 20:00:00-04:00,59.0,59.47999954223633,57.61000061035156,58.099998474121094,60400,53.557987213134766,0.0
NNI,2017-11-01 20:00:00-04:00,58.0,58.529998779296875,57.33000183105469,58.189998626708984,56100,53.640953063964844,0.0
NNI,2017-11-02 20:00:00-04:00,58.2599983215332,58.2599983215332,57.7400016784668,57.869998931884766,47400,53.34598159790039,0.0
NNI,2017-11-05 19:00:00-05:00,57.810001373291016,58.09000015258789,57.5,57.61000061035156,42100,53.10629653930664,0.0
NNI,2017-11-06 19:00:00-05:00,57.20000076293945,57.77000045776367,56.25,56.720001220703125,78200,52.28588104248047,0.0
NNI,2017-11-07 19:00:00-05:00,54.0,55.59000015258789,50.630001068115234,51.59000015258789,252400,47.55691146850586,0.0
NNI,2017-11-08 19:00:00-05:00,50.90999984741211,51.47999954223633,50.459999084472656,51.040000915527344,85500,47.049922943115234,0.0
NNI,2017-11-09 19:00:00-05:00,50.84000015258789,51.790000915527344,50.77000045776367,51.34000015258789,66400,47.32646179199219,0.0
NNI,2017-11-12 19:00:00-05:00,51.09000015258789,51.41999816894531,50.29999923706055,50.88999938964844,79000,46.91164016723633,0.0
NNI,2017-11-13 19:00:00-05:00,50.599998474121094,51.77000045776367,50.599998474121094,51.5099983215332,59300,47.4831657409668,0.0
NNI,2017-11-14 19:00:00-05:00,51.0,52.02000045776367,50.7400016784668,51.810001373291016,74300,47.75971221923828,0.0
NNI,2017-11-15 19:00:00-05:00,52.060001373291016,52.599998474121094,51.90999984741211,52.13999938964844,59100,48.06391906738281,0.0
NNI,2017-11-16 19:00:00-05:00,51.849998474121094,52.45000076293945,51.849998474121094,52.20000076293945,57800,48.11924362182617,0.0
NNI,2017-11-19 19:00:00-05:00,52.310001373291016,53.09000015258789,51.95000076293945,52.9900016784668,46500,48.84747314453125,0.0
NNI,2017-11-20 19:00:00-05:00,52.75,53.54999923706055,52.7400016784668,53.2400016784668,72400,49.07793045043945,0.0
NNI,2017-11-21 19:00:00-05:00,53.29999923706055,53.529998779296875,52.59000015258789,52.70000076293945,53600,48.58013916015625,0.0
NNI,2017-11-23 19:00:00-05:00,52.72999954223633,52.75,51.72999954223633,51.83000183105469,26700,47.778160095214844,0.0
NNI,2017-11-26 19:00:00-05:00,51.880001068115234,52.27000045776367,51.599998474121094,52.13999938964844,87600,48.06391906738281,0.0
NNI,2017-11-27 19:00:00-05:00,52.2400016784668,53.77000045776367,52.029998779296875,53.650001525878906,50100,49.455875396728516,0.0
NNI,2017-11-28 19:00:00-05:00,53.540000915527344,55.5099983215332,52.470001220703125,55.41999816894531,114000,51.08749771118164,0.0
NNI,2017-11-29 19:00:00-05:00,55.68000030517578,55.849998474121094,53.16999816894531,53.56999969482422,131100,49.525108337402344,0.16
NNI,2017-11-30 19:00:00-05:00,53.61000061035156,53.61000061035156,51.790000915527344,53.58000183105469,81500,49.53435134887695,0.0
NNI,2017-12-03 19:00:00-05:00,53.95000076293945,55.099998474121094,53.95000076293945,54.400001525878906,88200,50.29243850708008,0.0
NNI,2017-12-04 19:00:00-05:00,54.47999954223633,54.79999923706055,53.959999084472656,54.54999923706055,58200,50.43111801147461,0.0
NNI,2017-12-05 19:00:00-05:00,54.380001068115234,54.97999954223633,54.20000076293945,54.4900016784668,73700,50.37563705444336,0.0
NNI,2017-12-06 19:00:00-05:00,54.290000915527344,54.59000015258789,53.66999816894531,54.20000076293945,95400,50.10755157470703,0.0
NNI,2017-12-07 19:00:00-05:00,54.58000183105469,54.959999084472656,53.88999938964844,54.619998931884766,167100,50.49583053588867,0.0
NNI,2017-12-10 19:00:00-05:00,54.810001373291016,55.88999938964844,54.709999084472656,55.25,95400,51.07825469970703,0.0
NNI,2017-12-11 19:00:00-05:00,55.31999969482422,55.7599983215332,55.029998779296875,55.529998779296875,91000,51.33710861206055,0.0
NNI,2017-12-12 19:00:00-05:00,55.470001220703125,56.52000045776367,54.630001068115234,54.75,154700,50.61600875854492,0.0
NNI,2017-12-13 19:00:00-05:00,54.29999923706055,54.720001220703125,52.880001068115234,53.02000045776367,178400,49.01664352416992,0.0
NNI,2017-12-14 19:00:00-05:00,53.2599983215332,54.630001068115234,53.2599983215332,54.150001525878906,318700,50.061309814453125,0.0
NNI,2017-12-17 19:00:00-05:00,54.68000030517578,56.150001525878906,53.689998626708984,54.779998779296875,84300,50.64374542236328,0.0
NNI,2017-12-18 19:00:00-05:00,54.75,54.86000061035156,53.540000915527344,53.869998931884766,97400,49.802452087402344,0.0
NNI,2017-12-19 19:00:00-05:00,54.220001220703125,55.0099983215332,53.349998474121094,53.630001068115234,61100,49.5805778503418,0.0
NNI,2017-12-20 19:00:00-05:00,53.75,54.209999084472656,53.529998779296875,53.93000030517578,32000,49.857933044433594,0.0
NNI,2017-12-21 19:00:00-05:00,53.25,55.119998931884766,53.25,55.0,55000,50.84714126586914,0.0
NNI,2017-12-25 19:00:00-05:00,55.0,56.15999984741211,55.0,55.959999084472656,47200,51.73464584350586,0.0
NNI,2017-12-26 19:00:00-05:00,55.88999938964844,56.81999969482422,55.86000061035156,55.88999938964844,77200,51.669944763183594,0.0
NNI,2017-12-27 19:00:00-05:00,56.0099983215332,56.290000915527344,55.4900016784668,56.0099983215332,53400,51.7808723449707,0.0
NNI,2017-12-28 19:00:00-05:00,56.779998779296875,56.779998779296875,54.75,54.779998779296875,50300,50.64374542236328,0.0
NNI,2018-01-01 19:00:00-05:00,54.970001220703125,55.119998931884766,54.15999984741211,54.68000030517578,71600,50.55129623413086,0.0
NNI,2018-01-02 19:00:00-05:00,54.59000015258789,54.90999984741211,53.90999984741211,54.380001068115234,77000,50.27394485473633,0.0
NNI,2018-01-03 19:00:00-05:00,55.0,55.720001220703125,54.900001525878906,55.220001220703125,72000,51.0505256652832,0.0
NNI,2018-01-04 19:00:00-05:00,55.689998626708984,55.970001220703125,54.849998474121094,55.189998626708984,73400,51.022789001464844,0.0
NNI,2018-01-07 19:00:00-05:00,55.06999969482422,55.47999954223633,54.720001220703125,54.939998626708984,103900,50.791664123535156,0.0
NNI,2018-01-08 19:00:00-05:00,55.04999923706055,55.150001525878906,53.849998474121094,54.439998626708984,159200,50.329410552978516,0.0
NNI,2018-01-09 19:00:00-05:00,54.40999984741211,55.380001068115234,53.720001220703125,53.869998931884766,99000,49.802452087402344,0.0
NNI,2018-01-10 19:00:00-05:00,54.09000015258789,54.15999984741211,53.56999969482422,53.88999938964844,265900,49.82094955444336,0.0
NNI,2018-01-11 19:00:00-05:00,54.060001373291016,54.65999984741211,53.7400016784668,54.56999969482422,114400,50.4495964050293,0.0
NNI,2018-01-15 19:00:00-05:00,54.810001373291016,55.150001525878906,53.45000076293945,53.5099983215332,87900,49.46963882446289,0.0
NNI,2018-01-16 19:00:00-05:00,53.900001525878906,54.45000076293945,52.95000076293945,53.45000076293945,55900,49.414180755615234,0.0
NNI,2018-01-17 19:00:00-05:00,53.310001373291016,53.310001373291016,52.36000061035156,52.369998931884766,93300,48.41571044921875,0.0
NNI,2018-01-18 19:00:00-05:00,52.15999984741211,53.09000015258789,52.0,53.02000045776367,49900,49.01664352416992,0.0
NNI,2018-01-21 19:00:00-05:00,52.93000030517578,52.97999954223633,52.369998931884766,52.720001220703125,44800,48.73929977416992,0.0
NNI,2018-01-22 19:00:00-05:00,52.560001373291016,53.25,52.130001068115234,52.790000915527344,48200,48.804019927978516,0.0
NNI,2018-01-23 19:00:00-05:00,52.90999984741211,53.560001373291016,52.779998779296875,53.0099983215332,69000,49.00739288330078,0.0
NNI,2018-01-24 19:00:00-05:00,53.15999984741211,53.25,52.79999923706055,53.09000015258789,89200,49.08135223388672,0.0
NNI,2018-01-25 19:00:00-05:00,53.34000015258789,54.0,52.689998626708984,53.939998626708984,54900,49.86716842651367,0.0
NNI,2018-01-28 19:00:00-05:00,53.619998931884766,53.970001220703125,53.369998931884766,53.38999938964844,53600,49.35870361328125,0.0
NNI,2018-01-29 19:00:00-05:00,53.060001373291016,53.88999938964844,52.650001525878906,52.81999969482422,52700,48.83173751831055,0.0
NNI,2018-01-30 19:00:00-05:00,52.91999816894531,53.20000076293945,52.02000045776367,52.11000061035156,89100,48.17534637451172,0.0
NNI,2018-01-31 19:00:00-05:00,51.88999938964844,52.849998474121094,51.52000045776367,52.779998779296875,60700,48.794761657714844,0.0
NNI,2018-02-01 19:00:00-05:00,52.4900016784668,53.11000061035156,51.619998931884766,51.779998779296875,53400,47.870262145996094,0.0
NNI,2018-02-04 19:00:00-05:00,51.2400016784668,52.0099983215332,49.88999938964844,49.93000030517578,91800,46.15994644165039,0.0
NNI,2018-02-05 19:00:00-05:00,48.75,50.630001068115234,48.58000183105469,50.22999954223633,124400,46.43729782104492,0.0
NNI,2018-02-06 19:00:00-05:00,49.93000030517578,50.310001373291016,49.27000045776367,49.79999923706055,80500,46.039764404296875,0.0
NNI,2018-02-07 19:00:00-05:00,49.779998779296875,51.0099983215332,49.0,50.290000915527344,249300,46.49277114868164,0.0
NNI,2018-02-08 19:00:00-05:00,50.84000015258789,51.0099983215332,48.29999923706055,49.119998931884766,187500,45.41111755371094,0.0
NNI,2018-02-11 19:00:00-05:00,49.189998626708984,49.97999954223633,48.79999923706055,49.90999984741211,67600,46.141456604003906,0.0
NNI,2018-02-12 19:00:00-05:00,49.81999969482422,50.5099983215332,49.61000061035156,49.970001220703125,88800,46.19693374633789,0.0
NNI,2018-02-13 19:00:00-05:00,49.540000915527344,51.470001220703125,49.540000915527344,51.220001220703125,70000,47.3525390625,0.0
NNI,2018-02-14 19:00:00-05:00,51.47999954223633,51.83000183105469,50.88999938964844,51.619998931884766,55300,47.72235107421875,0.0
NNI,2018-02-15 19:00:00-05:00,51.40999984741211,52.5,51.099998474121094,52.15999984741211,107700,48.22157287597656,0.0
NNI,2018-02-19 19:00:00-05:00,51.79999923706055,52.88999938964844,51.720001220703125,52.04999923706055,110200,48.119873046875,0.0
NNI,2018-02-20 19:00:00-05:00,52.04999923706055,53.400001525878906,51.529998779296875,53.08000183105469,86000,49.07211685180664,0.0
NNI,2018-02-21 19:00:00-05:00,53.099998474121094,53.099998474121094,51.099998474121094,51.119998931884766,76600,47.260101318359375,0.0
NNI,2018-02-22 19:00:00-05:00,51.369998931884766,52.43000030517578,50.7599983215332,52.43000030517578,97200,48.47119140625,0.0
NNI,2018-02-25 19:00:00-05:00,52.04999923706055,52.59000015258789,51.40999984741211,51.790000915527344,98900,47.879512786865234,0.0
NNI,2018-02-26 19:00:00-05:00,51.65999984741211,52.90999984741211,50.869998931884766,51.77000045776367,113600,47.861019134521484,0.0
NNI,2018-02-27 19:00:00-05:00,54.08000183105469,57.93000030517578,53.63999938964844,55.34000015258789,270700,51.32007598876953,0.16
NNI,2018-02-28 19:00:00-05:00,55.41999816894531,55.779998779296875,53.9900016784668,55.15999984741211,243600,51.153160095214844,0.0
NNI,2018-03-01 19:00:00-05:00,54.880001068115234,55.630001068115234,53.189998626708984,55.25,146800,51.23661422729492,0.0
NNI,2018-03-04 19:00:00-05:00,55.02000045776367,55.650001525878906,53.97999954223633,54.81999969482422,103000,50.83784866333008,0.0
NNI,2018-03-05 19:00:00-05:00,54.900001525878906,55.09000015258789,53.720001220703125,55.02000045776367,93300,51.023319244384766,0.0
NNI,2018-03-06 19:00:00-05:00,54.45000076293945,55.2400016784668,54.08000183105469,55.029998779296875,74400,51.032588958740234,0.0
NNI,2018-03-07 19:00:00-05:00,55.209999084472656,55.959999084472656,54.400001525878906,55.11000061035156,132900,51.106773376464844,0.0
NNI,2018-03-08 19:00:00-05:00,55.470001220703125,56.290000915527344,55.060001373291016,55.97999954223633,63200,51.91358947753906,0.0
NNI,2018-03-11 20:00:00-04:00,55.33000183105469,56.81999969482422,55.279998779296875,55.36000061035156,51200,51.338619232177734,0.0
NNI,2018-03-12 20:00:00-04:00,55.65999984741211,55.779998779296875,54.7400016784668,54.869998931884766,48000,50.884212493896484,0.0
NNI,2018-03-13 20:00:00-04:00,54.939998626708984,55.38999938964844,54.0099983215332,54.25,41900,50.30925750732422,0.0
NNI,2018-03-14 20:00:00-04:00,53.970001220703125,53.970001220703125,53.06999969482422,53.40999984741211,98600,49.530269622802734,0.0
NNI,2018-03-15 20:00:00-04:00,53.31999969482422,54.540000915527344,53.11000061035156,54.25,146300,50.30925750732422,0.0
NNI,2018-03-18 20:00:00-04:00,52.849998474121094,53.790000915527344,52.45000076293945,53.560001373291016,96600,49.66938018798828,0.0
NNI,2018-03-19 20:00:00-04:00,53.88999938964844,53.88999938964844,52.790000915527344,53.13999938964844,63300,49.27988815307617,0.0
NNI,2018-03-20 20:00:00-04:00,53.02000045776367,53.779998779296875,52.97999954223633,53.15999984741211,28200,49.29841995239258,0.0
NNI,2018-03-21 20:00:00-04:00,52.619998931884766,53.220001220703125,52.27000045776367,52.349998474121094,101800,48.547264099121094,0.0
NNI,2018-03-22 20:00:00-04:00,52.25,52.52000045776367,51.040000915527344,51.040000915527344,95400,47.332435607910156,0.0
NNI,2018-03-25 20:00:00-04:00,51.2599983215332,52.630001068115234,50.380001068115234,52.349998474121094,75200,48.547264099121094,0.0
NNI,2018-03-26 20:00:00-04:00,52.41999816894531,52.72999954223633,50.86000061035156,51.650001525878906,92100,47.89811325073242,0.0
NNI,2018-03-27 20:00:00-04:00,51.72999954223633,52.38999938964844,51.380001068115234,52.2400016784668,79300,48.44525909423828,0.0
NNI,2018-03-28 20:00:00-04:00,52.56999969482422,52.88999938964844,52.06999969482422,52.40999984741211,74900,48.6029052734375,0.0
NNI,2018-04-01 20:00:00-04:00,51.91999816894531,52.20000076293945,50.31999969482422,51.38999938964844,103000,47.657005310058594,0.0
NNI,2018-04-02 20:00:00-04:00,51.540000915527344,51.88999938964844,51.119998931884766,51.619998931884766,53100,47.870304107666016,0.0
NNI,2018-04-03 20:00:00-04:00,51.060001373291016,53.060001373291016,50.36000061035156,52.81999969482422,49800,48.983123779296875,0.0
NNI,2018-04-04 20:00:00-04:00,53.13999938964844,53.470001220703125,51.779998779296875,53.099998474121094,39800,49.242774963378906,0.0
NNI,2018-04-05 20:00:00-04:00,52.720001220703125,53.02000045776367,52.150001525878906,52.63999938964844,62100,48.81620788574219,0.0
NNI,2018-04-08 20:00:00-04:00,53.04999923706055,53.5,52.38999938964844,52.4900016784668,62400,48.67709732055664,0.0
NNI,2018-04-09 20:00:00-04:00,53.27000045776367,53.38999938964844,52.779998779296875,53.06999969482422,43100,49.21495819091797,0.0
NNI,2018-04-10 20:00:00-04:00,52.7400016784668,53.119998931884766,52.459999084472656,52.86000061035156,49300,49.02022933959961,0.0
NNI,2018-04-11 20:00:00-04:00,53.13999938964844,53.38999938964844,52.93000030517578,52.9900016784668,27700,49.14078140258789,0.0
NNI,2018-04-12 20:00:00-04:00,53.31999969482422,53.31999969482422,52.36000061035156,52.61000061035156,41200,48.78837203979492,0.0
NNI,2018-04-15 20:00:00-04:00,52.939998626708984,53.790000915527344,52.5,53.349998474121094,30300,49.474632263183594,0.0
NNI,2018-04-16 20:00:00-04:00,53.709999084472656,53.779998779296875,53.209999084472656,53.4900016784668,32800,49.60444641113281,0.0
NNI,2018-04-17 20:00:00-04:00,53.61000061035156,54.09000015258789,53.099998474121094,53.47999954223633,36400,49.595184326171875,0.0
NNI,2018-04-18 20:00:00-04:00,53.33000183105469,54.439998626708984,53.33000183105469,54.13999938964844,44400,50.207244873046875,0.0
NNI,2018-04-19 20:00:00-04:00,54.0,54.59000015258789,53.54999923706055,53.630001068115234,35300,49.734283447265625,0.0
NNI,2018-04-22 20:00:00-04:00,53.79999923706055,54.13999938964844,53.63999938964844,53.970001220703125,26900,50.049591064453125,0.0
NNI,2018-04-23 20:00:00-04:00,54.45000076293945,55.0,53.970001220703125,54.470001220703125,34700,50.513282775878906,0.0
NNI,2018-04-24 20:00:00-04:00,54.369998931884766,54.45000076293945,53.70000076293945,53.79999923706055,40000,49.89194107055664,0.0
NNI,2018-04-25 20:00:00-04:00,53.91999816894531,54.15999984741211,53.529998779296875,53.7400016784668,20100,49.836299896240234,0.0
NNI,2018-04-26 20:00:00-04:00,53.81999969482422,53.81999969482422,52.88999938964844,53.25,44300,49.381893157958984,0.0
NNI,2018-04-29 20:00:00-04:00,53.41999816894531,54.779998779296875,52.79999923706055,52.810001373291016,39200,48.97385787963867,0.0
NNI,2018-04-30 20:00:00-04:00,52.79999923706055,52.79999923706055,52.02000045776367,52.66999816894531,94900,48.844017028808594,0.0
NNI,2018-05-01 20:00:00-04:00,52.650001525878906,53.790000915527344,52.15999984741211,53.75,49100,49.84557342529297,0.0
NNI,2018-05-02 20:00:00-04:00,53.599998474121094,53.689998626708984,52.5,53.18000030517578,30000,49.316978454589844,0.0
NNI,2018-05-03 20:00:00-04:00,52.959999084472656,53.7400016784668,52.959999084472656,53.709999084472656,22100,49.80848693847656,0.0
NNI,2018-05-06 20:00:00-04:00,53.900001525878906,54.540000915527344,53.689998626708984,54.31999969482422,30200,50.37416458129883,0.0
NNI,2018-05-07 20:00:00-04:00,54.36000061035156,54.66999816894531,54.04999923706055,54.189998626708984,45700,50.25360870361328,0.0
NNI,2018-05-08 20:00:00-04:00,55.0,58.970001220703125,54.59000015258789,58.90999984741211,140300,54.63074493408203,0.0
NNI,2018-05-09 20:00:00-04:00,58.970001220703125,61.040000915527344,58.959999084472656,60.65999984741211,105000,56.25362777709961,0.0
NNI,2018-05-10 20:00:00-04:00,59.88999938964844,60.70000076293945,58.97999954223633,59.15999984741211,57700,54.86259078979492,0.0
NNI,2018-05-13 20:00:00-04:00,59.439998626708984,59.9900016784668,58.95000076293945,59.279998779296875,50000,54.97385787963867,0.0
NNI,2018-05-14 20:00:00-04:00,59.099998474121094,60.91999816894531,59.099998474121094,60.599998474121094,111200,56.19798278808594,0.0
NNI,2018-05-15 20:00:00-04:00,60.630001068115234,62.029998779296875,60.59000015258789,61.88999938964844,83900,57.39427947998047,0.0
NNI,2018-05-16 20:00:00-04:00,62.33000183105469,62.33000183105469,61.650001525878906,62.13999938964844,61600,57.626121520996094,0.0
NNI,2018-05-17 20:00:00-04:00,62.16999816894531,62.41999816894531,61.58000183105469,62.119998931884766,44500,57.607574462890625,0.0
NNI,2018-05-20 20:00:00-04:00,62.5,62.779998779296875,62.119998931884766,62.439998626708984,67500,57.904327392578125,0.0
NNI,2018-05-21 20:00:00-04:00,62.61000061035156,63.290000915527344,62.099998474121094,62.779998779296875,68300,58.2196159362793,0.0
NNI,2018-05-22 20:00:00-04:00,62.75,63.220001220703125,62.119998931884766,62.68000030517578,59700,58.126888275146484,0.0
NNI,2018-05-23 20:00:00-04:00,62.54999923706055,63.47999954223633,61.91999816894531,62.689998626708984,41000,58.136165618896484,0.0
NNI,2018-05-24 20:00:00-04:00,62.560001373291016,63.060001373291016,62.220001220703125,62.36000061035156,56100,57.830135345458984,0.0
NNI,2018-05-28 20:00:00-04:00,61.880001068115234,62.68000030517578,61.150001525878906,61.619998931884766,71200,57.143882751464844,0.0
NNI,2018-05-29 20:00:00-04:00,62.099998474121094,62.77000045776367,61.849998474121094,62.27000045776367,45100,57.746665954589844,0.0
NNI,2018-05-30 20:00:00-04:00,62.0,62.25,61.029998779296875,61.439998626708984,56300,57.12373733520508,0.16
NNI,2018-05-31 20:00:00-04:00,61.810001373291016,62.40999984741211,61.34000015258789,62.09000015258789,38500,57.72808837890625,0.0
NNI,2018-06-03 20:00:00-04:00,62.470001220703125,63.099998474121094,61.63999938964844,62.369998931884766,42800,57.9884033203125,0.0
NNI,2018-06-04 20:00:00-04:00,62.40999984741211,62.720001220703125,61.90999984741211,62.689998626708984,40800,58.285926818847656,0.0
NNI,2018-06-05 20:00:00-04:00,62.77000045776367,64.0,62.2599983215332,63.56999969482422,68200,59.104095458984375,0.0
NNI,2018-06-06 20:00:00-04:00,63.77000045776367,63.93000030517578,62.61000061035156,63.02000045776367,31600,58.592742919921875,0.0
NNI,2018-06-07 20:00:00-04:00,62.7599983215332,63.790000915527344,61.93000030517578,61.95000076293945,56600,57.5979118347168,0.0
NNI,2018-06-10 20:00:00-04:00,61.09000015258789,62.529998779296875,60.02000045776367,61.61000061035156,63500,57.281803131103516,0.0
NNI,2018-06-11 20:00:00-04:00,61.900001525878906,62.15999984741211,61.02000045776367,61.15999984741211,63000,56.863407135009766,0.0
NNI,2018-06-12 20:00:00-04:00,61.15999984741211,61.16999816894531,59.709999084472656,60.130001068115234,75100,55.905765533447266,0.0
NNI,2018-06-13 20:00:00-04:00,60.16999816894531,60.939998626708984,59.7599983215332,60.41999816894531,46300,56.17539978027344,0.0
NNI,2018-06-14 20:00:00-04:00,60.279998779296875,60.47999954223633,59.439998626708984,59.709999084472656,90100,55.51527786254883,0.0
NNI,2018-06-17 20:00:00-04:00,59.709999084472656,60.90999984741211,59.709999084472656,60.59000015258789,57300,56.333457946777344,0.0
NNI,2018-06-18 20:00:00-04:00,60.029998779296875,61.27000045776367,59.83000183105469,61.130001068115234,46100,56.83551788330078,0.0
NNI,2018-06-19 20:00:00-04:00,61.290000915527344,61.810001373291016,60.7599983215332,61.220001220703125,87300,56.91919708251953,0.0
NNI,2018-06-20 20:00:00-04:00,61.279998779296875,61.279998779296875,60.279998779296875,60.66999816894531,48000,56.40782928466797,0.0
NNI,2018-06-21 20:00:00-04:00,60.939998626708984,61.220001220703125,60.11000061035156,60.5,107300,56.249786376953125,0.0
NNI,2018-06-24 20:00:00-04:00,60.5099983215332,60.5099983215332,58.540000915527344,59.970001220703125,86100,55.75701904296875,0.0
NNI,2018-06-25 20:00:00-04:00,59.959999084472656,60.849998474121094,59.22999954223633,59.66999816894531,97000,55.47808074951172,0.0
NNI,2018-06-26 20:00:00-04:00,59.709999084472656,59.7599983215332,58.439998626708984,58.63999938964844,56000,54.52043533325195,0.0
NNI,2018-06-27 20:00:00-04:00,58.4900016784668,59.0099983215332,58.369998931884766,58.70000076293945,49300,54.57623291015625,0.0
NNI,2018-06-28 20:00:00-04:00,58.84000015258789,59.380001068115234,58.25,58.40999984741211,42000,54.30659866333008,0.0
NNI,2018-07-01 20:00:00-04:00,58.220001220703125,60.290000915527344,57.31999969482422,60.189998626708984,365800,55.96156692504883,0.0
NNI,2018-07-02 20:00:00-04:00,60.58000183105469,61.84000015258789,59.58000183105469,59.63999938964844,20500,55.450199127197266,0.0
NNI,2018-07-04 20:00:00-04:00,60.02000045776367,60.790000915527344,59.79999923706055,60.45000076293945,43000,56.20329284667969,0.0
NNI,2018-07-05 20:00:00-04:00,60.36000061035156,61.22999954223633,60.36000061035156,60.83000183105469,34600,56.556602478027344,0.0
NNI,2018-07-08 20:00:00-04:00,60.939998626708984,61.529998779296875,60.150001525878906,60.349998474121094,42400,56.110313415527344,0.0
NNI,2018-07-09 20:00:00-04:00,60.470001220703125,61.02000045776367,60.11000061035156,60.900001525878906,75000,56.621681213378906,0.0
NNI,2018-07-10 20:00:00-04:00,60.70000076293945,61.439998626708984,60.47999954223633,61.04999923706055,50700,56.76113510131836,0.0
NNI,2018-07-11 20:00:00-04:00,61.290000915527344,61.290000915527344,60.13999938964844,60.630001068115234,38300,56.37064743041992,0.0
NNI,2018-07-12 20:00:00-04:00,60.58000183105469,60.9900016784668,59.83000183105469,60.060001373291016,41300,55.84068298339844,0.0
NNI,2018-07-15 20:00:00-04:00,60.02000045776367,60.63999938964844,59.75,60.529998779296875,18800,56.27766799926758,0.0
NNI,2018-07-16 20:00:00-04:00,60.4900016784668,61.2599983215332,60.4900016784668,60.54999923706055,26000,56.2962646484375,0.0
NNI,2018-07-17 20:00:00-04:00,60.38999938964844,61.0,60.29999923706055,60.970001220703125,39100,56.68675994873047,0.0
NNI,2018-07-18 20:00:00-04:00,60.599998474121094,61.220001220703125,60.41999816894531,61.15999984741211,58600,56.863407135009766,0.0
NNI,2018-07-19 20:00:00-04:00,61.150001525878906,61.470001220703125,60.72999954223633,61.220001220703125,39100,56.91919708251953,0.0
NNI,2018-07-22 20:00:00-04:00,61.4900016784668,61.90999984741211,61.18000030517578,61.7599983215332,26900,57.42125701904297,0.0
NNI,2018-07-23 20:00:00-04:00,61.959999084472656,62.400001525878906,61.34000015258789,61.630001068115234,23200,57.30039596557617,0.0
NNI,2018-07-24 20:00:00-04:00,61.38999938964844,61.47999954223633,59.95000076293945,60.20000076293945,28100,55.970855712890625,0.0
NNI,2018-07-25 20:00:00-04:00,60.119998931884766,60.779998779296875,59.66999816894531,59.79999923706055,32000,55.59895706176758,0.0
NNI,2018-07-26 20:00:00-04:00,59.7400016784668,60.0,58.75,58.849998474121094,31200,54.715694427490234,0.0
NNI,2018-07-29 20:00:00-04:00,58.79999923706055,59.61000061035156,58.150001525878906,58.18000030517578,27100,54.09276580810547,0.0
NNI,2018-07-30 20:00:00-04:00,58.38999938964844,59.31999969482422,57.810001373291016,58.779998779296875,43300,54.65060806274414,0.0
NNI,2018-07-31 20:00:00-04:00,58.880001068115234,59.560001373291016,58.880001068115234,59.099998474121094,37400,54.94812774658203,0.0
NNI,2018-08-01 20:00:00-04:00,58.91999816894531,59.68000030517578,58.43000030517578,59.599998474121094,45300,55.41299819946289,0.0
NNI,2018-08-02 20:00:00-04:00,59.529998779296875,59.84000015258789,58.220001220703125,58.650001525878906,26800,54.529747009277344,0.0
NNI,2018-08-05 20:00:00-04:00,58.56999969482422,59.279998779296875,58.56999969482422,58.83000183105469,17300,54.69710922241211,0.0
NNI,2018-08-06 20:00:00-04:00,58.81999969482422,59.63999938964844,58.56999969482422,58.9900016784668,41400,54.84585952758789,0.0
NNI,2018-08-07 20:00:00-04:00,58.5,58.5,56.849998474121094,57.11000061035156,56600,53.097930908203125,0.0
NNI,2018-08-08 20:00:00-04:00,56.86000061035156,57.06999969482422,56.34000015258789,56.86000061035156,40100,52.865501403808594,0.0
NNI,2018-08-09 20:00:00-04:00,56.38999938964844,57.209999084472656,56.08000183105469,57.02000045776367,24800,53.01424789428711,0.0
NNI,2018-08-12 20:00:00-04:00,56.75,57.810001373291016,56.439998626708984,57.75,50600,53.69297409057617,0.0
NNI,2018-08-13 20:00:00-04:00,57.65999984741211,58.31999969482422,56.65999984741211,56.95000076293945,39800,52.94918441772461,0.0
NNI,2018-08-14 20:00:00-04:00,56.41999816894531,56.959999084472656,55.810001373291016,56.279998779296875,37300,52.32624053955078,0.0
NNI,2018-08-15 20:00:00-04:00,56.599998474121094,57.22999954223633,56.599998474121094,56.63999938964844,25600,52.66094970703125,0.0
NNI,2018-08-16 20:00:00-04:00,56.470001220703125,56.97999954223633,56.470001220703125,56.66999816894531,28500,52.68883514404297,0.0
NNI,2018-08-19 20:00:00-04:00,56.939998626708984,58.15999984741211,56.939998626708984,57.630001068115234,35600,53.58140563964844,0.0
NNI,2018-08-20 20:00:00-04:00,57.560001373291016,58.779998779296875,57.47999954223633,58.369998931884766,27300,54.269412994384766,0.0
NNI,2018-08-21 20:00:00-04:00,58.400001525878906,58.619998931884766,57.47999954223633,57.560001373291016,29800,53.51631546020508,0.0
NNI,2018-08-22 20:00:00-04:00,57.349998474121094,57.66999816894531,57.09000015258789,57.380001068115234,24200,53.34896469116211,0.0
NNI,2018-08-23 20:00:00-04:00,57.61000061035156,57.880001068115234,56.91999816894531,57.209999084472656,23000,53.19090270996094,0.0
NNI,2018-08-26 20:00:00-04:00,57.5,58.459999084472656,57.5,57.599998474121094,120800,53.55351257324219,0.0
NNI,2018-08-27 20:00:00-04:00,57.81999969482422,57.91999816894531,57.189998626708984,57.22999954223633,25500,53.20949935913086,0.0
NNI,2018-08-28 20:00:00-04:00,56.810001373291016,57.18000030517578,56.689998626708984,56.689998626708984,70700,52.70743942260742,0.0
NNI,2018-08-29 20:00:00-04:00,56.36000061035156,57.79999923706055,56.16999816894531,57.68000030517578,75500,53.77967071533203,0.16
NNI,2018-08-30 20:00:00-04:00,57.38999938964844,58.02000045776367,57.290000915527344,57.650001525878906,39300,53.75170135498047,0.0
NNI,2018-09-03 20:00:00-04:00,57.47999954223633,57.630001068115234,56.709999084472656,56.810001373291016,20100,52.96851348876953,0.0
NNI,2018-09-04 20:00:00-04:00,56.70000076293945,56.90999984741211,56.099998474121094,56.2400016784668,51000,52.43704605102539,0.0
NNI,2018-09-05 20:00:00-04:00,56.31999969482422,56.84000015258789,56.06999969482422,56.209999084472656,30400,52.40908432006836,0.0
NNI,2018-09-06 20:00:00-04:00,56.20000076293945,57.25,55.189998626708984,56.93000030517578,42800,53.08039093017578,0.0
NNI,2018-09-09 20:00:00-04:00,57.04999923706055,58.209999084472656,56.779998779296875,57.83000183105469,42000,53.919525146484375,0.0
NNI,2018-09-10 20:00:00-04:00,57.58000183105469,58.2400016784668,57.58000183105469,57.81999969482422,31500,53.91020584106445,0.0
NNI,2018-09-11 20:00:00-04:00,57.75,57.75,56.97999954223633,57.20000076293945,32100,53.3321418762207,0.0
NNI,2018-09-12 20:00:00-04:00,57.349998474121094,58.38999938964844,57.02000045776367,57.75,22800,53.84493637084961,0.0
NNI,2018-09-13 20:00:00-04:00,57.470001220703125,58.59000015258789,57.470001220703125,58.150001525878906,46800,54.217891693115234,0.0
NNI,2018-09-16 20:00:00-04:00,58.189998626708984,59.0,58.08000183105469,58.31999969482422,33200,54.37639617919922,0.0
NNI,2018-09-17 20:00:00-04:00,58.380001068115234,59.040000915527344,58.27000045776367,58.40999984741211,39100,54.46030807495117,0.0
NNI,2018-09-18 20:00:00-04:00,58.220001220703125,59.45000076293945,58.220001220703125,59.02000045776367,34900,55.0290641784668,0.0
NNI,2018-09-19 20:00:00-04:00,59.290000915527344,60.11000061035156,58.63999938964844,59.720001220703125,45500,55.681732177734375,0.0
NNI,2018-09-20 20:00:00-04:00,59.66999816894531,60.25,58.9900016784668,59.029998779296875,181700,55.038387298583984,0.0
NNI,2018-09-23 20:00:00-04:00,58.849998474121094,58.869998931884766,57.459999084472656,57.63999938964844,38100,53.74237823486328,0.0
NNI,2018-09-24 20:00:00-04:00,57.689998626708984,57.689998626708984,56.720001220703125,56.81999969482422,36500,52.97782516479492,0.0
NNI,2018-09-25 20:00:00-04:00,56.90999984741211,57.25,55.810001373291016,56.459999084472656,46600,52.64216613769531,0.0
NNI,2018-09-26 20:00:00-04:00,56.599998474121094,57.29999923706055,56.130001068115234,57.0099983215332,53200,53.15497970581055,0.0
NNI,2018-09-27 20:00:00-04:00,57.0,57.56999969482422,56.5,57.16999816894531,53600,53.304161071777344,0.0
NNI,2018-09-30 20:00:00-04:00,57.34000015258789,57.83000183105469,56.63999938964844,56.97999954223633,42200,53.12700271606445,0.0
NNI,2018-10-01 20:00:00-04:00,57.0099983215332,57.81999969482422,56.65999984741211,57.0099983215332,34900,53.15497970581055,0.0
NNI,2018-10-02 20:00:00-04:00,57.2400016784668,58.470001220703125,56.9900016784668,57.66999816894531,42400,53.770347595214844,0.0
NNI,2018-10-03 20:00:00-04:00,57.5099983215332,57.88999938964844,55.599998474121094,56.060001373291016,60800,52.26921844482422,0.0
NNI,2018-10-04 20:00:00-04:00,56.09000015258789,56.20000076293945,54.93000030517578,55.79999923706055,66200,52.026798248291016,0.0
NNI,2018-10-07 20:00:00-04:00,55.529998779296875,56.09000015258789,55.25,55.900001525878906,70100,52.12004089355469,0.0
NNI,2018-10-08 20:00:00-04:00,55.529998779296875,56.66999816894531,55.529998779296875,55.900001525878906,32700,52.12004089355469,0.0
NNI,2018-10-09 20:00:00-04:00,55.56999969482422,56.119998931884766,55.189998626708984,55.20000076293945,52200,51.46736526489258,0.0
NNI,2018-10-10 20:00:00-04:00,54.709999084472656,55.650001525878906,54.650001525878906,54.689998626708984,59900,50.99185562133789,0.0
NNI,2018-10-11 20:00:00-04:00,55.290000915527344,55.290000915527344,53.11000061035156,54.22999954223633,104700,50.562957763671875,0.0
NNI,2018-10-14 20:00:00-04:00,53.90999984741211,55.38999938964844,53.90999984741211,54.91999816894531,38200,51.2063102722168,0.0
NNI,2018-10-15 20:00:00-04:00,55.130001068115234,56.83000183105469,54.779998779296875,56.70000076293945,43100,52.865943908691406,0.0
NNI,2018-10-16 20:00:00-04:00,56.41999816894531,57.0099983215332,55.34000015258789,56.06999969482422,32500,52.27853775024414,0.0
NNI,2018-10-17 20:00:00-04:00,55.81999969482422,56.16999816894531,55.150001525878906,55.84000015258789,44800,52.0640869140625,0.0
NNI,2018-10-18 20:00:00-04:00,55.70000076293945,56.459999084472656,54.70000076293945,56.0,42300,52.21327209472656,0.0
NNI,2018-10-21 20:00:00-04:00,56.0,57.0,55.61000061035156,56.209999084472656,49300,52.40908432006836,0.0
NNI,2018-10-22 20:00:00-04:00,55.40999984741211,56.18000030517578,54.75,55.65999984741211,35600,51.89626693725586,0.0
NNI,2018-10-23 20:00:00-04:00,55.52000045776367,55.7400016784668,53.869998931884766,53.900001525878906,82000,50.25527572631836,0.0
NNI,2018-10-24 20:00:00-04:00,54.130001068115234,56.15999984741211,54.130001068115234,55.93000030517578,57500,52.14801025390625,0.0
NNI,2018-10-25 20:00:00-04:00,55.15999984741211,55.810001373291016,54.5099983215332,54.939998626708984,72100,51.224952697753906,0.0
NNI,2018-10-28 20:00:00-04:00,55.65999984741211,56.18000030517578,54.66999816894531,55.15999984741211,44700,51.430076599121094,0.0
NNI,2018-10-29 20:00:00-04:00,55.189998626708984,56.13999938964844,55.0,56.029998779296875,54400,52.24124526977539,0.0
NNI,2018-10-30 20:00:00-04:00,56.66999816894531,57.31999969482422,56.16999816894531,56.290000915527344,56300,52.48365783691406,0.0
NNI,2018-10-31 20:00:00-04:00,56.599998474121094,56.720001220703125,55.88999938964844,56.560001373291016,37200,52.73541259765625,0.0
NNI,2018-11-01 20:00:00-04:00,56.79999923706055,57.290000915527344,55.630001068115234,55.84000015258789,45400,52.0640869140625,0.0
NNI,2018-11-04 19:00:00-05:00,55.81999969482422,56.779998779296875,55.52000045776367,55.75,45300,51.98018264770508,0.0
NNI,2018-11-05 19:00:00-05:00,55.720001220703125,56.689998626708984,55.720001220703125,56.459999084472656,13300,52.64216613769531,0.0
NNI,2018-11-06 19:00:00-05:00,56.86000061035156,56.86000061035156,55.47999954223633,56.0099983215332,64600,52.22259521484375,0.0
NNI,2018-11-07 19:00:00-05:00,56.0,56.29999923706055,55.54999923706055,55.88999938964844,81100,52.110721588134766,0.0
NNI,2018-11-08 19:00:00-05:00,52.4900016784668,53.41999816894531,50.119998931884766,51.400001525878906,198500,47.9243278503418,0.0
NNI,2018-11-11 19:00:00-05:00,51.060001373291016,54.11000061035156,50.86000061035156,53.22999954223633,76200,49.630584716796875,0.0
NNI,2018-11-12 19:00:00-05:00,53.22999954223633,54.06999969482422,52.97999954223633,53.849998474121094,55200,50.208648681640625,0.0
NNI,2018-11-13 19:00:00-05:00,53.849998474121094,53.849998474121094,51.84000015258789,52.54999923706055,93800,48.99656295776367,0.0
NNI,2018-11-14 19:00:00-05:00,52.130001068115234,54.09000015258789,51.939998626708984,53.97999954223633,66100,50.32987594604492,0.0
NNI,2018-11-15 19:00:00-05:00,53.70000076293945,53.95000076293945,53.09000015258789,53.56999969482422,58400,49.94758987426758,0.0
NNI,2018-11-18 19:00:00-05:00,53.380001068115234,54.439998626708984,53.290000915527344,53.52000045776367,77200,49.900978088378906,0.0
NNI,2018-11-19 19:00:00-05:00,52.93000030517578,52.93000030517578,51.650001525878906,52.18000030517578,109500,48.651588439941406,0.0
NNI,2018-11-20 19:00:00-05:00,52.060001373291016,54.0099983215332,52.060001373291016,53.41999816894531,49900,49.80772399902344,0.0
NNI,2018-11-22 19:00:00-05:00,52.93000030517578,54.099998474121094,52.93000030517578,53.43000030517578,36500,49.817054748535156,0.0
NNI,2018-11-25 19:00:00-05:00,53.959999084472656,54.380001068115234,53.13999938964844,53.970001220703125,50000,50.3205451965332,0.0
NNI,2018-11-26 19:00:00-05:00,53.66999816894531,54.59000015258789,53.5,53.59000015258789,47100,49.966243743896484,0.0
NNI,2018-11-27 19:00:00-05:00,53.779998779296875,55.119998931884766,53.18000030517578,54.779998779296875,72900,51.075775146484375,0.0
NNI,2018-11-28 19:00:00-05:00,54.33000183105469,55.189998626708984,54.27000045776367,54.75,56200,51.21608352661133,0.18
NNI,2018-11-29 19:00:00-05:00,54.720001220703125,55.15999984741211,54.0,54.45000076293945,82100,50.935462951660156,0.0
NNI,2018-12-02 19:00:00-05:00,55.060001373291016,55.060001373291016,53.970001220703125,54.529998779296875,57400,51.010276794433594,0.0
NNI,2018-12-03 19:00:00-05:00,54.38999938964844,54.459999084472656,52.31999969482422,52.529998779296875,82400,49.139373779296875,0.0
NNI,2018-12-05 19:00:00-05:00,51.79999923706055,52.880001068115234,50.58000183105469,52.630001068115234,130400,49.23292922973633,0.0
NNI,2018-12-06 19:00:00-05:00,52.66999816894531,52.709999084472656,51.4900016784668,52.310001373291016,96100,48.93358612060547,0.0
NNI,2018-12-09 19:00:00-05:00,52.34000015258789,52.34000015258789,50.709999084472656,51.91999816894531,90000,48.568748474121094,0.0
NNI,2018-12-10 19:00:00-05:00,52.599998474121094,52.709999084472656,51.18000030517578,51.33000183105469,70900,48.016841888427734,0.0
NNI,2018-12-11 19:00:00-05:00,51.88999938964844,53.369998931884766,51.52000045776367,52.279998779296875,88200,48.905521392822266,0.0
NNI,2018-12-12 19:00:00-05:00,52.2400016784668,52.779998779296875,51.13999938964844,51.31999969482422,72500,48.00749206542969,0.0
NNI,2018-12-13 19:00:00-05:00,51.119998931884766,51.84000015258789,50.97999954223633,51.08000183105469,73200,47.782981872558594,0.0
NNI,2018-12-16 19:00:00-05:00,50.70000076293945,51.15999984741211,49.7599983215332,50.130001068115234,131900,46.894290924072266,0.0
NNI,2018-12-17 19:00:00-05:00,50.540000915527344,50.939998626708984,49.93000030517578,49.959999084472656,97300,46.73526382446289,0.0
NNI,2018-12-18 19:00:00-05:00,50.0,50.619998931884766,48.70000076293945,49.09000015258789,108200,45.92142868041992,0.0
NNI,2018-12-19 19:00:00-05:00,48.83000183105469,49.619998931884766,48.65999984741211,48.93000030517578,136000,45.771759033203125,0.0
NNI,2018-12-20 19:00:00-05:00,48.93000030517578,49.59000015258789,48.060001373291016,48.209999084472656,196500,45.09822463989258,0.0
NNI,2018-12-23 19:00:00-05:00,48.02000045776367,49.2599983215332,47.59000015258789,48.650001525878906,48500,45.509822845458984,0.0
NNI,2018-12-25 19:00:00-05:00,48.810001373291016,50.900001525878906,48.20000076293945,50.779998779296875,85000,47.50234603881836,0.0
NNI,2018-12-26 19:00:00-05:00,50.11000061035156,51.040000915527344,49.310001373291016,50.45000076293945,96800,47.193634033203125,0.0
NNI,2018-12-27 19:00:00-05:00,50.689998626708984,52.38999938964844,50.40999984741211,52.0,81700,48.64360046386719,0.0
NNI,2018-12-30 19:00:00-05:00,52.38999938964844,52.810001373291016,51.560001373291016,52.34000015258789,99600,48.961639404296875,0.0
NNI,2019-01-01 19:00:00-05:00,51.7400016784668,53.31999969482422,51.72999954223633,53.25,75800,49.81290054321289,0.0
NNI,2019-01-02 19:00:00-05:00,52.95000076293945,53.2400016784668,52.58000183105469,52.619998931884766,53500,49.223575592041016,0.0
NNI,2019-01-03 19:00:00-05:00,53.380001068115234,54.630001068115234,53.0099983215332,54.400001525878906,43700,50.8886833190918,0.0
NNI,2019-01-06 19:00:00-05:00,54.31999969482422,54.439998626708984,53.709999084472656,54.130001068115234,47300,50.63610076904297,0.0
NNI,2019-01-07 19:00:00-05:00,54.68000030517578,54.68000030517578,53.310001373291016,53.869998931884766,81800,50.39289093017578,0.0
NNI,2019-01-08 19:00:00-05:00,54.119998931884766,54.380001068115234,53.650001525878906,53.650001525878906,44200,50.18709182739258,0.0
NNI,2019-01-09 19:00:00-05:00,52.97999954223633,53.59000015258789,52.91999816894531,53.29999923706055,45600,49.859676361083984,0.0
NNI,2019-01-10 19:00:00-05:00,53.060001373291016,53.61000061035156,52.970001220703125,53.31999969482422,48000,49.87839126586914,0.0
NNI,2019-01-13 19:00:00-05:00,52.869998931884766,53.54999923706055,52.560001373291016,52.849998474121094,52200,49.438724517822266,0.0
NNI,2019-01-14 19:00:00-05:00,52.91999816894531,53.560001373291016,52.52000045776367,53.439998626708984,65700,49.99065017700195,0.0
NNI,2019-01-15 19:00:00-05:00,53.38999938964844,53.9900016784668,53.38999938964844,53.79999923706055,40300,50.32740783691406,0.0
NNI,2019-01-16 19:00:00-05:00,53.58000183105469,54.810001373291016,53.25,54.189998626708984,67700,50.692230224609375,0.0
NNI,2019-01-17 19:00:00-05:00,54.439998626708984,55.0,53.66999816894531,54.369998931884766,57400,50.860618591308594,0.0
NNI,2019-01-21 19:00:00-05:00,54.02000045776367,54.75,52.84000015258789,53.310001373291016,79900,49.86903381347656,0.0
NNI,2019-01-22 19:00:00-05:00,53.5,54.279998779296875,53.0,53.099998474121094,23300,49.67258834838867,0.0
NNI,2019-01-23 19:00:00-05:00,53.38999938964844,53.560001373291016,52.68000030517578,53.099998474121094,20900,49.67258834838867,0.0
NNI,2019-01-24 19:00:00-05:00,53.45000076293945,53.45000076293945,52.86000061035156,53.0,30300,49.57905578613281,0.0
NNI,2019-01-27 19:00:00-05:00,52.599998474121094,53.5,52.02000045776367,52.209999084472656,36500,48.84003448486328,0.0
NNI,2019-01-28 19:00:00-05:00,52.25,52.439998626708984,51.70000076293945,51.900001525878906,32400,48.550048828125,0.0
NNI,2019-01-29 19:00:00-05:00,52.2400016784668,52.630001068115234,51.380001068115234,52.599998474121094,48300,49.204864501953125,0.0
NNI,2019-01-30 19:00:00-05:00,52.5,52.7599983215332,52.20000076293945,52.599998474121094,32700,49.204864501953125,0.0
NNI,2019-01-31 19:00:00-05:00,52.560001373291016,53.369998931884766,51.869998931884766,52.0,41500,48.64360046386719,0.0
NNI,2019-02-03 19:00:00-05:00,52.130001068115234,52.9900016784668,51.959999084472656,52.31999969482422,17800,48.942935943603516,0.0
NNI,2019-02-04 19:00:00-05:00,52.47999954223633,52.97999954223633,52.0099983215332,52.22999954223633,22400,48.8587532043457,0.0
NNI,2019-02-05 19:00:00-05:00,52.2400016784668,52.34000015258789,52.0,52.0099983215332,29000,48.652950286865234,0.0
NNI,2019-02-06 19:00:00-05:00,51.779998779296875,52.0,51.189998626708984,51.93000030517578,29500,48.57810974121094,0.0
NNI,2019-02-07 19:00:00-05:00,51.7599983215332,52.20000076293945,51.43000030517578,51.689998626708984,41200,48.35359573364258,0.0
NNI,2019-02-10 19:00:00-05:00,51.7599983215332,52.060001373291016,51.66999816894531,52.029998779296875,22300,48.671653747558594,0.0
NNI,2019-02-11 19:00:00-05:00,52.04999923706055,52.93000030517578,51.970001220703125,52.7400016784668,106100,49.33583068847656,0.0
NNI,2019-02-12 19:00:00-05:00,52.939998626708984,53.25,52.810001373291016,52.90999984741211,38400,49.49485397338867,0.0
NNI,2019-02-13 19:00:00-05:00,53.0,53.119998931884766,52.540000915527344,52.79999923706055,37000,49.39195251464844,0.0
NNI,2019-02-14 19:00:00-05:00,53.099998474121094,53.86000061035156,52.599998474121094,53.31999969482422,58500,49.87839126586914,0.0
NNI,2019-02-18 19:00:00-05:00,53.2599983215332,54.290000915527344,53.13999938964844,54.150001525878906,66500,50.654815673828125,0.0
NNI,2019-02-19 19:00:00-05:00,53.900001525878906,55.0,53.900001525878906,54.72999954223633,43800,51.1973762512207,0.0
NNI,2019-02-20 19:00:00-05:00,54.56999969482422,54.63999938964844,53.79999923706055,54.38999938964844,43400,50.87932586669922,0.0
NNI,2019-02-21 19:00:00-05:00,54.560001373291016,54.63999938964844,53.900001525878906,54.13999938964844,34900,50.64545822143555,0.0
NNI,2019-02-24 19:00:00-05:00,54.45000076293945,54.52000045776367,54.16999816894531,54.310001373291016,45800,50.80448532104492,0.0
NNI,2019-02-25 19:00:00-05:00,54.060001373291016,54.41999816894531,53.95000076293945,54.0,37400,50.514503479003906,0.0
NNI,2019-02-26 19:00:00-05:00,53.810001373291016,53.810001373291016,53.040000915527344,53.2400016784668,36800,49.803558349609375,0.0
NNI,2019-02-27 19:00:00-05:00,53.63999938964844,54.900001525878906,52.560001373291016,54.81999969482422,144000,51.455535888671875,0.18
NNI,2019-02-28 19:00:00-05:00,54.95000076293945,55.77000045776367,54.66999816894531,55.33000183105469,70200,51.93424987792969,0.0
NNI,2019-03-03 19:00:00-05:00,55.18000030517578,55.31999969482422,54.650001525878906,54.66999816894531,38700,51.31474304199219,0.0
NNI,2019-03-04 19:00:00-05:00,54.650001525878906,54.650001525878906,53.599998474121094,53.88999938964844,36900,50.58260726928711,0.0
NNI,2019-03-05 19:00:00-05:00,53.779998779296875,54.66999816894531,53.5,53.869998931884766,102200,50.5638427734375,0.0
NNI,2019-03-06 19:00:00-05:00,53.790000915527344,54.04999923706055,53.220001220703125,53.77000045776367,83200,50.46997833251953,0.0
NNI,2019-03-07 19:00:00-05:00,53.810001373291016,54.04999923706055,53.34000015258789,53.459999084472656,53300,50.17900466918945,0.0
NNI,2019-03-10 20:00:00-04:00,53.68000030517578,54.79999923706055,53.619998931884766,54.290000915527344,84800,50.958065032958984,0.0
NNI,2019-03-11 20:00:00-04:00,54.5099983215332,54.5099983215332,53.68000030517578,54.04999923706055,58000,50.7327995300293,0.0
NNI,2019-03-12 20:00:00-04:00,54.31999969482422,55.290000915527344,54.0,55.040000915527344,70800,51.66203308105469,0.0
NNI,2019-03-13 20:00:00-04:00,55.099998474121094,55.95000076293945,54.81999969482422,55.689998626708984,100300,52.272132873535156,0.0
NNI,2019-03-14 20:00:00-04:00,55.689998626708984,56.060001373291016,55.68000030517578,55.939998626708984,205800,52.50679397583008,0.0
NNI,2019-03-17 20:00:00-04:00,56.08000183105469,56.4900016784668,55.689998626708984,55.970001220703125,89100,52.534950256347656,0.0
NNI,2019-03-18 20:00:00-04:00,56.0,56.0,55.43000030517578,55.61000061035156,92200,52.19705581665039,0.0
NNI,2019-03-19 20:00:00-04:00,55.56999969482422,55.72999954223633,54.72999954223633,55.0,71900,51.62449264526367,0.0
NNI,2019-03-20 20:00:00-04:00,54.720001220703125,55.459999084472656,54.5099983215332,55.11000061035156,66700,51.72774124145508,0.0
NNI,2019-03-21 20:00:00-04:00,54.790000915527344,54.790000915527344,53.900001525878906,53.97999954223633,85100,50.66709518432617,0.0
NNI,2019-03-24 20:00:00-04:00,53.97999954223633,54.58000183105469,53.43000030517578,54.06999969482422,71300,50.75157165527344,0.0
NNI,2019-03-25 20:00:00-04:00,54.47999954223633,54.75,54.13999938964844,54.61000061035156,77100,51.25843048095703,0.0
NNI,2019-03-26 20:00:00-04:00,54.65999984741211,54.849998474121094,54.290000915527344,54.52000045776367,64900,51.1739387512207,0.0
NNI,2019-03-27 20:00:00-04:00,54.4900016784668,55.040000915527344,54.29999923706055,55.0099983215332,71400,51.633872985839844,0.0
NNI,2019-03-28 20:00:00-04:00,55.34000015258789,55.61000061035156,55.0,55.06999969482422,99700,51.69019317626953,0.0
NNI,2019-03-31 20:00:00-04:00,55.459999084472656,56.459999084472656,55.310001373291016,55.84000015258789,78300,52.412940979003906,0.0
NNI,2019-04-01 20:00:00-04:00,55.779998779296875,55.83000183105469,55.16999816894531,55.560001373291016,58400,52.15012741088867,0.0
NNI,2019-04-02 20:00:00-04:00,55.88999938964844,56.130001068115234,55.70000076293945,55.7599983215332,41900,52.33784484863281,0.0
NNI,2019-04-03 20:00:00-04:00,55.86000061035156,56.220001220703125,55.529998779296875,56.119998931884766,54300,52.67574691772461,0.0
NNI,2019-04-04 20:00:00-04:00,56.31999969482422,56.720001220703125,56.31999969482422,56.63999938964844,78400,53.16383743286133,0.0
NNI,2019-04-07 20:00:00-04:00,56.619998931884766,57.06999969482422,56.279998779296875,57.02000045776367,45700,53.52051544189453,0.0
NNI,2019-04-08 20:00:00-04:00,56.90999984741211,57.02000045776367,56.61000061035156,56.619998931884766,45900,53.145057678222656,0.0
NNI,2019-04-09 20:00:00-04:00,56.77000045776367,57.34000015258789,56.630001068115234,57.2599983215332,43300,53.74578094482422,0.0
NNI,2019-04-10 20:00:00-04:00,57.31999969482422,58.0,57.25,57.7599983215332,59400,54.2150993347168,0.0
NNI,2019-04-11 20:00:00-04:00,58.119998931884766,58.459999084472656,57.83000183105469,58.25,37700,54.67502212524414,0.0
NNI,2019-04-14 20:00:00-04:00,58.150001525878906,58.189998626708984,57.52000045776367,57.84000015258789,58900,54.290191650390625,0.0
NNI,2019-04-15 20:00:00-04:00,58.060001373291016,58.15999984741211,57.689998626708984,57.95000076293945,45200,54.393455505371094,0.0
NNI,2019-04-16 20:00:00-04:00,57.93000030517578,58.47999954223633,57.880001068115234,58.25,43900,54.67502212524414,0.0
NNI,2019-04-17 20:00:00-04:00,58.13999938964844,58.5099983215332,57.90999984741211,58.22999954223633,40800,54.65625762939453,0.0
NNI,2019-04-21 20:00:00-04:00,58.0,58.209999084472656,57.43000030517578,57.720001220703125,42400,54.17756271362305,0.0
NNI,2019-04-22 20:00:00-04:00,57.7400016784668,58.43000030517578,57.29999923706055,58.119998931884766,45700,54.553001403808594,0.0
NNI,2019-04-23 20:00:00-04:00,58.34000015258789,58.9900016784668,58.34000015258789,58.54999923706055,78000,54.95661926269531,0.0
NNI,2019-04-24 20:00:00-04:00,58.41999816894531,58.54999923706055,57.810001373291016,58.08000183105469,44100,54.515464782714844,0.0
NNI,2019-04-25 20:00:00-04:00,58.029998779296875,58.709999084472656,58.029998779296875,58.529998779296875,35100,54.93783950805664,0.0
NNI,2019-04-28 20:00:00-04:00,58.5,58.709999084472656,58.41999816894531,58.439998626708984,31600,54.853363037109375,0.0
NNI,2019-04-29 20:00:00-04:00,58.43000030517578,58.5099983215332,57.66999816894531,58.04999923706055,53600,54.4873046875,0.0
NNI,2019-04-30 20:00:00-04:00,58.150001525878906,58.38999938964844,57.56999969482422,57.56999969482422,75700,54.036766052246094,0.0
NNI,2019-05-01 20:00:00-04:00,57.709999084472656,57.86000061035156,57.06999969482422,57.36000061035156,67500,53.83964157104492,0.0
NNI,2019-05-02 20:00:00-04:00,57.599998474121094,58.310001373291016,57.380001068115234,58.220001220703125,47200,54.64686965942383,0.0
NNI,2019-05-05 20:00:00-04:00,57.56999969482422,58.540000915527344,57.56999969482422,58.220001220703125,37900,54.64686965942383,0.0
NNI,2019-05-06 20:00:00-04:00,57.65999984741211,58.45000076293945,57.65999984741211,57.939998626708984,60800,54.384056091308594,0.0
NNI,2019-05-07 20:00:00-04:00,58.06999969482422,58.34000015258789,57.27000045776367,57.41999816894531,68500,53.895965576171875,0.0
NNI,2019-05-08 20:00:00-04:00,59.119998931884766,63.15999984741211,58.630001068115234,63.09000015258789,162300,59.21798324584961,0.0
NNI,2019-05-09 20:00:00-04:00,63.209999084472656,63.970001220703125,62.83000183105469,63.09000015258789,87600,59.21798324584961,0.0
NNI,2019-05-12 20:00:00-04:00,62.16999816894531,62.439998626708984,61.22999954223633,61.439998626708984,54400,57.669246673583984,0.0
NNI,2019-05-13 20:00:00-04:00,61.310001373291016,62.11000061035156,61.06999969482422,61.540000915527344,75600,57.763118743896484,0.0
NNI,2019-05-14 20:00:00-04:00,61.060001373291016,61.58000183105469,60.599998474121094,60.81999969482422,51800,57.087310791015625,0.0
NNI,2019-05-15 20:00:00-04:00,60.939998626708984,61.7400016784668,60.5099983215332,60.970001220703125,114400,57.228092193603516,0.0
NNI,2019-05-16 20:00:00-04:00,60.54999923706055,60.720001220703125,59.849998474121094,60.2599983215332,86100,56.56167221069336,0.0
NNI,2019-05-19 20:00:00-04:00,59.97999954223633,60.380001068115234,59.630001068115234,59.810001373291016,52700,56.13928985595703,0.0
NNI,2019-05-20 20:00:00-04:00,59.77000045776367,60.29999923706055,59.56999969482422,59.91999816894531,173100,56.242530822753906,0.0
NNI,2019-05-21 20:00:00-04:00,59.709999084472656,59.939998626708984,59.310001373291016,59.7599983215332,67500,56.09235763549805,0.0
NNI,2019-05-22 20:00:00-04:00,59.31999969482422,60.7599983215332,59.18000030517578,60.599998474121094,81700,56.88079833984375,0.0
NNI,2019-05-23 20:00:00-04:00,60.939998626708984,61.439998626708984,60.279998779296875,60.65999984741211,34800,56.93711853027344,0.0
NNI,2019-05-27 20:00:00-04:00,60.72999954223633,61.029998779296875,59.529998779296875,59.58000183105469,61500,55.92339324951172,0.0
NNI,2019-05-28 20:00:00-04:00,59.34000015258789,59.81999969482422,59.20000076293945,59.619998931884766,68100,55.9609489440918,0.0
NNI,2019-05-29 20:00:00-04:00,59.59000015258789,60.040000915527344,59.0,59.290000915527344,45600,55.81972885131836,0.18
NNI,2019-05-30 20:00:00-04:00,58.790000915527344,59.439998626708984,57.86000061035156,59.25,112400,55.78205871582031,0.0
NNI,2019-06-02 20:00:00-04:00,59.20000076293945,59.66999816894531,58.849998474121094,59.209999084472656,59400,55.74440383911133,0.0
NNI,2019-06-03 20:00:00-04:00,59.7599983215332,59.7599983215332,59.060001373291016,59.529998779296875,46100,56.045677185058594,0.0
NNI,2019-06-04 20:00:00-04:00,59.40999984741211,59.619998931884766,58.93000030517578,59.349998474121094,38900,55.876216888427734,0.0
NNI,2019-06-05 20:00:00-04:00,59.04999923706055,59.310001373291016,58.849998474121094,59.189998626708984,38700,55.72557067871094,0.0
NNI,2019-06-06 20:00:00-04:00,59.41999816894531,59.41999816894531,58.880001068115234,59.150001525878906,42100,55.68792724609375,0.0
NNI,2019-06-09 20:00:00-04:00,59.2400016784668,59.2400016784668,58.75,59.130001068115234,79400,55.669090270996094,0.0
NNI,2019-06-10 20:00:00-04:00,59.459999084472656,59.59000015258789,58.900001525878906,59.13999938964844,49600,55.678504943847656,0.0
NNI,2019-06-11 20:00:00-04:00,59.060001373291016,59.43000030517578,58.63999938964844,59.0,59400,55.54670333862305,0.0
NNI,2019-06-12 20:00:00-04:00,59.119998931884766,59.36000061035156,58.59000015258789,59.189998626708984,57900,55.72557067871094,0.0
NNI,2019-06-13 20:00:00-04:00,59.0099983215332,59.099998474121094,58.540000915527344,58.66999816894531,52600,55.23601150512695,0.0
NNI,2019-06-16 20:00:00-04:00,58.7400016784668,59.0,58.43000030517578,58.459999084472656,83400,55.03831481933594,0.0
NNI,2019-06-17 20:00:00-04:00,58.75,59.40999984741211,58.060001373291016,58.970001220703125,63600,55.518455505371094,0.0
NNI,2019-06-18 20:00:00-04:00,58.93000030517578,59.029998779296875,58.34000015258789,58.849998474121094,75000,55.40547180175781,0.0
NNI,2019-06-19 20:00:00-04:00,59.18000030517578,59.369998931884766,58.560001373291016,59.09000015258789,60400,55.63142395019531,0.0
NNI,2019-06-20 20:00:00-04:00,58.790000915527344,58.790000915527344,57.970001220703125,57.9900016784668,164900,54.5958137512207,0.0
NNI,2019-06-23 20:00:00-04:00,58.11000061035156,58.470001220703125,57.29999923706055,57.970001220703125,86100,54.576988220214844,0.0
NNI,2019-06-24 20:00:00-04:00,57.93000030517578,58.11000061035156,57.470001220703125,57.790000915527344,77800,54.40751266479492,0.0
NNI,2019-06-25 20:00:00-04:00,57.93000030517578,58.040000915527344,57.189998626708984,57.22999954223633,53000,53.88029861450195,0.0
NNI,2019-06-26 20:00:00-04:00,57.119998931884766,58.369998931884766,57.06999969482422,58.369998931884766,64500,54.95357131958008,0.0
NNI,2019-06-27 20:00:00-04:00,58.43000030517578,59.220001220703125,58.43000030517578,59.220001220703125,162800,55.75382614135742,0.0
NNI,2019-06-30 20:00:00-04:00,59.4900016784668,59.88999938964844,58.66999816894531,59.060001373291016,53100,55.603187561035156,0.0
NNI,2019-07-01 20:00:00-04:00,59.209999084472656,59.29999923706055,58.7599983215332,59.29999923706055,60800,55.829139709472656,0.0
NNI,2019-07-02 20:00:00-04:00,59.5,60.25,59.099998474121094,60.02000045776367,34700,56.506996154785156,0.0
NNI,2019-07-04 20:00:00-04:00,59.84000015258789,61.099998474121094,59.81999969482422,60.95000076293945,44400,57.382568359375,0.0
NNI,2019-07-07 20:00:00-04:00,60.77000045776367,61.20000076293945,60.08000183105469,60.09000015258789,53400,56.572898864746094,0.0
NNI,2019-07-08 20:00:00-04:00,59.79999923706055,60.0,59.0099983215332,59.54999923706055,49600,56.064510345458984,0.0
NNI,2019-07-09 20:00:00-04:00,59.66999816894531,60.119998931884766,58.7400016784668,59.0,42800,55.54670333862305,0.0
NNI,2019-07-10 20:00:00-04:00,59.06999969482422,59.380001068115234,58.40999984741211,58.83000183105469,42500,55.386653900146484,0.0
NNI,2019-07-11 20:00:00-04:00,58.880001068115234,59.68000030517578,58.5099983215332,59.349998474121094,65400,55.876216888427734,0.0
NNI,2019-07-14 20:00:00-04:00,59.54999923706055,59.7599983215332,57.88999938964844,58.5,38200,55.07596206665039,0.0
NNI,2019-07-15 20:00:00-04:00,58.439998626708984,59.18000030517578,58.20000076293945,59.040000915527344,36100,55.5843620300293,0.0
NNI,2019-07-16 20:00:00-04:00,58.869998931884766,59.77000045776367,58.2599983215332,59.16999816894531,60200,55.70675277709961,0.0
NNI,2019-07-17 20:00:00-04:00,59.15999984741211,60.4900016784668,59.0,60.38999938964844,47900,56.855342864990234,0.0
NNI,2019-07-18 20:00:00-04:00,60.2599983215332,60.9900016784668,60.08000183105469,60.25,58800,56.72353744506836,0.0
NNI,2019-07-21 20:00:00-04:00,60.40999984741211,60.81999969482422,59.88999938964844,60.11000061035156,60500,56.59172439575195,0.0
NNI,2019-07-22 20:00:00-04:00,60.189998626708984,60.91999816894531,59.83000183105469,60.83000183105469,38700,57.26959991455078,0.0
NNI,2019-07-23 20:00:00-04:00,60.59000015258789,61.97999954223633,60.59000015258789,61.72999954223633,75400,58.116912841796875,0.0
NNI,2019-07-24 20:00:00-04:00,61.72999954223633,62.63999938964844,61.459999084472656,62.36000061035156,81700,58.71003723144531,0.0
NNI,2019-07-25 20:00:00-04:00,62.56999969482422,63.0,62.150001525878906,62.5099983215332,59800,58.851261138916016,0.0
NNI,2019-07-28 20:00:00-04:00,62.38999938964844,62.88999938964844,61.900001525878906,62.119998931884766,46300,58.48408126831055,0.0
NNI,2019-07-29 20:00:00-04:00,61.7400016784668,62.79999923706055,61.4900016784668,62.77000045776367,37400,59.096038818359375,0.0
NNI,2019-07-30 20:00:00-04:00,62.79999923706055,63.4900016784668,62.560001373291016,62.560001373291016,76700,58.89833068847656,0.0
NNI,2019-07-31 20:00:00-04:00,62.59000015258789,64.04000091552734,62.349998474121094,63.599998474121094,71200,59.8774528503418,0.0
NNI,2019-08-01 20:00:00-04:00,63.380001068115234,63.650001525878906,62.400001525878906,62.869998931884766,75500,59.190181732177734,0.0
NNI,2019-08-04 20:00:00-04:00,62.16999816894531,62.59000015258789,60.790000915527344,61.40999984741211,74400,57.815635681152344,0.0
NNI,2019-08-05 20:00:00-04:00,61.400001525878906,62.31999969482422,61.08000183105469,61.88999938964844,49600,58.267547607421875,0.0
NNI,2019-08-06 20:00:00-04:00,61.38999938964844,63.040000915527344,60.779998779296875,62.529998779296875,64600,58.87008285522461,0.0
NNI,2019-08-07 20:00:00-04:00,62.869998931884766,64.5,62.66999816894531,63.59000015258789,82200,59.868038177490234,0.0
NNI,2019-08-08 20:00:00-04:00,64.5,68.51000213623047,63.33000183105469,67.41999816894531,243000,63.4738655090332,0.0
NNI,2019-08-11 20:00:00-04:00,67.05000305175781,67.83000183105469,65.91999816894531,66.58000183105469,62900,62.68303680419922,0.0
NNI,2019-08-12 20:00:00-04:00,66.6500015258789,67.45999908447266,65.83999633789062,66.80000305175781,82000,62.89016342163086,0.0
NNI,2019-08-13 20:00:00-04:00,65.73999786376953,66.37999725341797,64.66999816894531,65.01000213623047,69800,61.20494079589844,0.0
NNI,2019-08-14 20:00:00-04:00,65.2699966430664,65.75,64.47000122070312,65.26000213623047,68800,61.44029235839844,0.0
NNI,2019-08-15 20:00:00-04:00,65.68000030517578,66.9800033569336,65.43000030517578,66.80999755859375,49200,62.899574279785156,0.0
NNI,2019-08-18 20:00:00-04:00,67.0,67.94000244140625,64.47000122070312,67.12999725341797,53900,63.200843811035156,0.0
NNI,2019-08-19 20:00:00-04:00,67.16000366210938,67.3499984741211,66.25,66.26000213623047,31800,62.38178634643555,0.0
NNI,2019-08-20 20:00:00-04:00,66.79000091552734,66.87000274658203,65.83999633789062,66.25,38600,62.37236022949219,0.0
NNI,2019-08-21 20:00:00-04:00,66.44000244140625,68.26000213623047,66.29000091552734,67.23999786376953,86000,63.30440902709961,0.0
NNI,2019-08-22 20:00:00-04:00,66.95999908447266,68.08999633789062,65.69000244140625,65.91000366210938,70900,62.05226516723633,0.0
NNI,2019-08-25 20:00:00-04:00,66.5199966430664,66.7300033569336,66.0199966430664,66.58999633789062,41800,62.692440032958984,0.0
NNI,2019-08-26 20:00:00-04:00,66.69000244140625,67.33999633789062,65.41000366210938,65.61000061035156,64300,61.76981735229492,0.0
NNI,2019-08-27 20:00:00-04:00,65.4800033569336,66.27999877929688,65.0,66.06999969482422,58300,62.2028923034668,0.0
NNI,2019-08-28 20:00:00-04:00,66.51000213623047,67.80000305175781,66.36000061035156,67.11000061035156,58200,63.35462951660156,0.18
NNI,2019-08-29 20:00:00-04:00,67.51000213623047,67.55000305175781,66.75,67.05000305175781,60200,63.29800033569336,0.0
NNI,2019-09-02 20:00:00-04:00,66.55000305175781,66.9800033569336,65.43000030517578,65.9800033569336,84100,62.28785705566406,0.0
NNI,2019-09-03 20:00:00-04:00,66.55000305175781,67.01000213623047,65.01000213623047,65.5999984741211,57500,61.92912673950195,0.0
NNI,2019-09-04 20:00:00-04:00,66.41000366210938,67.41000366210938,65.94000244140625,66.36000061035156,79100,62.6465950012207,0.0
NNI,2019-09-05 20:00:00-04:00,65.93000030517578,66.8499984741211,65.93000030517578,66.0999984741211,50400,62.4011344909668,0.0
NNI,2019-09-08 20:00:00-04:00,66.48999786376953,68.48999786376953,66.06999969482422,67.51000213623047,92600,63.73224639892578,0.0
NNI,2019-09-09 20:00:00-04:00,67.75,69.04000091552734,67.23999786376953,67.79000091552734,80400,63.9965705871582,0.0
NNI,2019-09-10 20:00:00-04:00,68.18000030517578,68.54000091552734,67.2300033569336,67.61000061035156,129700,63.82664108276367,0.0
NNI,2019-09-11 20:00:00-04:00,67.72000122070312,69.5999984741211,67.0999984741211,68.16000366210938,101200,64.34586334228516,0.0
NNI,2019-09-12 20:00:00-04:00,68.66000366210938,69.97000122070312,68.0,68.77999877929688,101900,64.9311752319336,0.0
NNI,2019-09-15 20:00:00-04:00,68.37000274658203,69.27999877929688,68.37000274658203,68.41999816894531,53400,64.59130096435547,0.0
NNI,2019-09-16 20:00:00-04:00,68.3499984741211,69.69999694824219,67.95999908447266,69.16000366210938,91600,65.28992462158203,0.0
NNI,2019-09-17 20:00:00-04:00,68.80999755859375,69.73999786376953,68.45999908447266,68.66999816894531,210100,64.82733154296875,0.0
NNI,2019-09-18 20:00:00-04:00,68.5,69.81999969482422,68.06999969482422,68.06999969482422,245600,64.26089477539062,0.0
NNI,2019-09-19 20:00:00-04:00,68.0,69.05999755859375,67.41999816894531,67.5,238400,63.722801208496094,0.0
NNI,2019-09-22 20:00:00-04:00,67.01000213623047,68.08999633789062,66.08000183105469,66.11000061035156,130100,62.410579681396484,0.0
NNI,2019-09-23 20:00:00-04:00,66.31999969482422,67.19999694824219,65.9000015258789,65.94000244140625,180800,62.25009536743164,0.0
NNI,2019-09-24 20:00:00-04:00,65.86000061035156,66.41999816894531,65.81999969482422,65.91000366210938,55000,62.22177505493164,0.0
NNI,2019-09-25 20:00:00-04:00,65.87999725341797,66.37000274658203,64.27999877929688,64.69000244140625,85100,61.070037841796875,0.0
NNI,2019-09-26 20:00:00-04:00,64.66000366210938,64.66000366210938,63.4900016784668,63.72999954223633,80700,60.163753509521484,0.0
NNI,2019-09-29 20:00:00-04:00,63.95000076293945,63.9900016784668,63.310001373291016,63.599998474121094,68400,60.0410270690918,0.0
NNI,2019-09-30 20:00:00-04:00,63.689998626708984,63.90999984741211,62.47999954223633,62.599998474121094,80100,59.096988677978516,0.0
NNI,2019-10-01 20:00:00-04:00,62.099998474121094,62.31999969482422,60.56999969482422,61.2599983215332,98900,57.83197784423828,0.0
NNI,2019-10-02 20:00:00-04:00,61.150001525878906,61.66999816894531,60.369998931884766,61.33000183105469,66900,57.898067474365234,0.0
NNI,2019-10-03 20:00:00-04:00,61.470001220703125,62.220001220703125,61.0099983215332,61.61000061035156,48800,58.16238784790039,0.0
NNI,2019-10-06 20:00:00-04:00,61.439998626708984,61.56999969482422,60.66999816894531,60.720001220703125,141500,57.32219696044922,0.0
NNI,2019-10-07 20:00:00-04:00,60.220001220703125,60.220001220703125,59.380001068115234,59.40999984741211,49600,56.08549499511719,0.0
NNI,2019-10-08 20:00:00-04:00,59.90999984741211,60.31999969482422,59.56999969482422,59.93000030517578,44600,56.5764045715332,0.0
NNI,2019-10-09 20:00:00-04:00,59.869998931884766,60.290000915527344,59.77000045776367,60.029998779296875,47900,56.67081069946289,0.0
NNI,2019-10-10 20:00:00-04:00,60.86000061035156,61.720001220703125,60.61000061035156,60.65999984741211,76000,57.26555633544922,0.0
NNI,2019-10-13 20:00:00-04:00,60.540000915527344,60.540000915527344,59.77000045776367,60.220001220703125,41300,56.850189208984375,0.0
NNI,2019-10-14 20:00:00-04:00,60.220001220703125,61.27000045776367,60.119998931884766,61.0,70700,57.586524963378906,0.0
NNI,2019-10-15 20:00:00-04:00,60.93000030517578,61.38999938964844,60.22999954223633,60.41999816894531,53500,57.03898620605469,0.0
NNI,2019-10-16 20:00:00-04:00,60.689998626708984,61.41999816894531,60.22999954223633,61.0,57200,57.586524963378906,0.0
NNI,2019-10-17 20:00:00-04:00,60.63999938964844,61.0099983215332,59.720001220703125,60.34000015258789,47500,56.96345901489258,0.0
NNI,2019-10-20 20:00:00-04:00,60.70000076293945,61.33000183105469,60.58000183105469,61.130001068115234,32600,57.70925521850586,0.0
NNI,2019-10-21 20:00:00-04:00,61.220001220703125,61.27000045776367,60.630001068115234,60.7400016784668,40100,57.34107208251953,0.0
NNI,2019-10-22 20:00:00-04:00,60.90999984741211,61.209999084472656,60.189998626708984,60.91999816894531,38100,57.51100158691406,0.0
NNI,2019-10-23 20:00:00-04:00,61.16999816894531,61.16999816894531,60.11000061035156,60.209999084472656,29600,56.84073257446289,0.0
NNI,2019-10-24 20:00:00-04:00,60.25,60.93000030517578,60.15999984741211,60.7400016784668,26700,57.34107208251953,0.0
NNI,2019-10-27 20:00:00-04:00,60.93000030517578,61.900001525878906,60.93000030517578,61.470001220703125,41200,58.03023147583008,0.0
NNI,2019-10-28 20:00:00-04:00,61.209999084472656,62.439998626708984,61.209999084472656,62.150001525878906,35000,58.67217254638672,0.0
NNI,2019-10-29 20:00:00-04:00,62.2599983215332,62.2599983215332,61.27000045776367,61.810001373291016,37300,58.3512077331543,0.0
NNI,2019-10-30 20:00:00-04:00,61.849998474121094,61.849998474121094,60.61000061035156,61.27000045776367,35200,57.8414192199707,0.0
NNI,2019-10-31 20:00:00-04:00,61.66999816894531,62.529998779296875,61.66999816894531,62.22999954223633,39500,58.74770736694336,0.0
NNI,2019-11-03 19:00:00-05:00,62.779998779296875,62.79999923706055,61.959999084472656,62.06999969482422,28000,58.59664535522461,0.0
NNI,2019-11-04 19:00:00-05:00,62.349998474121094,63.0,61.61000061035156,62.349998474121094,82700,58.86098098754883,0.0
NNI,2019-11-05 19:00:00-05:00,62.060001373291016,63.59000015258789,61.709999084472656,63.41999816894531,40300,59.8711051940918,0.0
NNI,2019-11-06 19:00:00-05:00,63.84000015258789,64.19000244140625,63.130001068115234,63.220001220703125,52300,59.68230056762695,0.0
NNI,2019-11-07 19:00:00-05:00,60.709999084472656,61.95000076293945,59.75,61.470001220703125,133000,58.03023147583008,0.0
NNI,2019-11-10 19:00:00-05:00,61.0099983215332,61.970001220703125,60.70000076293945,61.66999816894531,81700,58.21903610229492,0.0
NNI,2019-11-11 19:00:00-05:00,61.689998626708984,62.290000915527344,61.38999938964844,62.20000076293945,91400,58.71937561035156,0.0
NNI,2019-11-12 19:00:00-05:00,61.720001220703125,62.45000076293945,61.189998626708984,62.349998474121094,102000,58.86098098754883,0.0
NNI,2019-11-13 19:00:00-05:00,62.209999084472656,63.650001525878906,61.7400016784668,63.25,181100,59.710628509521484,0.0
NNI,2019-11-14 19:00:00-05:00,63.63999938964844,63.63999938964844,62.939998626708984,63.18000030517578,50400,59.64453887939453,0.0
NNI,2019-11-17 19:00:00-05:00,62.95000076293945,63.11000061035156,62.0099983215332,62.119998931884766,28900,58.64384460449219,0.0
NNI,2019-11-18 19:00:00-05:00,62.060001373291016,62.130001068115234,60.66999816894531,60.75,43100,57.35051345825195,0.0
NNI,2019-11-19 19:00:00-05:00,60.59000015258789,61.7400016784668,60.59000015258789,61.29999923706055,110400,57.8697395324707,0.0
NNI,2019-11-20 19:00:00-05:00,61.4900016784668,62.119998931884766,61.0,61.529998779296875,68700,58.08686828613281,0.0
NNI,2019-11-21 19:00:00-05:00,61.560001373291016,62.040000915527344,61.0,61.790000915527344,85100,58.33231735229492,0.0
NNI,2019-11-24 19:00:00-05:00,61.779998779296875,62.529998779296875,61.5099983215332,61.54999923706055,102800,58.105743408203125,0.0
NNI,2019-11-25 19:00:00-05:00,61.5,62.560001373291016,61.5,62.2599983215332,106000,58.77602005004883,0.0
NNI,2019-11-26 19:00:00-05:00,62.290000915527344,62.59000015258789,61.97999954223633,62.22999954223633,61700,58.93703079223633,0.2
NNI,2019-11-28 19:00:00-05:00,62.029998779296875,63.130001068115234,61.689998626708984,63.0,26200,59.66627883911133,0.0
NNI,2019-12-01 19:00:00-05:00,62.970001220703125,63.0,61.849998474121094,62.25,56200,58.95596694946289,0.0
NNI,2019-12-02 19:00:00-05:00,61.59000015258789,61.86000061035156,59.709999084472656,60.0,77200,56.82502746582031,0.0
NNI,2019-12-03 19:00:00-05:00,60.2400016784668,61.16999816894531,60.2400016784668,60.599998474121094,61400,57.393272399902344,0.0
NNI,2019-12-04 19:00:00-05:00,60.75,61.220001220703125,60.2599983215332,61.189998626708984,47100,57.95205307006836,0.0
NNI,2019-12-05 19:00:00-05:00,61.70000076293945,61.880001068115234,61.33000183105469,61.52000045776367,57100,58.26459503173828,0.0
NNI,2019-12-08 19:00:00-05:00,61.349998474121094,61.970001220703125,61.029998779296875,61.08000183105469,65800,57.84788131713867,0.0
NNI,2019-12-09 19:00:00-05:00,60.970001220703125,61.66999816894531,60.93000030517578,61.310001373291016,68400,58.06571578979492,0.0
NNI,2019-12-10 19:00:00-05:00,61.43000030517578,61.95000076293945,60.88999938964844,61.81999969482422,61500,58.54871368408203,0.0
NNI,2019-12-11 19:00:00-05:00,61.93000030517578,62.97999954223633,61.52000045776367,62.25,169900,58.95596694946289,0.0
NNI,2019-12-12 19:00:00-05:00,62.11000061035156,62.560001373291016,61.5,61.779998779296875,64400,58.51082992553711,0.0
NNI,2019-12-15 19:00:00-05:00,62.2599983215332,62.95000076293945,61.95000076293945,62.58000183105469,177400,59.26850509643555,0.0
NNI,2019-12-16 19:00:00-05:00,62.599998474121094,63.27000045776367,62.310001373291016,63.040000915527344,119600,59.704158782958984,0.0
NNI,2019-12-17 19:00:00-05:00,63.099998474121094,63.4900016784668,60.86000061035156,61.93000030517578,208900,58.652896881103516,0.0
NNI,2019-12-18 19:00:00-05:00,61.93000030517578,62.15999984741211,60.31999969482422,60.4900016784668,89200,57.28909683227539,0.0
NNI,2019-12-19 19:00:00-05:00,60.65999984741211,60.709999084472656,59.380001068115234,59.4900016784668,301400,56.34200668334961,0.0
NNI,2019-12-22 19:00:00-05:00,59.63999938964844,59.849998474121094,58.9900016784668,59.18000030517578,88300,56.04841995239258,0.0
NNI,2019-12-23 19:00:00-05:00,59.29999923706055,59.5,59.0,59.380001068115234,32600,56.23783874511719,0.0
NNI,2019-12-25 19:00:00-05:00,59.439998626708984,59.5,58.400001525878906,58.61000061035156,109500,55.50859069824219,0.0
NNI,2019-12-26 19:00:00-05:00,58.720001220703125,59.22999954223633,57.95000076293945,58.540000915527344,318400,55.44229507446289,0.0
NNI,2019-12-29 19:00:00-05:00,58.52000045776367,58.709999084472656,57.91999816894531,57.9900016784668,98200,54.92139434814453,0.0
NNI,2019-12-30 19:00:00-05:00,57.84000015258789,58.36000061035156,57.7599983215332,58.2400016784668,66200,55.15816116333008,0.0
NNI,2020-01-01 19:00:00-05:00,58.5,58.689998626708984,57.939998626708984,58.630001068115234,117600,55.527523040771484,0.0
NNI,2020-01-02 19:00:00-05:00,58.040000915527344,58.34000015258789,57.47999954223633,57.90999984741211,82600,54.84562301635742,0.0
NNI,2020-01-05 19:00:00-05:00,57.279998779296875,58.459999084472656,57.0,58.02000045776367,113400,54.949798583984375,0.0
NNI,2020-01-06 19:00:00-05:00,57.709999084472656,58.849998474121094,57.61000061035156,58.38999938964844,84300,55.30022048950195,0.0
NNI,2020-01-07 19:00:00-05:00,58.2599983215332,60.209999084472656,58.2599983215332,60.04999923706055,145500,56.87239456176758,0.0
NNI,2020-01-08 19:00:00-05:00,60.18000030517578,60.380001068115234,59.38999938964844,59.459999084472656,70200,56.313594818115234,0.0
NNI,2020-01-09 19:00:00-05:00,59.380001068115234,59.380001068115234,58.4900016784668,58.779998779296875,89400,55.66958999633789,0.0
NNI,2020-01-12 19:00:00-05:00,58.77000045776367,59.68000030517578,58.709999084472656,59.5,92900,56.35148239135742,0.0
NNI,2020-01-13 19:00:00-05:00,59.369998931884766,60.150001525878906,59.060001373291016,59.810001373291016,54300,56.645084381103516,0.0
NNI,2020-01-14 19:00:00-05:00,59.4900016784668,60.040000915527344,59.2400016784668,59.65999984741211,79700,56.50301742553711,0.0
NNI,2020-01-15 19:00:00-05:00,60.029998779296875,60.7400016784668,59.939998626708984,60.58000183105469,137200,57.374332427978516,0.0
NNI,2020-01-16 19:00:00-05:00,60.90999984741211,61.02000045776367,60.27000045776367,60.310001373291016,53400,57.118621826171875,0.0
NNI,2020-01-20 19:00:00-05:00,60.040000915527344,60.54999923706055,59.310001373291016,59.400001525878906,42300,56.256778717041016,0.0
NNI,2020-01-21 19:00:00-05:00,59.7599983215332,60.45000076293945,59.7599983215332,60.209999084472656,72300,57.02390670776367,0.0
NNI,2020-01-22 19:00:00-05:00,60.25,60.58000183105469,59.79999923706055,60.36000061035156,127900,57.16598129272461,0.0
NNI,2020-01-23 19:00:00-05:00,60.310001373291016,61.040000915527344,59.369998931884766,59.880001068115234,49100,56.71137619018555,0.0
NNI,2020-01-26 19:00:00-05:00,59.09000015258789,59.33000183105469,58.59000015258789,58.869998931884766,57100,55.75481414794922,0.0
NNI,2020-01-27 19:00:00-05:00,59.25,59.56999969482422,58.54999923706055,58.59000015258789,32100,55.4896354675293,0.0
NNI,2020-01-28 19:00:00-05:00,58.81999969482422,59.0,58.16999816894531,58.369998931884766,41400,55.281280517578125,0.0
NNI,2020-01-29 19:00:00-05:00,58.0099983215332,58.40999984741211,57.59000015258789,58.13999938964844,77800,55.063453674316406,0.0
NNI,2020-01-30 19:00:00-05:00,57.93000030517578,58.130001068115234,56.81999969482422,57.2599983215332,123800,54.230010986328125,0.0
NNI,2020-02-02 19:00:00-05:00,57.529998779296875,58.0,56.70000076293945,57.09000015258789,103700,54.06901550292969,0.0
NNI,2020-02-03 19:00:00-05:00,57.439998626708984,58.279998779296875,57.349998474121094,57.65999984741211,100500,54.60885238647461,0.0
NNI,2020-02-04 19:00:00-05:00,58.189998626708984,58.369998931884766,57.59000015258789,57.84000015258789,115700,54.779327392578125,0.0
NNI,2020-02-05 19:00:00-05:00,58.0,58.75,58.0,58.119998931884766,58700,55.04450607299805,0.0
NNI,2020-02-06 19:00:00-05:00,57.91999816894531,58.380001068115234,57.849998474121094,58.099998474121094,44500,55.02556228637695,0.0
NNI,2020-02-09 19:00:00-05:00,57.869998931884766,58.400001525878906,57.650001525878906,58.099998474121094,51900,55.02556228637695,0.0
NNI,2020-02-10 19:00:00-05:00,58.349998474121094,59.439998626708984,58.349998474121094,58.5099983215332,43600,55.41387176513672,0.0
NNI,2020-02-11 19:00:00-05:00,58.880001068115234,58.900001525878906,58.31999969482422,58.380001068115234,37000,55.29075241088867,0.0
NNI,2020-02-12 19:00:00-05:00,58.209999084472656,58.779998779296875,58.209999084472656,58.54999923706055,49000,55.45175552368164,0.0
NNI,2020-02-13 19:00:00-05:00,58.47999954223633,58.970001220703125,58.04999923706055,58.83000183105469,49600,55.71693801879883,0.0
NNI,2020-02-17 19:00:00-05:00,58.70000076293945,58.869998931884766,58.0,58.400001525878906,34700,55.309688568115234,0.0
NNI,2020-02-18 19:00:00-05:00,58.619998931884766,58.970001220703125,58.25,58.77000045776367,59800,55.660118103027344,0.0
NNI,2020-02-19 19:00:00-05:00,58.5099983215332,58.880001068115234,57.72999954223633,58.790000915527344,53400,55.679054260253906,0.0
NNI,2020-02-20 19:00:00-05:00,58.93000030517578,58.93000030517578,58.13999938964844,58.34000015258789,38200,55.252872467041016,0.0
NNI,2020-02-23 19:00:00-05:00,56.7400016784668,57.189998626708984,56.619998931884766,57.0,48900,53.98377227783203,0.0
NNI,2020-02-24 19:00:00-05:00,57.099998474121094,57.099998474121094,55.58000183105469,56.150001525878906,78200,53.17875671386719,0.0
NNI,2020-02-25 19:00:00-05:00,56.4900016784668,56.9900016784668,55.59000015258789,56.16999816894531,70000,53.197689056396484,0.0
NNI,2020-02-26 19:00:00-05:00,55.25,56.65999984741211,54.560001373291016,54.93000030517578,166700,52.20921325683594,0.2
NNI,2020-02-27 19:00:00-05:00,54.43000030517578,55.439998626708984,50.58000183105469,53.099998474121094,180700,50.4698486328125,0.0
NNI,2020-03-01 19:00:00-05:00,52.880001068115234,52.900001525878906,50.970001220703125,52.369998931884766,128300,49.7760124206543,0.0
NNI,2020-03-02 19:00:00-05:00,52.18000030517578,52.470001220703125,50.099998474121094,50.5099983215332,123700,48.00813293457031,0.0
NNI,2020-03-03 19:00:00-05:00,50.84000015258789,53.83000183105469,50.400001525878906,53.63999938964844,102700,50.98310089111328,0.0
NNI,2020-03-04 19:00:00-05:00,52.75,52.810001373291016,50.9900016784668,51.369998931884766,116900,48.82554244995117,0.0
NNI,2020-03-05 19:00:00-05:00,50.130001068115234,50.9900016784668,49.08000183105469,50.0,117700,47.52340316772461,0.0
NNI,2020-03-08 20:00:00-04:00,48.0,52.54999923706055,47.459999084472656,47.689998626708984,162500,45.32782745361328,0.0
NNI,2020-03-09 20:00:00-04:00,48.689998626708984,50.38999938964844,47.52000045776367,50.33000183105469,97700,47.837059020996094,0.0
NNI,2020-03-10 20:00:00-04:00,49.09000015258789,49.400001525878906,47.09000015258789,47.84000015258789,88000,45.47039031982422,0.0
NNI,2020-03-11 20:00:00-04:00,44.9900016784668,47.599998474121094,43.88999938964844,44.15999984741211,150900,41.972660064697266,0.0
NNI,2020-03-12 20:00:00-04:00,46.150001525878906,47.880001068115234,43.7400016784668,47.880001068115234,142200,45.50840759277344,0.0
NNI,2020-03-15 20:00:00-04:00,43.0,45.150001525878906,43.0,43.599998474121094,140700,41.44040298461914,0.0
NNI,2020-03-16 20:00:00-04:00,44.380001068115234,47.0099983215332,43.279998779296875,47.0099983215332,120500,44.68149948120117,0.0
NNI,2020-03-17 20:00:00-04:00,44.209999084472656,44.439998626708984,40.150001525878906,42.2400016784668,143200,40.147769927978516,0.0
NNI,2020-03-18 20:00:00-04:00,41.959999084472656,44.13999938964844,40.099998474121094,43.029998779296875,196100,40.89863967895508,0.0
NNI,2020-03-19 20:00:00-04:00,43.189998626708984,43.66999816894531,38.65999984741211,38.65999984741211,228500,36.745094299316406,0.0
NNI,2020-03-22 20:00:00-04:00,38.61000061035156,39.0,36.70000076293945,38.439998626708984,98400,36.535987854003906,0.0
NNI,2020-03-23 20:00:00-04:00,39.400001525878906,40.130001068115234,37.68000030517578,39.099998474121094,153400,37.16330337524414,0.0
NNI,2020-03-24 20:00:00-04:00,38.7400016784668,41.880001068115234,38.220001220703125,40.04999923706055,169500,38.066246032714844,0.0
NNI,2020-03-25 20:00:00-04:00,40.16999816894531,45.40999984741211,39.599998474121094,44.06999969482422,138400,41.88711929321289,0.0
NNI,2020-03-26 20:00:00-04:00,42.41999816894531,43.66999816894531,40.70000076293945,42.369998931884766,86400,40.271331787109375,0.0
NNI,2020-03-29 20:00:00-04:00,42.81999969482422,44.65999984741211,41.150001525878906,44.5099983215332,106800,42.30533218383789,0.0
NNI,2020-03-30 20:00:00-04:00,44.20000076293945,45.630001068115234,43.58000183105469,45.40999984741211,128100,43.16075897216797,0.0
NNI,2020-03-31 20:00:00-04:00,43.58000183105469,44.369998931884766,42.70000076293945,43.63999938964844,126900,41.478424072265625,0.0
NNI,2020-04-01 20:00:00-04:00,42.75,45.84000015258789,42.75,45.66999816894531,120300,43.407867431640625,0.0
NNI,2020-04-02 20:00:00-04:00,41.65999984741211,42.0,39.0099983215332,40.15999984741211,262700,38.17079544067383,0.0
NNI,2020-04-05 20:00:00-04:00,41.38999938964844,44.56999969482422,41.38999938964844,44.310001373291016,151500,42.11524200439453,0.0
NNI,2020-04-06 20:00:00-04:00,45.86000061035156,48.119998931884766,43.34000015258789,44.41999816894531,221100,42.21979522705078,0.0
NNI,2020-04-07 20:00:00-04:00,45.15999984741211,46.02000045776367,44.15999984741211,45.31999969482422,125800,43.0752067565918,0.0
NNI,2020-04-08 20:00:00-04:00,46.2400016784668,48.029998779296875,45.779998779296875,46.970001220703125,133300,44.64348602294922,0.0
NNI,2020-04-12 20:00:00-04:00,46.439998626708984,46.95000076293945,45.0,45.900001525878906,89400,43.62648010253906,0.0
NNI,2020-04-13 20:00:00-04:00,46.40999984741211,46.5,44.22999954223633,45.29999923706055,99200,43.05620574951172,0.0
NNI,2020-04-14 20:00:00-04:00,43.72999954223633,44.36000061035156,42.58000183105469,42.959999084472656,136000,40.83210372924805,0.0
NNI,2020-04-15 20:00:00-04:00,42.900001525878906,43.11000061035156,40.77000045776367,42.220001220703125,123300,40.12876892089844,0.0
NNI,2020-04-16 20:00:00-04:00,43.380001068115234,44.68000030517578,43.25,43.7599983215332,115200,41.59247970581055,0.0
NNI,2020-04-19 20:00:00-04:00,42.81999969482422,44.279998779296875,42.41999816894531,42.90999984741211,116200,40.78458023071289,0.0
NNI,2020-04-20 20:00:00-04:00,41.79999923706055,43.38999938964844,41.400001525878906,42.349998474121094,106500,40.25231170654297,0.0
NNI,2020-04-21 20:00:00-04:00,43.5,43.790000915527344,42.40999984741211,42.849998474121094,88500,40.72755432128906,0.0
NNI,2020-04-22 20:00:00-04:00,42.7599983215332,44.75,42.7599983215332,43.7599983215332,105100,41.59247970581055,0.0
NNI,2020-04-23 20:00:00-04:00,44.11000061035156,45.790000915527344,43.880001068115234,45.52000045776367,114600,43.26530075073242,0.0
NNI,2020-04-26 20:00:00-04:00,45.779998779296875,47.189998626708984,45.779998779296875,46.54999923706055,95100,44.24427795410156,0.0
NNI,2020-04-27 20:00:00-04:00,47.400001525878906,48.58000183105469,46.75,46.880001068115234,95200,44.55794143676758,0.0
NNI,2020-04-28 20:00:00-04:00,48.119998931884766,49.88999938964844,48.099998474121094,48.75,132100,46.33531951904297,0.0
NNI,2020-04-29 20:00:00-04:00,47.75,49.02000045776367,47.47999954223633,48.150001525878906,102900,45.76504135131836,0.0
NNI,2020-04-30 20:00:00-04:00,46.88999938964844,47.18000030517578,45.400001525878906,46.790000915527344,103500,44.47239303588867,0.0
NNI,2020-05-03 20:00:00-04:00,45.9900016784668,46.97999954223633,45.560001373291016,46.630001068115234,83400,44.3203239440918,0.0
NNI,2020-05-04 20:00:00-04:00,47.41999816894531,48.16999816894531,46.79999923706055,47.060001373291016,97600,44.729026794433594,0.0
NNI,2020-05-05 20:00:00-04:00,47.15999984741211,47.369998931884766,45.5,45.84000015258789,80500,43.569454193115234,0.0
NNI,2020-05-06 20:00:00-04:00,46.58000183105469,47.41999816894531,46.31999969482422,46.599998474121094,98900,44.291812896728516,0.0
NNI,2020-05-07 20:00:00-04:00,46.4900016784668,48.08000183105469,41.5,45.11000061035156,248200,42.875606536865234,0.0
NNI,2020-05-10 20:00:00-04:00,44.29999923706055,45.86000061035156,43.310001373291016,44.70000076293945,152200,42.48591995239258,0.0
NNI,2020-05-11 20:00:00-04:00,45.34000015258789,45.68000030517578,44.209999084472656,44.56999969482422,169100,42.36235046386719,0.0
NNI,2020-05-12 20:00:00-04:00,44.16999816894531,44.7400016784668,43.220001220703125,44.5,133800,42.295814514160156,0.0
NNI,2020-05-13 20:00:00-04:00,43.56999969482422,44.810001373291016,42.5099983215332,44.650001525878906,116100,42.43840026855469,0.0
NNI,2020-05-14 20:00:00-04:00,44.7599983215332,45.20000076293945,44.25,44.40999984741211,117700,42.210289001464844,0.0
NNI,2020-05-17 20:00:00-04:00,44.869998931884766,47.7400016784668,44.70000076293945,47.52000045776367,122300,45.16624069213867,0.0
NNI,2020-05-18 20:00:00-04:00,46.66999816894531,48.06999969482422,46.47999954223633,46.81999969482422,92100,44.50091552734375,0.0
NNI,2020-05-19 20:00:00-04:00,47.849998474121094,48.79999923706055,47.720001220703125,48.349998474121094,86900,45.95512771606445,0.0
NNI,2020-05-20 20:00:00-04:00,48.15999984741211,48.79999923706055,47.97999954223633,48.25,68400,45.860084533691406,0.0
NNI,2020-05-21 20:00:00-04:00,48.540000915527344,48.91999816894531,47.709999084472656,48.84000015258789,60400,46.42085647583008,0.0
NNI,2020-05-25 20:00:00-04:00,50.130001068115234,50.709999084472656,49.630001068115234,49.90999984741211,59500,47.43785858154297,0.0
NNI,2020-05-26 20:00:00-04:00,51.25,51.70000076293945,50.130001068115234,51.150001525878906,92000,48.61643600463867,0.0
NNI,2020-05-27 20:00:00-04:00,51.90999984741211,52.040000915527344,50.650001525878906,50.75,92600,48.23625946044922,0.0
NNI,2020-05-28 20:00:00-04:00,50.150001525878906,50.369998931884766,48.36000061035156,49.290000915527344,120400,47.0339241027832,0.2
NNI,2020-05-31 20:00:00-04:00,49.20000076293945,50.279998779296875,48.72999954223633,49.310001373291016,89300,47.05301284790039,0.0
NNI,2020-06-01 20:00:00-04:00,49.9900016784668,50.439998626708984,49.310001373291016,49.61000061035156,88700,47.33927917480469,0.0
NNI,2020-06-02 20:00:00-04:00,50.5,51.65999984741211,50.20000076293945,50.95000076293945,96500,48.617942810058594,0.0
NNI,2020-06-03 20:00:00-04:00,50.529998779296875,51.849998474121094,49.900001525878906,51.650001525878906,80900,49.28590774536133,0.0
NNI,2020-06-04 20:00:00-04:00,53.58000183105469,54.34000015258789,52.65999984741211,52.79999923706055,87800,50.383262634277344,0.0
NNI,2020-06-07 20:00:00-04:00,53.459999084472656,53.9900016784668,53.04999923706055,53.68000030517578,88400,51.222984313964844,0.0
NNI,2020-06-08 20:00:00-04:00,52.77000045776367,53.08000183105469,52.0,52.56999969482422,89400,50.163795471191406,0.0
NNI,2020-06-09 20:00:00-04:00,52.400001525878906,52.400001525878906,49.81999969482422,49.869998931884766,121500,47.587371826171875,0.0
NNI,2020-06-10 20:00:00-04:00,47.97999954223633,48.040000915527344,47.060001373291016,47.619998931884766,225300,45.440364837646484,0.0
NNI,2020-06-11 20:00:00-04:00,49.2400016784668,49.2400016784668,46.58000183105469,47.380001068115234,197200,45.21134948730469,0.0
NNI,2020-06-14 20:00:00-04:00,46.189998626708984,49.04999923706055,46.18000030517578,48.689998626708984,118400,46.461387634277344,0.0
NNI,2020-06-15 20:00:00-04:00,49.91999816894531,50.540000915527344,48.16999816894531,48.43000030517578,107000,46.21329116821289,0.0
NNI,2020-06-16 20:00:00-04:00,48.40999984741211,49.13999938964844,46.709999084472656,47.380001068115234,229400,45.21134948730469,0.0
NNI,2020-06-17 20:00:00-04:00,46.84000015258789,48.11000061035156,46.36000061035156,47.65999984741211,195600,45.47853088378906,0.0
NNI,2020-06-18 20:00:00-04:00,48.29999923706055,48.5099983215332,46.75,47.40999984741211,298300,45.23997116088867,0.0
NNI,2020-06-21 20:00:00-04:00,46.959999084472656,47.119998931884766,46.130001068115234,46.47999954223633,230400,44.35254669189453,0.0
NNI,2020-06-22 20:00:00-04:00,46.91999816894531,47.119998931884766,46.27000045776367,46.349998474121094,213000,44.22848892211914,0.0
NNI,2020-06-23 20:00:00-04:00,45.79999923706055,45.81999969482422,44.650001525878906,45.369998931884766,132700,43.2933464050293,0.0
NNI,2020-06-24 20:00:00-04:00,45.15999984741211,46.13999938964844,44.7599983215332,45.65999984741211,138700,43.57007598876953,0.0
NNI,2020-06-25 20:00:00-04:00,45.13999938964844,45.13999938964844,44.34000015258789,44.4900016784668,205300,42.45363235473633,0.0
NNI,2020-06-28 20:00:00-04:00,45.060001373291016,46.650001525878906,44.72999954223633,46.380001068115234,122500,44.257118225097656,0.0
NNI,2020-06-29 20:00:00-04:00,46.529998779296875,48.5099983215332,46.529998779296875,47.7400016784668,226700,45.554874420166016,0.0
NNI,2020-06-30 20:00:00-04:00,48.0,51.0099983215332,48.0,50.689998626708984,330400,48.36984634399414,0.0
NNI,2020-07-01 20:00:00-04:00,51.84000015258789,53.68000030517578,51.58000183105469,53.54999923706055,378700,51.09893798828125,0.0
NNI,2020-07-05 20:00:00-04:00,54.70000076293945,55.04999923706055,53.88999938964844,54.540000915527344,321700,52.04362869262695,0.0
NNI,2020-07-06 20:00:00-04:00,53.93000030517578,54.15999984741211,52.7400016784668,53.0,414100,50.57411193847656,0.0
NNI,2020-07-07 20:00:00-04:00,52.7599983215332,54.900001525878906,52.29999923706055,54.880001068115234,210300,52.368064880371094,0.0
NNI,2020-07-08 20:00:00-04:00,54.84000015258789,54.84000015258789,53.45000076293945,54.29999923706055,268600,51.81460952758789,0.0
NNI,2020-07-09 20:00:00-04:00,54.41999816894531,55.189998626708984,53.689998626708984,55.189998626708984,234700,52.66387176513672,0.0
NNI,2020-07-12 20:00:00-04:00,55.849998474121094,58.33000183105469,55.25,56.939998626708984,209100,54.333770751953125,0.0
NNI,2020-07-13 20:00:00-04:00,57.099998474121094,59.16999816894531,56.869998931884766,59.16999816894531,159800,56.46169662475586,0.0
NNI,2020-07-14 20:00:00-04:00,59.970001220703125,60.869998931884766,59.720001220703125,60.2599983215332,205300,57.501808166503906,0.0
NNI,2020-07-15 20:00:00-04:00,60.27000045776367,60.47999954223633,59.540000915527344,60.150001525878906,141600,57.396846771240234,0.0
NNI,2020-07-16 20:00:00-04:00,60.18000030517578,60.18000030517578,59.119998931884766,59.279998779296875,71900,56.56666946411133,0.0
NNI,2020-07-19 20:00:00-04:00,58.91999816894531,59.18000030517578,58.38999938964844,58.43000030517578,73100,55.75556945800781,0.0
NNI,2020-07-20 20:00:00-04:00,59.040000915527344,59.5099983215332,58.43000030517578,58.709999084472656,94800,56.02275085449219,0.0
NNI,2020-07-21 20:00:00-04:00,57.720001220703125,59.47999954223633,57.720001220703125,59.279998779296875,226700,56.56666946411133,0.0
NNI,2020-07-22 20:00:00-04:00,58.900001525878906,59.5,58.790000915527344,58.91999816894531,111300,56.2231330871582,0.0
NNI,2020-07-23 20:00:00-04:00,59.119998931884766,59.459999084472656,58.31999969482422,58.43000030517578,61800,55.75556945800781,0.0
NNI,2020-07-26 20:00:00-04:00,58.08000183105469,58.29999923706055,57.41999816894531,58.25,80900,55.58381652832031,0.0
NNI,2020-07-27 20:00:00-04:00,58.209999084472656,58.63999938964844,57.95000076293945,58.08000183105469,56200,55.421600341796875,0.0
NNI,2020-07-28 20:00:00-04:00,58.189998626708984,58.7599983215332,57.279998779296875,58.119998931884766,103200,55.45976638793945,0.0
NNI,2020-07-29 20:00:00-04:00,57.18000030517578,58.189998626708984,56.86000061035156,57.97999954223633,65300,55.326171875,0.0
NNI,2020-07-30 20:00:00-04:00,57.66999816894531,58.0,56.86000061035156,58.0,100300,55.345252990722656,0.0
NNI,2020-08-02 20:00:00-04:00,58.0,59.369998931884766,57.65999984741211,59.119998931884766,106500,56.41399002075195,0.0
NNI,2020-08-03 20:00:00-04:00,58.90999984741211,60.56999969482422,58.90999984741211,60.4900016784668,114000,57.721282958984375,0.0
NNI,2020-08-04 20:00:00-04:00,61.029998779296875,62.369998931884766,60.58000183105469,62.22999954223633,94300,59.38164138793945,0.0
NNI,2020-08-05 20:00:00-04:00,62.41999816894531,63.25,62.099998474121094,62.400001525878906,107200,59.54385757446289,0.0
NNI,2020-08-06 20:00:00-04:00,62.66999816894531,63.79999923706055,61.650001525878906,63.56999969482422,148000,60.66029739379883,0.0
NNI,2020-08-09 20:00:00-04:00,63.869998931884766,64.05000305175781,63.439998626708984,63.849998474121094,87200,60.927486419677734,0.0
NNI,2020-08-10 20:00:00-04:00,64.9800033569336,65.1500015258789,63.2599983215332,63.34000015258789,107400,60.44083786010742,0.0
NNI,2020-08-11 20:00:00-04:00,64.08000183105469,64.62000274658203,62.81999969482422,63.220001220703125,66300,60.32632827758789,0.0
NNI,2020-08-12 20:00:00-04:00,62.68000030517578,64.29000091552734,62.68000030517578,64.13999938964844,76600,61.2042236328125,0.0
NNI,2020-08-13 20:00:00-04:00,63.61000061035156,64.27999877929688,63.61000061035156,63.869998931884766,53900,60.94656753540039,0.0
NNI,2020-08-16 20:00:00-04:00,63.77000045776367,64.16999816894531,63.470001220703125,63.7400016784668,44000,60.82252502441406,0.0
NNI,2020-08-17 20:00:00-04:00,63.5099983215332,63.59000015258789,62.75,62.81999969482422,48600,59.944637298583984,0.0
NNI,2020-08-18 20:00:00-04:00,62.7599983215332,64.37000274658203,62.7599983215332,63.630001068115234,59900,60.717567443847656,0.0
NNI,2020-08-19 20:00:00-04:00,62.95000076293945,64.76000213623047,62.95000076293945,64.5,75200,61.54773712158203,0.0
NNI,2020-08-20 20:00:00-04:00,64.05999755859375,64.41000366210938,63.56999969482422,64.0999984741211,60700,61.16604995727539,0.0
NNI,2020-08-23 20:00:00-04:00,64.7300033569336,65.37999725341797,64.43000030517578,65.11000061035156,75400,62.129817962646484,0.0
NNI,2020-08-24 20:00:00-04:00,65.33000183105469,65.4800033569336,64.58999633789062,65.2300033569336,79300,62.24433517456055,0.0
NNI,2020-08-25 20:00:00-04:00,65.12000274658203,65.12000274658203,63.970001220703125,64.58999633789062,63700,61.63361740112305,0.0
NNI,2020-08-26 20:00:00-04:00,64.88999938964844,66.04000091552734,64.88999938964844,65.5,101400,62.50196838378906,0.0
NNI,2020-08-27 20:00:00-04:00,65.9000015258789,66.2300033569336,65.3499984741211,66.05999755859375,81900,63.03633499145508,0.0
NNI,2020-08-30 20:00:00-04:00,65.61000061035156,66.36000061035156,65.29000091552734,65.48999786376953,99000,62.68219757080078,0.2
NNI,2020-08-31 20:00:00-04:00,65.16000366210938,66.2300033569336,65.02999877929688,66.19000244140625,53600,63.352195739746094,0.0
NNI,2020-09-01 20:00:00-04:00,66.0,66.72000122070312,65.93000030517578,66.30999755859375,95400,63.467041015625,0.0
NNI,2020-09-02 20:00:00-04:00,66.52999877929688,66.79000091552734,64.80999755859375,65.18000030517578,49600,62.385494232177734,0.0
NNI,2020-09-03 20:00:00-04:00,66.11000061035156,66.5,64.55000305175781,65.44999694824219,57800,62.64390182495117,0.0
NNI,2020-09-07 20:00:00-04:00,64.8499984741211,65.52999877929688,64.11000061035156,64.44000244140625,72400,61.677215576171875,0.0
NNI,2020-09-08 20:00:00-04:00,64.9800033569336,65.95999908447266,64.41000366210938,65.2300033569336,58000,62.433345794677734,0.0
NNI,2020-09-09 20:00:00-04:00,65.62999725341797,65.88999938964844,63.31999969482422,63.400001525878906,60500,60.68180847167969,0.0
NNI,2020-09-10 20:00:00-04:00,63.7599983215332,63.7599983215332,62.25,63.22999954223633,58800,60.51908874511719,0.0
NNI,2020-09-13 20:00:00-04:00,63.65999984741211,64.72000122070312,63.61000061035156,64.54000091552734,54900,61.772926330566406,0.0
NNI,2020-09-14 20:00:00-04:00,65.18000030517578,65.29000091552734,64.3499984741211,64.55000305175781,55200,61.78250503540039,0.0
NNI,2020-09-15 20:00:00-04:00,64.87000274658203,64.87000274658203,63.84000015258789,63.880001068115234,118500,61.14122772216797,0.0
NNI,2020-09-16 20:00:00-04:00,63.18000030517578,64.27999877929688,63.18000030517578,63.97999954223633,62200,61.236942291259766,0.0
NNI,2020-09-17 20:00:00-04:00,64.11000061035156,64.75,63.880001068115234,64.44999694824219,264300,61.68678665161133,0.0
NNI,2020-09-20 20:00:00-04:00,63.470001220703125,63.470001220703125,60.380001068115234,60.880001068115234,93300,58.26984786987305,0.0
NNI,2020-09-21 20:00:00-04:00,60.880001068115234,61.81999969482422,60.72999954223633,60.79999923706055,114300,58.193267822265625,0.0
NNI,2020-09-22 20:00:00-04:00,61.220001220703125,61.79999923706055,59.41999816894531,59.47999954223633,95500,56.92987060546875,0.0
NNI,2020-09-23 20:00:00-04:00,59.58000183105469,59.90999984741211,58.65999984741211,59.18000030517578,78500,56.64272689819336,0.0
NNI,2020-09-24 20:00:00-04:00,58.689998626708984,60.20000076293945,58.689998626708984,59.81999969482422,33800,57.25529479980469,0.0
NNI,2020-09-27 20:00:00-04:00,60.5,61.58000183105469,60.5,61.029998779296875,58800,58.413414001464844,0.0
NNI,2020-09-28 20:00:00-04:00,61.29999923706055,61.45000076293945,59.959999084472656,60.68000030517578,31100,58.078426361083984,0.0
NNI,2020-09-29 20:00:00-04:00,60.58000183105469,61.470001220703125,60.02000045776367,60.25,52600,57.6668586730957,0.0
NNI,2020-09-30 20:00:00-04:00,60.29999923706055,61.029998779296875,59.290000915527344,60.349998474121094,78100,57.76256561279297,0.0
NNI,2020-10-01 20:00:00-04:00,59.560001373291016,64.05000305175781,59.189998626708984,63.63999938964844,85000,60.91151428222656,0.0
NNI,2020-10-04 20:00:00-04:00,63.83000183105469,65.18000030517578,63.83000183105469,65.04000091552734,74900,62.25149917602539,0.0
NNI,2020-10-05 20:00:00-04:00,65.68000030517578,66.47000122070312,63.689998626708984,64.37000274658203,86700,61.61022186279297,0.0
NNI,2020-10-06 20:00:00-04:00,65.02999877929688,66.0199966430664,64.45999908447266,65.69000244140625,71100,62.87363052368164,0.0
NNI,2020-10-07 20:00:00-04:00,66.33000183105469,67.19000244140625,65.93000030517578,66.87000274658203,48400,64.00304412841797,0.0
NNI,2020-10-08 20:00:00-04:00,67.06999969482422,67.81999969482422,66.16999816894531,66.29000091552734,29600,63.447906494140625,0.0
NNI,2020-10-11 20:00:00-04:00,66.33000183105469,66.94999694824219,65.94999694824219,66.87999725341797,37000,64.01260375976562,0.0
NNI,2020-10-12 20:00:00-04:00,66.25,66.44000244140625,65.19000244140625,65.22000122070312,76500,62.42377471923828,0.0
NNI,2020-10-13 20:00:00-04:00,65.76000213623047,66.16000366210938,65.19000244140625,65.83000183105469,31400,63.007625579833984,0.0
NNI,2020-10-14 20:00:00-04:00,65.08000183105469,67.18000030517578,65.04000091552734,66.83000183105469,48800,63.964759826660156,0.0
NNI,2020-10-15 20:00:00-04:00,66.68000030517578,68.06999969482422,66.68000030517578,67.43000030517578,51800,64.53903198242188,0.0
NNI,2020-10-18 20:00:00-04:00,67.5199966430664,68.44000244140625,66.77999877929688,66.9000015258789,51600,64.03175354003906,0.0
NNI,2020-10-19 20:00:00-04:00,67.18000030517578,68.66999816894531,67.18000030517578,67.86000061035156,45800,64.95059967041016,0.0
NNI,2020-10-20 20:00:00-04:00,67.66000366210938,67.66000366210938,66.08000183105469,66.12999725341797,34300,63.29475402832031,0.0
NNI,2020-10-21 20:00:00-04:00,66.47000122070312,67.37999725341797,65.62000274658203,65.70999908447266,49400,62.89277267456055,0.0
NNI,2020-10-22 20:00:00-04:00,65.94999694824219,66.55999755859375,65.38999938964844,66.19999694824219,45400,63.361759185791016,0.0
NNI,2020-10-25 20:00:00-04:00,65.43000030517578,65.66000366210938,64.66999816894531,65.25,48600,62.452491760253906,0.0
NNI,2020-10-26 20:00:00-04:00,65.05000305175781,65.05000305175781,64.19000244140625,64.25,37600,61.495365142822266,0.0
NNI,2020-10-27 20:00:00-04:00,63.06999969482422,63.279998779296875,61.91999816894531,62.060001373291016,74800,59.399261474609375,0.0
NNI,2020-10-28 20:00:00-04:00,61.720001220703125,62.25,61.08000183105469,61.45000076293945,71400,58.81540298461914,0.0
NNI,2020-10-29 20:00:00-04:00,61.33000183105469,62.58000183105469,60.5099983215332,61.040000915527344,73200,58.42299270629883,0.0
NNI,2020-11-01 19:00:00-05:00,61.88999938964844,62.290000915527344,61.349998474121094,61.81999969482422,34900,59.16954040527344,0.0
NNI,2020-11-02 19:00:00-05:00,62.810001373291016,63.209999084472656,61.900001525878906,62.97999954223633,67100,60.279808044433594,0.0
NNI,2020-11-03 19:00:00-05:00,61.90999984741211,63.630001068115234,61.810001373291016,63.5099983215332,50100,60.78709030151367,0.0
NNI,2020-11-04 19:00:00-05:00,63.33000183105469,65.86000061035156,63.33000183105469,65.08999633789062,60300,62.29935073852539,0.0
NNI,2020-11-05 19:00:00-05:00,65.62999725341797,67.2699966430664,65.29000091552734,65.56999969482422,58200,62.758766174316406,0.0
NNI,2020-11-08 19:00:00-05:00,69.27999877929688,70.13999938964844,66.05999755859375,66.41999816894531,115400,63.57231140136719,0.0
NNI,2020-11-09 19:00:00-05:00,68.0,72.95999908447266,67.4800033569336,72.29000091552734,207400,69.19066619873047,0.0
NNI,2020-11-10 19:00:00-05:00,72.5,72.56999969482422,70.5,71.44000244140625,48400,68.37710571289062,0.0
NNI,2020-11-11 19:00:00-05:00,70.72000122070312,71.20999908447266,69.26000213623047,70.22000122070312,52700,67.20940399169922,0.0
NNI,2020-11-12 19:00:00-05:00,70.81999969482422,72.11000061035156,70.58999633789062,71.48999786376953,40700,68.4249496459961,0.0
NNI,2020-11-15 19:00:00-05:00,72.5,73.25,72.0,72.4000015258789,63200,69.29593658447266,0.0
NNI,2020-11-16 19:00:00-05:00,72.05000305175781,73.91999816894531,71.4800033569336,72.83999633789062,72000,69.71707153320312,0.0
NNI,2020-11-17 19:00:00-05:00,72.69999694824219,73.58000183105469,71.62000274658203,71.62000274658203,51600,68.54940032958984,0.0
NNI,2020-11-18 19:00:00-05:00,71.2300033569336,71.48999786376953,70.16999816894531,70.83000183105469,53300,67.79325103759766,0.0
NNI,2020-11-19 19:00:00-05:00,70.2699966430664,70.2699966430664,68.62000274658203,68.8499984741211,60700,65.89813995361328,0.0
NNI,2020-11-22 19:00:00-05:00,69.4800033569336,69.4800033569336,67.68000030517578,68.01000213623047,43600,65.09414672851562,0.0
NNI,2020-11-23 19:00:00-05:00,68.77999877929688,70.66999816894531,68.72000122070312,70.52999877929688,67400,67.50611114501953,0.0
NNI,2020-11-24 19:00:00-05:00,70.02999877929688,70.33000183105469,68.47000122070312,70.05999755859375,34400,67.0562744140625,0.0
NNI,2020-11-26 19:00:00-05:00,69.77999877929688,69.77999877929688,68.52999877929688,69.31999969482422,18600,66.34800720214844,0.0
NNI,2020-11-29 19:00:00-05:00,68.66000366210938,68.95999908447266,67.7300033569336,67.9000015258789,90900,65.19578552246094,0.22
NNI,2020-11-30 19:00:00-05:00,68.80999755859375,69.83000183105469,68.16000366210938,69.36000061035156,81900,66.5976333618164,0.0
NNI,2020-12-01 19:00:00-05:00,69.25,69.25,68.0999984741211,68.91999816894531,48900,66.17516326904297,0.0
NNI,2020-12-02 19:00:00-05:00,69.01000213623047,69.33999633789062,68.01000213623047,68.7699966430664,31800,66.0311279296875,0.0
NNI,2020-12-03 19:00:00-05:00,69.27999877929688,69.69000244140625,68.61000061035156,69.31999969482422,44100,66.55924224853516,0.0
NNI,2020-12-06 19:00:00-05:00,69.16000366210938,70.3499984741211,68.48999786376953,70.11000061035156,48300,67.31776428222656,0.0
NNI,2020-12-07 19:00:00-05:00,69.58999633789062,69.83999633789062,68.93000030517578,69.66999816894531,30100,66.8952865600586,0.0
NNI,2020-12-08 19:00:00-05:00,70.19000244140625,70.4000015258789,68.87999725341797,70.0999984741211,66700,67.30816650390625,0.0
NNI,2020-12-09 19:00:00-05:00,69.73999786376953,69.93000030517578,68.80999755859375,69.33999633789062,52200,66.57843017578125,0.0
NNI,2020-12-10 19:00:00-05:00,68.9800033569336,69.98999786376953,68.37000274658203,69.47000122070312,33400,66.70326232910156,0.0
NNI,2020-12-13 19:00:00-05:00,70.0,70.47000122070312,68.11000061035156,68.58000183105469,55900,65.84870910644531,0.0
NNI,2020-12-14 19:00:00-05:00,69.31999969482422,70.18000030517578,68.27999877929688,69.31999969482422,51000,66.55924224853516,0.0
NNI,2020-12-15 19:00:00-05:00,69.31999969482422,69.95999908447266,68.79000091552734,68.83000183105469,35000,66.08875274658203,0.0
NNI,2020-12-16 19:00:00-05:00,69.19999694824219,69.8499984741211,69.08999633789062,69.83999633789062,41700,67.05850982666016,0.0
NNI,2020-12-17 19:00:00-05:00,70.0,70.91999816894531,69.16999816894531,69.20999908447266,179100,66.45361328125,0.0
NNI,2020-12-20 19:00:00-05:00,68.2300033569336,69.0,67.51000213623047,68.86000061035156,52400,66.1175537109375,0.0
NNI,2020-12-21 19:00:00-05:00,68.56999969482422,68.56999969482422,67.75,67.75,38700,65.05177307128906,0.0
NNI,2020-12-22 19:00:00-05:00,68.20999908447266,69.0999984741211,68.20999908447266,68.9000015258789,38100,66.15595245361328,0.0
NNI,2020-12-23 19:00:00-05:00,68.6500015258789,68.75,67.66999816894531,68.72000122070312,14100,65.98313903808594,0.0
NNI,2020-12-27 19:00:00-05:00,68.63999938964844,69.8499984741211,68.1500015258789,68.61000061035156,37800,65.87753295898438,0.0
NNI,2020-12-28 19:00:00-05:00,68.54000091552734,68.75,67.13999938964844,67.95999908447266,55600,65.2533950805664,0.0
NNI,2020-12-29 19:00:00-05:00,68.0,69.2699966430664,68.0,68.9000015258789,73000,66.15595245361328,0.0
NNI,2020-12-30 19:00:00-05:00,68.52999877929688,71.68000030517578,68.52999877929688,71.23999786376953,86100,68.40275573730469,0.0
NNI,2021-01-03 19:00:00-05:00,71.75,71.75,69.0,69.33999633789062,74800,66.57843017578125,0.0
NNI,2021-01-04 19:00:00-05:00,69.68000030517578,71.62000274658203,69.68000030517578,70.58000183105469,56400,67.76905059814453,0.0
NNI,2021-01-05 19:00:00-05:00,71.43000030517578,73.72000122070312,71.12999725341797,72.77999877929688,80700,69.88143157958984,0.0
NNI,2021-01-06 19:00:00-05:00,72.58999633789062,73.58000183105469,71.9800033569336,72.93000030517578,49500,70.02545928955078,0.0
NNI,2021-01-07 19:00:00-05:00,73.5999984741211,74.20999908447266,71.58000183105469,71.9000015258789,71200,69.03648376464844,0.0
NNI,2021-01-10 19:00:00-05:00,71.19000244140625,71.97000122070312,70.5,71.22000122070312,23600,68.3835678100586,0.0
NNI,2021-01-11 19:00:00-05:00,71.1500015258789,72.47000122070312,70.97000122070312,71.68000030517578,53700,68.82523345947266,0.0
NNI,2021-01-12 19:00:00-05:00,71.38999938964844,71.56999969482422,70.30000305175781,71.16000366210938,45000,68.3259506225586,0.0
NNI,2021-01-13 19:00:00-05:00,71.44000244140625,73.51000213623047,71.44000244140625,72.69000244140625,37000,69.79502868652344,0.0
NNI,2021-01-14 19:00:00-05:00,72.04000091552734,72.58000183105469,71.48999786376953,72.22000122070312,44200,69.34375762939453,0.0
NNI,2021-01-18 19:00:00-05:00,72.41999816894531,72.7300033569336,71.05999755859375,71.16999816894531,61600,68.33555603027344,0.0
NNI,2021-01-19 19:00:00-05:00,71.0999984741211,72.2699966430664,70.97000122070312,71.26000213623047,35700,68.42198181152344,0.0
NNI,2021-01-20 19:00:00-05:00,71.26000213623047,71.26000213623047,69.55000305175781,69.58999633789062,38200,66.81847381591797,0.0
NNI,2021-01-21 19:00:00-05:00,68.61000061035156,69.83000183105469,68.48999786376953,69.79000091552734,49200,67.01051330566406,0.0
NNI,2021-01-24 19:00:00-05:00,69.27999877929688,69.27999877929688,68.12999725341797,68.87999725341797,41700,66.13674926757812,0.0
NNI,2021-01-25 19:00:00-05:00,69.11000061035156,71.25,68.36000061035156,71.16999816894531,50700,68.33555603027344,0.0
NNI,2021-01-26 19:00:00-05:00,69.80999755859375,71.37000274658203,68.48999786376953,69.5,92100,66.7320785522461,0.0
NNI,2021-01-27 19:00:00-05:00,70.51000213623047,70.51000213623047,69.31999969482422,70.38999938964844,59400,67.58661651611328,0.0
NNI,2021-01-28 19:00:00-05:00,70.08000183105469,71.0,68.62999725341797,68.79000091552734,58800,66.05034637451172,0.0
NNI,2021-01-31 19:00:00-05:00,69.30000305175781,70.37999725341797,67.93000030517578,70.13999938964844,122500,67.34658813476562,0.0
NNI,2021-02-01 19:00:00-05:00,70.75,71.9000015258789,70.25,71.75,30900,68.8924560546875,0.0
NNI,2021-02-02 19:00:00-05:00,71.45999908447266,71.75,70.25,70.5999984741211,33900,67.78826141357422,0.0
NNI,2021-02-03 19:00:00-05:00,70.61000061035156,72.33999633789062,70.61000061035156,72.27999877929688,39200,69.40133666992188,0.0
NNI,2021-02-04 19:00:00-05:00,72.66999816894531,73.27999877929688,72.19999694824219,72.91000366210938,36400,70.00625610351562,0.0
NNI,2021-02-07 19:00:00-05:00,73.16000366210938,73.83999633789062,72.97000122070312,73.6500015258789,50100,70.71678924560547,0.0
NNI,2021-02-08 19:00:00-05:00,73.23999786376953,74.0,72.68000030517578,72.81999969482422,28700,69.91984558105469,0.0
NNI,2021-02-09 19:00:00-05:00,73.18000030517578,73.18000030517578,70.77999877929688,70.79000091552734,53300,67.97069549560547,0.0
NNI,2021-02-10 19:00:00-05:00,71.0999984741211,71.72000122070312,69.75,70.63999938964844,48600,67.82666015625,0.0
NNI,2021-02-11 19:00:00-05:00,70.19000244140625,71.30000305175781,70.19000244140625,71.2300033569336,42700,68.3931655883789,0.0
NNI,2021-02-15 19:00:00-05:00,71.12000274658203,72.27999877929688,70.56999969482422,70.56999969482422,28100,67.75946044921875,0.0
NNI,2021-02-16 19:00:00-05:00,70.0,70.37999725341797,68.66000366210938,69.51000213623047,211300,66.74166870117188,0.0
NNI,2021-02-17 19:00:00-05:00,69.38999938964844,70.1500015258789,68.63999938964844,68.83999633789062,146000,66.09833526611328,0.0
NNI,2021-02-18 19:00:00-05:00,69.18000030517578,70.9000015258789,68.5999984741211,70.2699966430664,135700,67.47138977050781,0.0
NNI,2021-02-21 19:00:00-05:00,69.94999694824219,72.66000366210938,69.58000183105469,72.22000122070312,58600,69.34375762939453,0.0
NNI,2021-02-22 19:00:00-05:00,71.97000122070312,72.93000030517578,70.58999633789062,71.11000061035156,90100,68.27793884277344,0.0
NNI,2021-02-23 19:00:00-05:00,71.47000122070312,72.56999969482422,70.8499984741211,71.9000015258789,64000,69.03648376464844,0.0
NNI,2021-02-24 19:00:00-05:00,72.43000030517578,72.5,70.0999984741211,70.12000274658203,64400,67.32738494873047,0.0
NNI,2021-02-25 19:00:00-05:00,73.5999984741211,74.91999816894531,70.4000015258789,72.5999984741211,115500,69.92799377441406,0.22
NNI,2021-02-28 19:00:00-05:00,73.58000183105469,74.5199966430664,73.30000305175781,74.12999725341797,82600,71.40168762207031,0.0
NNI,2021-03-01 19:00:00-05:00,73.81999969482422,74.5,73.2699966430664,73.83000183105469,74100,71.11273956298828,0.0
NNI,2021-03-02 19:00:00-05:00,74.04000091552734,77.5,74.04000091552734,76.66999816894531,169900,73.84819793701172,0.0
NNI,2021-03-03 19:00:00-05:00,76.80000305175781,78.0,73.36000061035156,74.08999633789062,102700,71.3631591796875,0.0
NNI,2021-03-04 19:00:00-05:00,74.63999938964844,76.51000213623047,73.63999938964844,76.41999816894531,101400,73.60741424560547,0.0
NNI,2021-03-07 19:00:00-05:00,76.80000305175781,77.5,76.06999969482422,77.06999969482422,93900,74.23348236083984,0.0
NNI,2021-03-08 19:00:00-05:00,77.29000091552734,77.52999877929688,75.38999938964844,75.77999877929688,79600,72.99095916748047,0.0
NNI,2021-03-09 19:00:00-05:00,76.0999984741211,77.1500015258789,76.0999984741211,76.69999694824219,60300,73.8770980834961,0.0
NNI,2021-03-10 19:00:00-05:00,76.62999725341797,77.4000015258789,75.95999908447266,77.1500015258789,66100,74.31055450439453,0.0
NNI,2021-03-11 19:00:00-05:00,77.66999816894531,78.36000061035156,76.4000015258789,76.81999969482422,57700,73.9926986694336,0.0
NNI,2021-03-14 20:00:00-04:00,76.5199966430664,76.5199966430664,73.5,74.41999816894531,70000,71.68101501464844,0.0
NNI,2021-03-15 20:00:00-04:00,74.1500015258789,75.73999786376953,73.93000030517578,75.05999755859375,58700,72.29745483398438,0.0
NNI,2021-03-16 20:00:00-04:00,74.97000122070312,75.19999694824219,74.02999877929688,75.05999755859375,53600,72.29745483398438,0.0
NNI,2021-03-17 20:00:00-04:00,75.01000213623047,75.97000122070312,74.05999755859375,74.52999877929688,40800,71.78697204589844,0.0
NNI,2021-03-18 20:00:00-04:00,74.16999816894531,74.87000274658203,73.52999877929688,74.02999877929688,218100,71.30536651611328,0.0
NNI,2021-03-21 20:00:00-04:00,73.7699966430664,74.7300033569336,73.0,74.27999877929688,55100,71.54615783691406,0.0
NNI,2021-03-22 20:00:00-04:00,73.22000122070312,73.41999816894531,72.16999816894531,72.5999984741211,57500,69.92799377441406,0.0
NNI,2021-03-23 20:00:00-04:00,73.20999908447266,74.11000061035156,71.97000122070312,72.0,45500,69.35009765625,0.0
NNI,2021-03-24 20:00:00-04:00,71.3499984741211,73.77999877929688,71.3499984741211,73.56999969482422,60000,70.86228942871094,0.0
NNI,2021-03-25 20:00:00-04:00,74.04000091552734,74.47000122070312,73.31999969482422,74.47000122070312,42600,71.72917938232422,0.0
NNI,2021-03-28 20:00:00-04:00,74.05999755859375,74.54000091552734,73.25,73.33999633789062,40700,70.6407699584961,0.0
NNI,2021-03-29 20:00:00-04:00,73.2699966430664,74.9000015258789,73.2699966430664,73.9000015258789,44400,71.18014526367188,0.0
NNI,2021-03-30 20:00:00-04:00,74.22000122070312,74.33000183105469,72.73999786376953,72.73999786376953,67900,70.06285095214844,0.0
NNI,2021-03-31 20:00:00-04:00,72.44999694824219,73.55000305175781,71.69999694824219,73.5199966430664,46500,70.81412506103516,0.0
NNI,2021-04-04 20:00:00-04:00,73.91000366210938,74.66999816894531,73.66000366210938,74.62999725341797,32400,71.88329315185547,0.0
NNI,2021-04-05 20:00:00-04:00,74.30000305175781,75.05999755859375,73.79000091552734,73.95999908447266,40200,71.2379379272461,0.0
NNI,2021-04-06 20:00:00-04:00,73.8499984741211,74.7300033569336,72.5999984741211,73.62999725341797,63400,70.92008972167969,0.0
NNI,2021-04-07 20:00:00-04:00,74.13999938964844,75.33999633789062,73.61000061035156,74.76000213623047,79400,72.00851440429688,0.0
NNI,2021-04-08 20:00:00-04:00,75.16000366210938,75.91999816894531,74.87000274658203,75.69000244140625,34800,72.90428924560547,0.0
NNI,2021-04-11 20:00:00-04:00,75.43000030517578,76.05000305175781,75.29000091552734,75.97000122070312,21400,73.17398071289062,0.0
NNI,2021-04-12 20:00:00-04:00,75.66000366210938,76.47000122070312,75.0999984741211,75.2699966430664,51500,72.49972534179688,0.0
NNI,2021-04-13 20:00:00-04:00,75.48999786376953,75.48999786376953,74.05000305175781,74.80999755859375,50600,72.05665588378906,0.0
NNI,2021-04-14 20:00:00-04:00,75.1500015258789,75.16000366210938,74.0,74.81999969482422,42800,72.06629180908203,0.0
NNI,2021-04-15 20:00:00-04:00,75.55999755859375,76.0,74.80999755859375,75.16000366210938,31700,72.39378356933594,0.0
NNI,2021-04-18 20:00:00-04:00,75.22000122070312,75.22000122070312,73.68000030517578,74.5,37400,71.758056640625,0.0
NNI,2021-04-19 20:00:00-04:00,74.31999969482422,74.75,73.30999755859375,74.06999969482422,41300,71.3438949584961,0.0
NNI,2021-04-20 20:00:00-04:00,73.69000244140625,75.02999877929688,73.6500015258789,74.61000061035156,31000,71.86402130126953,0.0
NNI,2021-04-21 20:00:00-04:00,75.11000061035156,75.11000061035156,73.58000183105469,73.94999694824219,31800,71.22831726074219,0.0
NNI,2021-04-22 20:00:00-04:00,73.94999694824219,75.37999725341797,73.94999694824219,75.01000213623047,56900,72.24929809570312,0.0
NNI,2021-04-25 20:00:00-04:00,75.01000213623047,76.48999786376953,74.41000366210938,74.41999816894531,41600,71.68101501464844,0.0
NNI,2021-04-26 20:00:00-04:00,74.66000366210938,74.95999908447266,73.4000015258789,73.79000091552734,108100,71.07421875,0.0
NNI,2021-04-27 20:00:00-04:00,74.18000030517578,74.26000213623047,73.55999755859375,73.94000244140625,95700,71.21868133544922,0.0
NNI,2021-04-28 20:00:00-04:00,74.41000366210938,74.41000366210938,73.5,73.80000305175781,112300,71.08383178710938,0.0
NNI,2021-04-29 20:00:00-04:00,73.44000244140625,74.33000183105469,73.41999816894531,74.2300033569336,58800,71.49801635742188,0.0
NNI,2021-05-02 20:00:00-04:00,74.5,75.5,74.30000305175781,74.91999816894531,57300,72.16260528564453,0.0
NNI,2021-05-03 20:00:00-04:00,74.86000061035156,74.86000061035156,73.5199966430664,73.7699966430664,47700,71.054931640625,0.0
NNI,2021-05-04 20:00:00-04:00,74.01000213623047,74.8499984741211,73.2699966430664,74.69000244140625,56300,71.94108581542969,0.0
NNI,2021-05-05 20:00:00-04:00,75.04000091552734,75.94999694824219,74.43000030517578,75.86000061035156,61600,73.0680160522461,0.0
NNI,2021-05-06 20:00:00-04:00,75.47000122070312,75.58000183105469,74.83999633789062,74.98999786376953,62300,72.23004150390625,0.0
NNI,2021-05-09 20:00:00-04:00,75.5199966430664,77.37999725341797,74.87000274658203,75.23999786376953,94100,72.47083282470703,0.0
NNI,2021-05-10 20:00:00-04:00,74.61000061035156,75.77999877929688,73.22000122070312,74.23999786376953,77500,71.50762939453125,0.0
NNI,2021-05-11 20:00:00-04:00,74.16999816894531,74.48999786376953,72.8499984741211,73.0199966430664,98300,70.33252716064453,0.0
NNI,2021-05-12 20:00:00-04:00,73.44000244140625,75.0,73.44000244140625,74.47000122070312,86700,71.72917938232422,0.0
NNI,2021-05-13 20:00:00-04:00,74.88999938964844,77.81999969482422,74.22000122070312,77.19999694824219,97800,74.35868835449219,0.0
NNI,2021-05-16 20:00:00-04:00,77.04000091552734,77.52999877929688,75.4800033569336,76.26000213623047,64500,73.45328521728516,0.0
NNI,2021-05-17 20:00:00-04:00,75.87000274658203,76.16999816894531,74.87999725341797,75.0,49500,72.23966217041016,0.0
NNI,2021-05-18 20:00:00-04:00,74.52999877929688,75.19999694824219,73.97000122070312,75.19999694824219,50600,72.43229675292969,0.0
NNI,2021-05-19 20:00:00-04:00,75.22000122070312,75.79000091552734,74.87999725341797,75.56999969482422,44900,72.78868103027344,0.0
NNI,2021-05-20 20:00:00-04:00,76.25,76.25,74.20999908447266,75.25,58900,72.48047637939453,0.0
NNI,2021-05-23 20:00:00-04:00,75.4800033569336,75.7300033569336,74.62999725341797,75.54000091552734,44300,72.7597885131836,0.0
NNI,2021-05-24 20:00:00-04:00,75.55000305175781,76.9800033569336,74.19999694824219,74.29000091552734,69000,71.55580139160156,0.0
NNI,2021-05-25 20:00:00-04:00,74.5,75.12000274658203,74.19000244140625,75.04000091552734,29400,72.27819061279297,0.0
NNI,2021-05-26 20:00:00-04:00,75.27999877929688,75.70999908447266,74.41999816894531,74.77999877929688,95700,72.23954772949219,0.22
NNI,2021-05-27 20:00:00-04:00,75.37000274658203,75.54000091552734,73.97000122070312,75.5199966430664,45100,72.95442199707031,0.0
NNI,2021-05-31 20:00:00-04:00,75.87999725341797,76.37999725341797,75.19999694824219,76.25,41200,73.65962219238281,0.0
NNI,2021-06-01 20:00:00-04:00,76.83999633789062,76.83999633789062,75.62000274658203,75.72000122070312,41600,73.14762878417969,0.0
NNI,2021-06-02 20:00:00-04:00,75.58999633789062,75.79000091552734,74.66000366210938,75.69000244140625,37200,73.11864471435547,0.0
NNI,2021-06-03 20:00:00-04:00,75.70999908447266,75.8499984741211,74.5199966430664,74.94999694824219,42100,72.40377807617188,0.0
NNI,2021-06-06 20:00:00-04:00,74.88999938964844,75.33999633789062,74.23999786376953,74.9000015258789,69500,72.35548400878906,0.0
NNI,2021-06-07 20:00:00-04:00,75.06999969482422,76.11000061035156,73.72000122070312,75.5999984741211,55800,73.03170013427734,0.0
NNI,2021-06-08 20:00:00-04:00,75.69999694824219,75.69999694824219,74.37000274658203,74.88999938964844,65400,72.3458251953125,0.0
NNI,2021-06-09 20:00:00-04:00,74.95999908447266,74.9800033569336,74.22000122070312,74.25,41000,71.7275619506836,0.0
NNI,2021-06-10 20:00:00-04:00,74.4000015258789,77.66999816894531,73.9000015258789,77.66999816894531,139900,75.03138732910156,0.0
NNI,2021-06-13 20:00:00-04:00,78.38999938964844,79.20999908447266,76.43000030517578,76.81999969482422,129300,74.21023559570312,0.0
NNI,2021-06-14 20:00:00-04:00,76.87999725341797,77.22000122070312,76.3499984741211,76.7300033569336,57000,74.1233139038086,0.0
NNI,2021-06-15 20:00:00-04:00,76.4000015258789,77.18000030517578,76.04000091552734,76.80000305175781,86400,74.1909408569336,0.0
NNI,2021-06-16 20:00:00-04:00,77.0199966430664,77.44999694824219,75.08999633789062,76.41000366210938,91800,73.8141860961914,0.0
NNI,2021-06-17 20:00:00-04:00,75.6500015258789,76.2300033569336,74.06999969482422,74.44999694824219,140500,71.9207534790039,0.0
NNI,2021-06-20 20:00:00-04:00,74.80000305175781,76.19999694824219,74.48999786376953,76.04000091552734,89300,73.45677185058594,0.0
NNI,2021-06-21 20:00:00-04:00,75.77999877929688,77.02999877929688,75.2300033569336,75.69000244140625,67000,73.11864471435547,0.0
NNI,2021-06-22 20:00:00-04:00,75.68000030517578,76.06999969482422,75.05999755859375,75.80999755859375,64600,73.23456573486328,0.0
NNI,2021-06-23 20:00:00-04:00,75.79000091552734,76.6500015258789,75.04000091552734,76.44000244140625,53300,73.8431625366211,0.0
NNI,2021-06-24 20:00:00-04:00,76.63999938964844,77.51000213623047,76.27999877929688,76.44000244140625,176800,73.8431625366211,0.0
NNI,2021-06-27 20:00:00-04:00,76.13999938964844,76.20999908447266,74.68000030517578,76.0999984741211,74800,73.51470947265625,0.0
NNI,2021-06-28 20:00:00-04:00,76.58000183105469,76.58000183105469,75.41999816894531,75.97000122070312,43500,73.3891372680664,0.0
NNI,2021-06-29 20:00:00-04:00,75.75,76.5199966430664,75.0199966430664,75.2300033569336,58600,72.67426300048828,0.0
NNI,2021-06-30 20:00:00-04:00,75.55999755859375,76.13999938964844,75.0,76.04000091552734,54200,73.45677185058594,0.0
NNI,2021-07-01 20:00:00-04:00,76.02999877929688,76.02999877929688,75.20999908447266,75.3499984741211,35600,72.79020690917969,0.0
NNI,2021-07-05 20:00:00-04:00,75.19999694824219,75.98999786376953,73.80999755859375,74.51000213623047,51600,71.97872161865234,0.0
NNI,2021-07-06 20:00:00-04:00,74.52999877929688,75.08999633789062,73.7699966430664,74.77999877929688,63600,72.23954772949219,0.0
NNI,2021-07-07 20:00:00-04:00,73.77999877929688,74.20999908447266,72.66999816894531,73.23999786376953,96800,70.75186920166016,0.0
NNI,2021-07-08 20:00:00-04:00,74.19999694824219,74.6500015258789,73.69999694824219,74.16999816894531,51400,71.65028381347656,0.0
NNI,2021-07-11 20:00:00-04:00,74.08000183105469,74.08000183105469,73.30999755859375,74.05000305175781,48900,71.53436279296875,0.0
NNI,2021-07-12 20:00:00-04:00,73.73999786376953,73.95999908447266,73.16999816894531,73.94999694824219,58400,71.437744140625,0.0
NNI,2021-07-13 20:00:00-04:00,74.0199966430664,74.55999755859375,73.52999877929688,74.4800033569336,61000,71.94976043701172,0.0
NNI,2021-07-14 20:00:00-04:00,74.44000244140625,74.72000122070312,74.0,74.72000122070312,58000,72.18158721923828,0.0
NNI,2021-07-15 20:00:00-04:00,75.31999969482422,75.88999938964844,73.62999725341797,73.80000305175781,55000,71.29286193847656,0.0
NNI,2021-07-18 20:00:00-04:00,73.05000305175781,73.80999755859375,72.0,73.05000305175781,54000,70.56832885742188,0.0
NNI,2021-07-19 20:00:00-04:00,73.33000183105469,74.48999786376953,73.33000183105469,73.56999969482422,79500,71.0706558227539,0.0
NNI,2021-07-20 20:00:00-04:00,73.87999725341797,74.80999755859375,73.87999725341797,74.18000030517578,50800,71.65994262695312,0.0
NNI,2021-07-21 20:00:00-04:00,73.87999725341797,73.87999725341797,72.69999694824219,73.23999786376953,47000,70.75186920166016,0.0
NNI,2021-07-22 20:00:00-04:00,73.55999755859375,73.69000244140625,72.87999725341797,73.27999877929688,46700,70.79051208496094,0.0
NNI,2021-07-25 20:00:00-04:00,73.41999816894531,74.12999725341797,72.95999908447266,74.12999725341797,42300,71.61163330078125,0.0
NNI,2021-07-26 20:00:00-04:00,73.9800033569336,74.94000244140625,73.9000015258789,74.29000091552734,36800,71.76620483398438,0.0
NNI,2021-07-27 20:00:00-04:00,74.0999984741211,74.9000015258789,73.16999816894531,74.37000274658203,38600,71.84349822998047,0.0
NNI,2021-07-28 20:00:00-04:00,74.94000244140625,75.81999969482422,74.41000366210938,75.54000091552734,44500,72.97373962402344,0.0
NNI,2021-07-29 20:00:00-04:00,75.5,75.77999877929688,75.01000213623047,75.30000305175781,47800,72.74190521240234,0.0
NNI,2021-08-01 20:00:00-04:00,75.4800033569336,76.56999969482422,74.91999816894531,75.01000213623047,50600,72.46175384521484,0.0
NNI,2021-08-02 20:00:00-04:00,75.30000305175781,75.5,74.56999969482422,75.2699966430664,30600,72.712890625,0.0
NNI,2021-08-03 20:00:00-04:00,74.55999755859375,75.1500015258789,74.22000122070312,74.87000274658203,39600,72.32650756835938,0.0
NNI,2021-08-04 20:00:00-04:00,75.4000015258789,75.70999908447266,74.55000305175781,75.4800033569336,59300,72.91576385498047,0.0
NNI,2021-08-05 20:00:00-04:00,76.36000061035156,76.9800033569336,74.86000061035156,76.97000122070312,46800,74.35517120361328,0.0
NNI,2021-08-08 20:00:00-04:00,77.5,78.13999938964844,76.29000091552734,76.91999816894531,40100,74.30685424804688,0.0
NNI,2021-08-09 20:00:00-04:00,76.91999816894531,77.45999908447266,76.41999816894531,76.7699966430664,20800,74.1619644165039,0.0
NNI,2021-08-10 20:00:00-04:00,76.12999725341797,78.0,76.12999725341797,77.94000244140625,30800,75.2922134399414,0.0
NNI,2021-08-11 20:00:00-04:00,78.20999908447266,78.20999908447266,77.94000244140625,78.06999969482422,57100,75.41777038574219,0.0
NNI,2021-08-12 20:00:00-04:00,77.72000122070312,78.41999816894531,77.72000122070312,78.23999786376953,34000,75.5820083618164,0.0
NNI,2021-08-15 20:00:00-04:00,77.91000366210938,78.73999786376953,77.91000366210938,78.56999969482422,45100,75.90080261230469,0.0
NNI,2021-08-16 20:00:00-04:00,78.19999694824219,79.80000305175781,78.0199966430664,79.79000091552734,73000,77.07936096191406,0.0
NNI,2021-08-17 20:00:00-04:00,79.70999908447266,79.81999969482422,78.41000366210938,78.72000122070312,53100,76.04569244384766,0.0
NNI,2021-08-18 20:00:00-04:00,78.27999877929688,78.38999938964844,77.08999633789062,77.56999969482422,52800,74.93477630615234,0.0
NNI,2021-08-19 20:00:00-04:00,77.44999694824219,78.69999694824219,77.44999694824219,78.11000061035156,46800,75.45643615722656,0.0
NNI,2021-08-22 20:00:00-04:00,78.0,78.79000091552734,77.73999786376953,78.25,50500,75.5916748046875,0.0
NNI,2021-08-23 20:00:00-04:00,78.25,78.26000213623047,77.36000061035156,77.75,53600,75.10865783691406,0.0
NNI,2021-08-24 20:00:00-04:00,78.25,78.94000244140625,77.91000366210938,78.51000213623047,42400,75.84284210205078,0.0
NNI,2021-08-25 20:00:00-04:00,78.25,78.83000183105469,77.63999938964844,78.37999725341797,55700,75.71725463867188,0.0
NNI,2021-08-26 20:00:00-04:00,78.3499984741211,80.4800033569336,78.3499984741211,80.26000213623047,64100,77.53340148925781,0.0
NNI,2021-08-29 20:00:00-04:00,80.30000305175781,81.12999725341797,80.0999984741211,80.13999938964844,58500,77.41748046875,0.0
NNI,2021-08-30 20:00:00-04:00,79.86000061035156,81.5,79.80000305175781,80.87999725341797,72600,78.347412109375,0.22
NNI,2021-08-31 20:00:00-04:00,81.43000030517578,81.5,80.62999725341797,80.98999786376953,41900,78.45394897460938,0.0
NNI,2021-09-01 20:00:00-04:00,81.45999908447266,81.62999725341797,80.45999908447266,80.87000274658203,41500,78.33771514892578,0.0
NNI,2021-09-02 20:00:00-04:00,80.87000274658203,81.2300033569336,80.18000030517578,81.05999755859375,39700,78.52177429199219,0.0
NNI,2021-09-06 20:00:00-04:00,81.37999725341797,81.48999786376953,80.25,80.83000183105469,56100,78.29898071289062,0.0
NNI,2021-09-07 20:00:00-04:00,80.87000274658203,81.36000061035156,80.27999877929688,81.12000274658203,70600,78.57991027832031,0.0
NNI,2021-09-08 20:00:00-04:00,81.0,81.41000366210938,80.33999633789062,80.4800033569336,79600,77.9599380493164,0.0
NNI,2021-09-09 20:00:00-04:00,80.91000366210938,80.91000366210938,79.25,80.04000091552734,59300,77.53370666503906,0.0
NNI,2021-09-12 20:00:00-04:00,80.27999877929688,80.58999633789062,78.81999969482422,79.76000213623047,53600,77.26246643066406,0.0
NNI,2021-09-13 20:00:00-04:00,80.47000122070312,80.47000122070312,78.95999908447266,79.30999755859375,64300,76.8265609741211,0.0
NNI,2021-09-14 20:00:00-04:00,79.62999725341797,80.19000244140625,78.9800033569336,78.9800033569336,84400,76.50689697265625,0.0
NNI,2021-09-15 20:00:00-04:00,79.27999877929688,79.29000091552734,77.98999786376953,78.83000183105469,66500,76.3615951538086,0.0
NNI,2021-09-16 20:00:00-04:00,79.1500015258789,79.1500015258789,78.13999938964844,78.36000061035156,211000,75.90632629394531,0.0
NNI,2021-09-19 20:00:00-04:00,77.5199966430664,79.12000274658203,77.5199966430664,78.83999633789062,87600,76.37129211425781,0.0
NNI,2021-09-20 20:00:00-04:00,79.25,79.66999816894531,78.5199966430664,79.37000274658203,79200,76.88468933105469,0.0
NNI,2021-09-21 20:00:00-04:00,79.98999786376953,79.98999786376953,78.83999633789062,78.87000274658203,57200,76.40034484863281,0.0
NNI,2021-09-22 20:00:00-04:00,79.22000122070312,80.33999633789062,79.01000213623047,80.0,46200,77.49496459960938,0.0
NNI,2021-09-23 20:00:00-04:00,80.0,80.43000030517578,79.37000274658203,79.41999816894531,52900,76.93310546875,0.0
NNI,2021-09-26 20:00:00-04:00,79.80999755859375,81.2699966430664,79.76000213623047,80.9800033569336,43500,78.44429016113281,0.0
NNI,2021-09-27 20:00:00-04:00,81.19000244140625,81.63999938964844,79.72000122070312,79.80999755859375,38400,77.31092071533203,0.0
NNI,2021-09-28 20:00:00-04:00,79.83000183105469,79.95999908447266,79.38999938964844,79.7300033569336,40100,77.23341369628906,0.0
NNI,2021-09-29 20:00:00-04:00,80.0,80.11000061035156,79.02999877929688,79.23999786376953,55300,76.75875854492188,0.0
NNI,2021-09-30 20:00:00-04:00,79.83000183105469,82.26000213623047,79.73999786376953,81.97000122070312,80300,79.40326690673828,0.0
NNI,2021-10-03 20:00:00-04:00,82.27999877929688,83.62000274658203,82.18000030517578,82.80999755859375,53700,80.21696472167969,0.0
NNI,2021-10-04 20:00:00-04:00,82.94999694824219,83.48999786376953,82.6500015258789,82.94999694824219,46400,80.35257720947266,0.0
NNI,2021-10-05 20:00:00-04:00,82.16999816894531,82.62000274658203,81.52999877929688,82.52999877929688,53000,79.94573974609375,0.0
NNI,2021-10-06 20:00:00-04:00,82.7699966430664,83.33000183105469,82.61000061035156,82.8499984741211,51500,80.25572204589844,0.0
NNI,2021-10-07 20:00:00-04:00,82.8499984741211,83.47000122070312,82.7300033569336,83.01000213623047,25900,80.41071319580078,0.0
NNI,2021-10-10 20:00:00-04:00,83.06999969482422,83.48999786376953,82.80999755859375,82.83999633789062,35600,80.24601745605469,0.0
NNI,2021-10-11 20:00:00-04:00,83.13999938964844,83.7300033569336,82.91999816894531,83.55000305175781,42700,80.9338150024414,0.0
NNI,2021-10-12 20:00:00-04:00,83.55999755859375,83.88999938964844,83.1500015258789,83.73999786376953,35700,81.11784362792969,0.0
NNI,2021-10-13 20:00:00-04:00,84.06999969482422,84.68000030517578,82.19999694824219,83.08999633789062,69100,80.48820495605469,0.0
NNI,2021-10-14 20:00:00-04:00,85.93000030517578,85.93000030517578,83.19000244140625,83.19000244140625,71700,80.58507537841797,0.0
NNI,2021-10-17 20:00:00-04:00,83.33000183105469,83.88999938964844,83.20999908447266,83.76000213623047,43200,81.1372299194336,0.0
NNI,2021-10-18 20:00:00-04:00,83.70999908447266,84.44999694824219,83.58000183105469,84.13999938964844,32400,81.50531768798828,0.0
NNI,2021-10-19 20:00:00-04:00,84.37000274658203,84.8499984741211,84.30000305175781,84.43000030517578,37700,81.78624725341797,0.0
NNI,2021-10-20 20:00:00-04:00,84.43000030517578,84.76000213623047,83.44999694824219,84.37000274658203,49600,81.72813415527344,0.0
NNI,2021-10-21 20:00:00-04:00,84.33999633789062,85.02999877929688,83.72000122070312,84.08000183105469,41200,81.44721221923828,0.0
NNI,2021-10-24 20:00:00-04:00,84.0999984741211,84.41000366210938,83.26000213623047,83.88999938964844,47700,81.2631607055664,0.0
NNI,2021-10-25 20:00:00-04:00,83.9000015258789,84.47000122070312,83.37000274658203,83.4800033569336,44200,80.86599731445312,0.0
NNI,2021-10-26 20:00:00-04:00,83.51000213623047,83.51000213623047,81.37000274658203,81.87999725341797,44600,79.31609344482422,0.0
NNI,2021-10-27 20:00:00-04:00,81.87000274658203,83.0,81.87000274658203,82.72000122070312,48900,80.12979125976562,0.0
NNI,2021-10-28 20:00:00-04:00,82.87999725341797,83.26000213623047,82.37000274658203,82.62999725341797,56400,80.0426025390625,0.0
NNI,2021-10-31 20:00:00-04:00,82.76000213623047,84.4000015258789,82.33999633789062,83.93000030517578,67900,81.30189514160156,0.0
NNI,2021-11-01 20:00:00-04:00,84.30999755859375,84.3499984741211,82.58000183105469,83.20999908447266,55100,80.60443878173828,0.0
NNI,2021-11-02 20:00:00-04:00,82.9800033569336,84.18000030517578,82.79000091552734,83.41000366210938,53300,80.7981948852539,0.0
NNI,2021-11-03 20:00:00-04:00,83.80000305175781,84.01000213623047,82.8499984741211,83.98999786376953,33700,81.36001586914062,0.0
NNI,2021-11-04 20:00:00-04:00,84.5,86.48999786376953,84.5,85.88999938964844,130500,83.20052337646484,0.0
NNI,2021-11-07 19:00:00-05:00,86.44000244140625,87.37999725341797,86.11000061035156,87.01000213623047,61800,84.28545379638672,0.0
NNI,2021-11-08 19:00:00-05:00,84.0,85.87000274658203,82.51000213623047,85.37000274658203,93600,82.69681549072266,0.0
NNI,2021-11-09 19:00:00-05:00,85.68000030517578,86.38999938964844,85.31999969482422,86.05999755859375,61200,83.36520385742188,0.0
NNI,2021-11-10 19:00:00-05:00,86.29000091552734,86.81999969482422,85.88999938964844,86.0999984741211,50300,83.4039535522461,0.0
NNI,2021-11-11 19:00:00-05:00,86.12000274658203,87.76000213623047,85.5,87.44000244140625,61200,84.70199584960938,0.0
NNI,2021-11-14 19:00:00-05:00,87.77999877929688,87.8499984741211,86.73999786376953,87.0199966430664,71500,84.2951431274414,0.0
NNI,2021-11-15 19:00:00-05:00,87.2699966430664,87.62000274658203,86.08000183105469,86.94000244140625,73700,84.2176513671875,0.0
NNI,2021-11-16 19:00:00-05:00,86.30999755859375,87.38999938964844,86.0999984741211,86.83999633789062,68200,84.12077331542969,0.0
NNI,2021-11-17 19:00:00-05:00,87.04000091552734,87.69999694824219,86.7300033569336,87.36000061035156,66400,84.62450408935547,0.0
NNI,2021-11-18 19:00:00-05:00,87.13999938964844,88.16000366210938,86.7699966430664,87.79000091552734,69300,85.0410385131836,0.0
NNI,2021-11-21 19:00:00-05:00,88.37999725341797,88.87000274658203,87.5,87.5199966430664,97900,84.77949523925781,0.0
NNI,2021-11-22 19:00:00-05:00,87.6500015258789,88.69999694824219,87.62000274658203,88.58999633789062,131800,85.81598663330078,0.0
NNI,2021-11-23 19:00:00-05:00,88.55999755859375,89.69999694824219,88.30000305175781,89.62999725341797,85900,86.82342529296875,0.0
NNI,2021-11-25 19:00:00-05:00,88.33000183105469,88.8499984741211,86.58000183105469,87.69999694824219,67300,84.95384979248047,0.0
NNI,2021-11-28 19:00:00-05:00,88.69999694824219,88.69999694824219,85.68000030517578,87.27999877929688,99600,84.5470199584961,0.0
NNI,2021-11-29 19:00:00-05:00,86.43000030517578,87.33999633789062,86.0,86.19999694824219,157100,83.73106384277344,0.24
NNI,2021-11-30 19:00:00-05:00,87.27999877929688,89.08999633789062,86.83999633789062,86.83999633789062,98000,84.35272979736328,0.0
NNI,2021-12-01 19:00:00-05:00,87.27999877929688,89.77999877929688,87.27999877929688,89.23999786376953,130700,86.68399047851562,0.0
NNI,2021-12-02 19:00:00-05:00,89.81999969482422,90.19999694824219,89.0,89.52999877929688,88100,86.96568298339844,0.0
NNI,2021-12-05 19:00:00-05:00,90.44999694824219,94.37000274658203,90.44999694824219,93.83999633789062,213400,91.15223693847656,0.0
NNI,2021-12-06 19:00:00-05:00,94.33000183105469,95.38999938964844,94.13999938964844,94.7699966430664,142500,92.05561065673828,0.0
NNI,2021-12-07 19:00:00-05:00,94.95999908447266,96.55999755859375,94.16000366210938,94.26000213623047,119800,91.56021881103516,0.0
NNI,2021-12-08 19:00:00-05:00,93.62999725341797,94.69000244140625,92.63999938964844,93.80999755859375,106900,91.12309265136719,0.0
NNI,2021-12-09 19:00:00-05:00,94.44000244140625,96.16999816894531,93.66999816894531,96.1500015258789,60500,93.39608001708984,0.0
NNI,2021-12-12 19:00:00-05:00,96.01000213623047,96.73999786376953,94.75,95.87999725341797,77400,93.13381958007812,0.0
NNI,2021-12-13 19:00:00-05:00,96.1500015258789,99.79000091552734,96.1500015258789,98.5999984741211,156800,95.77589416503906,0.0
NNI,2021-12-14 19:00:00-05:00,98.0999984741211,99.23999786376953,96.33000183105469,97.97000122070312,103300,95.16395568847656,0.0
NNI,2021-12-15 19:00:00-05:00,98.08000183105469,99.26000213623047,96.91999816894531,97.23999786376953,83900,94.45484924316406,0.0
NNI,2021-12-16 19:00:00-05:00,96.94999694824219,98.41999816894531,96.30999755859375,96.44000244140625,181500,93.67776489257812,0.0
NNI,2021-12-19 19:00:00-05:00,95.62000274658203,96.02999877929688,94.44999694824219,95.37999725341797,90700,92.64813232421875,0.0
NNI,2021-12-20 19:00:00-05:00,95.77999877929688,97.33000183105469,95.44000244140625,97.0199966430664,60000,94.24114990234375,0.0
NNI,2021-12-21 19:00:00-05:00,97.41999816894531,97.66000366210938,96.45999908447266,97.5199966430664,30600,94.72683715820312,0.0
NNI,2021-12-22 19:00:00-05:00,97.75,98.73999786376953,96.86000061035156,97.5999984741211,30800,94.80455780029297,0.0
NNI,2021-12-26 19:00:00-05:00,97.87999725341797,97.88999938964844,96.83999633789062,97.7699966430664,32100,94.96966552734375,0.0
NNI,2021-12-27 19:00:00-05:00,97.33999633789062,98.62000274658203,97.33999633789062,98.01000213623047,36800,95.20280456542969,0.0
NNI,2021-12-28 19:00:00-05:00,98.16999816894531,98.52999877929688,96.94000244140625,97.44999694824219,34700,94.6588363647461,0.0
NNI,2021-12-29 19:00:00-05:00,97.4800033569336,97.94999694824219,96.69999694824219,97.12000274658203,33800,94.33830261230469,0.0
NNI,2021-12-30 19:00:00-05:00,97.08000183105469,98.2300033569336,96.7300033569336,97.68000030517578,28100,94.88225555419922,0.0
NNI,2022-01-02 19:00:00-05:00,97.79000091552734,98.66999816894531,97.11000061035156,97.2699966430664,35700,94.48399353027344,0.0
NNI,2022-01-03 19:00:00-05:00,97.38999938964844,97.83000183105469,95.5,97.36000061035156,49700,94.5714340209961,0.0
NNI,2022-01-04 19:00:00-05:00,97.83000183105469,97.83000183105469,95.44999694824219,95.77999877929688,48800,93.03666687011719,0.0
NNI,2022-01-05 19:00:00-05:00,95.83999633789062,96.75,95.54000091552734,96.36000061035156,36200,93.60005950927734,0.0
NNI,2022-01-06 19:00:00-05:00,96.16000366210938,97.05999755859375,95.80999755859375,96.75,56300,93.9788818359375,0.0
NNI,2022-01-09 19:00:00-05:00,96.44000244140625,97.1500015258789,95.44000244140625,95.81999969482422,29200,93.07553100585938,0.0
NNI,2022-01-10 19:00:00-05:00,95.41000366210938,95.41000366210938,94.62999725341797,94.80000305175781,53100,92.0847396850586,0.0
NNI,2022-01-11 19:00:00-05:00,94.33999633789062,95.43000030517578,94.05999755859375,94.66999816894531,66200,91.95845794677734,0.0
NNI,2022-01-12 19:00:00-05:00,93.0,94.0999984741211,91.69000244140625,92.79000091552734,89300,90.13230895996094,0.0
NNI,2022-01-13 19:00:00-05:00,92.0199966430664,93.16999816894531,91.30000305175781,92.27999877929688,68800,89.63692474365234,0.0
NNI,2022-01-17 19:00:00-05:00,91.80000305175781,92.30999755859375,91.01000213623047,91.12000274658203,56900,88.51014709472656,0.0
NNI,2022-01-18 19:00:00-05:00,91.26000213623047,91.37000274658203,89.37000274658203,89.44999694824219,63100,86.88797760009766,0.0
NNI,2022-01-19 19:00:00-05:00,89.69999694824219,90.80999755859375,87.97000122070312,88.0199966430664,62900,85.49893951416016,0.0
NNI,2022-01-20 19:00:00-05:00,87.86000061035156,89.47000122070312,86.18000030517578,87.76000213623047,102700,85.24637603759766,0.0
NNI,2022-01-23 19:00:00-05:00,86.94999694824219,88.23999786376953,86.27999877929688,87.9000015258789,107000,85.38237762451172,0.0
NNI,2022-01-24 19:00:00-05:00,87.11000061035156,89.7300033569336,86.55000305175781,88.38999938964844,65400,85.85833740234375,0.0
NNI,2022-01-25 19:00:00-05:00,89.06999969482422,90.12000274658203,86.5199966430664,87.33000183105469,77300,84.82868957519531,0.0
NNI,2022-01-26 19:00:00-05:00,87.98999786376953,88.55999755859375,86.7699966430664,87.19000244140625,57700,84.69270324707031,0.0
NNI,2022-01-27 19:00:00-05:00,87.22000122070312,88.08999633789062,86.33999633789062,88.0199966430664,65200,85.49893951416016,0.0
NNI,2022-01-30 19:00:00-05:00,87.37000274658203,88.55000305175781,87.27999877929688,88.52999877929688,54400,85.99432373046875,0.0
NNI,2022-01-31 19:00:00-05:00,88.27999877929688,88.88999938964844,86.88999938964844,87.47000122070312,82700,84.9646987915039,0.0
NNI,2022-02-01 19:00:00-05:00,86.83000183105469,86.83000183105469,85.63999938964844,86.33999633789062,64100,83.86705017089844,0.0
NNI,2022-02-02 19:00:00-05:00,85.72000122070312,86.0,84.7699966430664,85.27999877929688,83300,82.83741760253906,0.0
NNI,2022-02-03 19:00:00-05:00,85.06999969482422,85.06999969482422,83.41000366210938,84.44000244140625,73200,82.021484375,0.0
NNI,2022-02-06 19:00:00-05:00,84.02999877929688,84.19000244140625,83.27999877929688,83.66999816894531,87500,81.27351379394531,0.0
NNI,2022-02-07 19:00:00-05:00,83.37000274658203,83.9800033569336,82.55999755859375,83.0,122400,80.62271881103516,0.0
NNI,2022-02-08 19:00:00-05:00,83.61000061035156,83.81999969482422,81.0999984741211,81.41000366210938,101500,79.07826232910156,0.0
NNI,2022-02-09 19:00:00-05:00,81.01000213623047,81.5,80.6500015258789,81.19999694824219,182200,78.87427520751953,0.0
NNI,2022-02-10 19:00:00-05:00,81.33999633789062,81.45999908447266,80.04000091552734,80.2300033569336,122100,77.93206787109375,0.0
NNI,2022-02-13 19:00:00-05:00,79.95999908447266,80.48999786376953,79.51000213623047,79.56999969482422,103100,77.29096984863281,0.0
NNI,2022-02-14 19:00:00-05:00,80.0999984741211,81.33999633789062,79.61000061035156,81.0,90200,78.68000793457031,0.0
NNI,2022-02-15 19:00:00-05:00,80.88999938964844,81.7300033569336,80.73999786376953,81.63999938964844,79800,79.30168151855469,0.0
NNI,2022-02-16 19:00:00-05:00,81.05999755859375,81.05999755859375,79.75,80.29000091552734,81600,77.99034881591797,0.0
NNI,2022-02-17 19:00:00-05:00,80.20999908447266,82.16999816894531,79.79000091552734,81.83999633789062,72000,79.49592590332031,0.0
NNI,2022-02-21 19:00:00-05:00,81.76000213623047,82.5,80.38999938964844,81.05000305175781,81700,78.72857666015625,0.0
NNI,2022-02-22 19:00:00-05:00,81.51000213623047,81.61000061035156,80.1500015258789,80.22000122070312,70300,77.92234802246094,0.0
NNI,2022-02-23 19:00:00-05:00,79.0199966430664,79.94999694824219,78.5,79.55000305175781,83800,77.27153015136719,0.0
NNI,2022-02-24 19:00:00-05:00,79.7699966430664,81.88999938964844,79.7699966430664,81.43000030517578,68200,79.09768676757812,0.0
NNI,2022-02-27 19:00:00-05:00,80.29000091552734,80.94999694824219,79.41999816894531,80.55000305175781,106400,78.47418975830078,0.24
NNI,2022-02-28 19:00:00-05:00,80.5,82.77999877929688,80.06999969482422,81.44000244140625,153000,79.34124755859375,0.0
NNI,2022-03-01 19:00:00-05:00,82.01000213623047,84.41000366210938,81.58000183105469,84.0199966430664,101200,81.8547592163086,0.0
NNI,2022-03-02 19:00:00-05:00,84.31999969482422,84.37999725341797,82.5199966430664,83.41000366210938,71400,81.2604751586914,0.0
NNI,2022-03-03 19:00:00-05:00,82.62999725341797,82.87999725341797,81.62999725341797,82.69999694824219,71000,80.56877136230469,0.0
NNI,2022-03-06 19:00:00-05:00,82.37000274658203,82.75,80.25,81.55000305175781,124600,79.44841003417969,0.0
NNI,2022-03-07 19:00:00-05:00,81.54000091552734,83.70999908447266,81.23999786376953,81.61000061035156,128600,79.50686645507812,0.0
NNI,2022-03-08 19:00:00-05:00,82.83000183105469,83.98999786376953,82.26000213623047,82.3499984741211,104600,80.22779083251953,0.0
NNI,2022-03-09 19:00:00-05:00,81.4800033569336,83.83999633789062,81.4800033569336,83.63999938964844,93000,81.48454284667969,0.0
NNI,2022-03-10 19:00:00-05:00,84.27999877929688,85.11000061035156,83.69999694824219,84.37000274658203,91500,82.19574737548828,0.0
NNI,2022-03-13 20:00:00-04:00,83.98999786376953,85.31999969482422,83.93000030517578,85.31999969482422,108900,83.12126159667969,0.0
NNI,2022-03-14 20:00:00-04:00,85.94000244140625,86.55000305175781,84.69000244140625,84.87999725341797,67700,82.69258117675781,0.0
NNI,2022-03-15 20:00:00-04:00,85.5999984741211,86.08999633789062,84.52999877929688,85.44000244140625,170500,83.2381591796875,0.0
NNI,2022-03-16 20:00:00-04:00,85.02999877929688,85.63999938964844,84.69999694824219,85.11000061035156,144700,82.91667175292969,0.0
NNI,2022-03-17 20:00:00-04:00,85.44999694824219,85.79000091552734,84.05999755859375,85.5199966430664,243700,83.31608581542969,0.0
NNI,2022-03-20 20:00:00-04:00,85.33000183105469,85.58999633789062,84.36000061035156,85.08000183105469,156900,82.88744354248047,0.0
NNI,2022-03-21 20:00:00-04:00,85.91000366210938,85.91000366210938,84.69999694824219,85.18000030517578,155600,82.98486328125,0.0
NNI,2022-03-22 20:00:00-04:00,84.83000183105469,85.12999725341797,83.79000091552734,84.72000122070312,91300,82.5367202758789,0.0
NNI,2022-03-23 20:00:00-04:00,84.98999786376953,85.19000244140625,84.45999908447266,84.8499984741211,67100,82.66336822509766,0.0
NNI,2022-03-24 20:00:00-04:00,84.95999908447266,85.5,84.95999908447266,85.5,68400,83.29661560058594,0.0
NNI,2022-03-27 20:00:00-04:00,85.26000213623047,85.48999786376953,84.55999755859375,85.44999694824219,50600,83.24790954589844,0.0
NNI,2022-03-28 20:00:00-04:00,86.1500015258789,88.30999755859375,86.1500015258789,87.69000244140625,73700,85.43018341064453,0.0
NNI,2022-03-29 20:00:00-04:00,87.5,87.5,85.80999755859375,85.97000122070312,41900,83.75450134277344,0.0
NNI,2022-03-30 20:00:00-04:00,86.0199966430664,86.08000183105469,84.94000244140625,84.98999786376953,78500,82.79974365234375,0.0
NNI,2022-03-31 20:00:00-04:00,85.48999786376953,86.19999694824219,84.61000061035156,86.0999984741211,72500,83.88114929199219,0.0
NNI,2022-04-03 20:00:00-04:00,86.25,86.25,85.16000366210938,85.58000183105469,56600,83.37455749511719,0.0
NNI,2022-04-04 20:00:00-04:00,85.7300033569336,86.54000091552734,84.95999908447266,85.05000305175781,64500,82.85822296142578,0.0
NNI,2022-04-05 20:00:00-04:00,84.58999633789062,85.5199966430664,84.19999694824219,85.16000366210938,52600,82.96538543701172,0.0
NNI,2022-04-06 20:00:00-04:00,85.1500015258789,85.18000030517578,84.47000122070312,85.0999984741211,60200,82.90692901611328,0.0
NNI,2022-04-07 20:00:00-04:00,84.87000274658203,85.30000305175781,84.29000091552734,84.63999938964844,99400,82.4587631225586,0.0
NNI,2022-04-10 20:00:00-04:00,84.5999984741211,85.05000305175781,83.87000274658203,84.2300033569336,88400,82.0593490600586,0.0
NNI,2022-04-11 20:00:00-04:00,84.5,85.3499984741211,84.05999755859375,84.30999755859375,77000,82.13728332519531,0.0
NNI,2022-04-12 20:00:00-04:00,84.47000122070312,85.47000122070312,84.16000366210938,85.44999694824219,46700,83.24790954589844,0.0
NNI,2022-04-13 20:00:00-04:00,85.5,86.08999633789062,84.80999755859375,85.11000061035156,47100,82.91667175292969,0.0
NNI,2022-04-17 20:00:00-04:00,84.98999786376953,85.69000244140625,84.83999633789062,85.08000183105469,31900,82.88744354248047,0.0
NNI,2022-04-18 20:00:00-04:00,85.0999984741211,86.30999755859375,85.0999984741211,86.0999984741211,43900,83.88114929199219,0.0
NNI,2022-04-19 20:00:00-04:00,86.66999816894531,87.5199966430664,85.66999816894531,86.29000091552734,54000,84.0662612915039,0.0
NNI,2022-04-20 20:00:00-04:00,86.44999694824219,86.44999694824219,84.83000183105469,84.83000183105469,60500,82.64388275146484,0.0
NNI,2022-04-21 20:00:00-04:00,84.44000244140625,85.05000305175781,83.83999633789062,84.23999786376953,58500,82.069091796875,0.0
NNI,2022-04-24 20:00:00-04:00,84.01000213623047,84.75,82.72000122070312,84.45999908447266,62700,82.28341674804688,0.0
NNI,2022-04-25 20:00:00-04:00,83.79000091552734,84.56999969482422,82.94999694824219,82.94999694824219,86900,80.81231689453125,0.0
NNI,2022-04-26 20:00:00-04:00,82.52999877929688,83.38999938964844,81.80999755859375,81.88999938964844,83300,79.7796401977539,0.0
NNI,2022-04-27 20:00:00-04:00,82.33999633789062,84.37000274658203,81.70999908447266,83.91000366210938,96300,81.74760437011719,0.0
NNI,2022-04-28 20:00:00-04:00,83.4000015258789,83.9800033569336,81.61000061035156,82.06999969482422,118700,79.95500183105469,0.0
NNI,2022-05-01 20:00:00-04:00,81.7300033569336,82.27999877929688,80.01000213623047,80.68000030517578,94300,78.60083770751953,0.0
NNI,2022-05-02 20:00:00-04:00,80.73999786376953,82.80999755859375,80.5,82.04000091552734,86100,79.92578887939453,0.0
NNI,2022-05-03 20:00:00-04:00,82.38999938964844,83.47000122070312,82.19000244140625,83.30000305175781,85400,81.15331268310547,0.0
NNI,2022-05-04 20:00:00-04:00,82.54000091552734,82.83000183105469,81.0199966430664,81.93000030517578,75900,79.81861877441406,0.0
NNI,2022-05-05 20:00:00-04:00,81.62999725341797,81.91999816894531,80.56999969482422,81.91999816894531,84200,79.80887603759766,0.0
NNI,2022-05-08 20:00:00-04:00,81.20999908447266,82.16000366210938,80.68000030517578,80.80000305175781,75300,78.71773529052734,0.0
NNI,2022-05-09 20:00:00-04:00,82.2699966430664,82.91999816894531,79.61000061035156,80.55000305175781,107000,78.47418975830078,0.0
NNI,2022-05-10 20:00:00-04:00,80.86000061035156,81.69999694824219,80.36000061035156,80.94000244140625,64300,78.8541259765625,0.0
NNI,2022-05-11 20:00:00-04:00,80.83999633789062,81.29000091552734,78.61000061035156,80.2699966430664,141100,78.20140075683594,0.0
NNI,2022-05-12 20:00:00-04:00,80.91999816894531,81.93000030517578,80.75,81.30000305175781,101000,79.20486450195312,0.0
NNI,2022-05-15 20:00:00-04:00,81.5,82.8499984741211,80.55000305175781,82.62000274658203,74300,80.49083709716797,0.0
NNI,2022-05-16 20:00:00-04:00,83.0199966430664,84.0,83.0199966430664,83.58000183105469,97700,81.42610931396484,0.0
NNI,2022-05-17 20:00:00-04:00,82.95999908447266,83.48999786376953,81.44000244140625,81.69999694824219,87800,79.59452819824219,0.0
NNI,2022-05-18 20:00:00-04:00,81.33000183105469,82.1500015258789,80.66000366210938,81.22000122070312,110400,79.12692260742188,0.0
NNI,2022-05-19 20:00:00-04:00,81.83999633789062,83.01000213623047,81.31999969482422,82.27999877929688,92300,80.15959167480469,0.0
NNI,2022-05-22 20:00:00-04:00,83.0999984741211,84.11000061035156,82.9800033569336,83.41000366210938,123800,81.2604751586914,0.0
NNI,2022-05-23 20:00:00-04:00,83.58000183105469,83.94000244140625,82.12999725341797,83.62999725341797,79200,81.47480773925781,0.0
NNI,2022-05-24 20:00:00-04:00,83.76000213623047,84.51000213623047,83.58000183105469,83.80999755859375,86200,81.65015411376953,0.0
NNI,2022-05-25 20:00:00-04:00,84.54000091552734,84.87000274658203,83.76000213623047,83.83999633789062,104500,81.67938995361328,0.0
NNI,2022-05-26 20:00:00-04:00,84.41999816894531,84.9800033569336,84.0199966430664,84.7699966430664,78200,82.5854263305664,0.0
NNI,2022-05-30 20:00:00-04:00,84.58000183105469,85.16999816894531,84.05000305175781,84.69000244140625,103500,82.74174499511719,0.24
NNI,2022-05-31 20:00:00-04:00,85.01000213623047,85.01000213623047,83.29000091552734,84.63999938964844,79000,82.69288635253906,0.0
NNI,2022-06-01 20:00:00-04:00,84.44000244140625,85.12999725341797,83.94000244140625,85.12999725341797,63600,83.17162322998047,0.0
NNI,2022-06-02 20:00:00-04:00,84.66999816894531,85.06999969482422,83.2699966430664,83.72000122070312,68900,81.79405212402344,0.0
NNI,2022-06-05 20:00:00-04:00,83.8499984741211,85.05999755859375,83.4000015258789,84.79000091552734,97100,82.83944702148438,0.0
NNI,2022-06-06 20:00:00-04:00,84.43000030517578,86.69999694824219,83.87999725341797,86.61000061035156,122700,84.6175765991211,0.0
NNI,2022-06-07 20:00:00-04:00,86.05999755859375,86.31999969482422,84.26000213623047,85.13999938964844,95700,83.18138885498047,0.0
NNI,2022-06-08 20:00:00-04:00,84.9000015258789,85.19999694824219,83.33999633789062,83.36000061035156,75400,81.44234466552734,0.0
NNI,2022-06-09 20:00:00-04:00,82.62999725341797,82.73999786376953,81.27999877929688,81.31999969482422,69300,79.44927978515625,0.0
NNI,2022-06-12 20:00:00-04:00,79.76000213623047,80.23999786376953,78.04000091552734,78.37999725341797,103300,76.57691192626953,0.0
NNI,2022-06-13 20:00:00-04:00,78.19999694824219,79.19999694824219,77.91000366210938,78.44999694824219,82500,76.64529418945312,0.0
NNI,2022-06-14 20:00:00-04:00,79.18000030517578,79.68000030517578,77.38999938964844,77.7699966430664,151600,75.98094177246094,0.0
NNI,2022-06-15 20:00:00-04:00,77.13999938964844,77.41999816894531,72.94000244140625,73.45999908447266,222100,71.77009582519531,0.0
NNI,2022-06-16 20:00:00-04:00,73.83999633789062,77.77999877929688,73.83999633789062,76.72000122070312,303200,74.9551010131836,0.0
NNI,2022-06-20 20:00:00-04:00,77.70999908447266,79.18000030517578,76.66999816894531,78.69999694824219,168800,76.8895492553711,0.0
NNI,2022-06-21 20:00:00-04:00,77.97000122070312,80.80999755859375,77.9000015258789,80.45999908447266,171000,78.60904693603516,0.0
NNI,2022-06-22 20:00:00-04:00,80.31999969482422,82.69999694824219,80.31999969482422,82.4000015258789,114700,80.50442504882812,0.0
NNI,2022-06-23 20:00:00-04:00,82.5999984741211,86.37999725341797,82.5999984741211,86.16000366210938,456200,84.17794036865234,0.0
NNI,2022-06-26 20:00:00-04:00,86.51000213623047,86.51000213623047,84.91999816894531,85.2699966430664,88800,83.30840301513672,0.0
NNI,2022-06-27 20:00:00-04:00,85.97000122070312,86.44999694824219,84.83000183105469,84.9000015258789,67100,82.9469223022461,0.0
NNI,2022-06-28 20:00:00-04:00,84.58999633789062,85.86000061035156,84.33999633789062,85.52999877929688,87700,83.56242370605469,0.0
NNI,2022-06-29 20:00:00-04:00,84.76000213623047,85.75,84.55999755859375,85.25,74500,83.28884887695312,0.0
NNI,2022-06-30 20:00:00-04:00,85.0,86.54000091552734,85.0,86.25,90200,84.26585388183594,0.0
NNI,2022-07-04 20:00:00-04:00,85.56999969482422,86.2300033569336,83.94999694824219,86.2300033569336,95000,84.246337890625,0.0
NNI,2022-07-05 20:00:00-04:00,86.25,87.18000030517578,85.27999877929688,85.75,78400,83.77735137939453,0.0
NNI,2022-07-06 20:00:00-04:00,85.80000305175781,86.55999755859375,85.5,85.68000030517578,74800,83.70896911621094,0.0
NNI,2022-07-07 20:00:00-04:00,85.51000213623047,86.80999755859375,85.19999694824219,86.0999984741211,78100,84.11930084228516,0.0
NNI,2022-07-10 20:00:00-04:00,85.66000366210938,87.0,85.66000366210938,86.91999816894531,66300,84.92044067382812,0.0
NNI,2022-07-11 20:00:00-04:00,86.72000122070312,88.4000015258789,86.72000122070312,88.06999969482422,127200,86.04399108886719,0.0
NNI,2022-07-12 20:00:00-04:00,87.6500015258789,89.52999877929688,87.6500015258789,89.4800033569336,65600,87.42155456542969,0.0
NNI,2022-07-13 20:00:00-04:00,88.0,88.9000015258789,87.5999984741211,88.6500015258789,58200,86.61064910888672,0.0
NNI,2022-07-14 20:00:00-04:00,89.83000183105469,90.7300033569336,88.7699966430664,90.30000305175781,56000,88.22268676757812,0.0
NNI,2022-07-17 20:00:00-04:00,90.7699966430664,91.8499984741211,90.08999633789062,90.27999877929688,50300,88.20315551757812,0.0
NNI,2022-07-18 20:00:00-04:00,90.69000244140625,92.4800033569336,90.69000244140625,92.37000274658203,65800,90.24507141113281,0.0
NNI,2022-07-19 20:00:00-04:00,92.06999969482422,93.0,91.4000015258789,92.94000244140625,74800,90.80196380615234,0.0
NNI,2022-07-20 20:00:00-04:00,92.37000274658203,93.66999816894531,92.11000061035156,93.63999938964844,53500,91.48584747314453,0.0
NNI,2022-07-21 20:00:00-04:00,93.70999908447266,94.41000366210938,93.19999694824219,94.0,47300,91.83757019042969,0.0
NNI,2022-07-24 20:00:00-04:00,94.08000183105469,94.94000244140625,92.6500015258789,92.77999877929688,61500,90.6456298828125,0.0
NNI,2022-07-25 20:00:00-04:00,92.77999877929688,93.47000122070312,92.33999633789062,92.48999786376953,58800,90.3623046875,0.0
NNI,2022-07-26 20:00:00-04:00,92.37999725341797,93.9000015258789,92.0999984741211,93.81999969482422,82200,91.66171264648438,0.0
NNI,2022-07-27 20:00:00-04:00,94.23999786376953,96.51000213623047,93.9800033569336,95.88999938964844,70100,93.68409729003906,0.0
NNI,2022-07-28 20:00:00-04:00,95.86000061035156,96.0199966430664,94.75,95.08999633789062,37600,92.9024887084961,0.0
NNI,2022-07-31 20:00:00-04:00,94.98999786376953,95.55000305175781,94.2699966430664,95.5,45300,93.3030776977539,0.0
NNI,2022-08-01 20:00:00-04:00,94.83999633789062,94.83999633789062,92.9800033569336,93.16999816894531,37800,91.02665710449219,0.0
NNI,2022-08-02 20:00:00-04:00,93.52999877929688,94.88999938964844,92.7699966430664,94.0999984741211,50500,91.93527221679688,0.0
NNI,2022-08-03 20:00:00-04:00,94.58999633789062,94.58999633789062,92.44999694824219,93.75,45300,91.59333038330078,0.0
NNI,2022-08-04 20:00:00-04:00,93.01000213623047,93.45999908447266,91.98999786376953,93.23999786376953,42400,91.09504699707031,0.0
NNI,2022-08-07 20:00:00-04:00,93.70999908447266,94.16999816894531,93.31999969482422,93.33000183105469,41300,91.18299865722656,0.0
NNI,2022-08-08 20:00:00-04:00,91.37000274658203,93.23999786376953,88.98999786376953,93.0199966430664,75400,90.8801040649414,0.0
NNI,2022-08-09 20:00:00-04:00,93.55999755859375,93.55999755859375,89.83000183105469,89.95999908447266,84700,87.89051818847656,0.0
NNI,2022-08-10 20:00:00-04:00,90.06999969482422,90.97000122070312,89.45999908447266,90.41000366210938,63500,88.33016204833984,0.0
NNI,2022-08-11 20:00:00-04:00,90.26000213623047,91.26000213623047,90.0,91.12999725341797,44300,89.0335922241211,0.0
NNI,2022-08-14 20:00:00-04:00,91.01000213623047,91.4000015258789,89.80000305175781,91.38999938964844,47700,89.28761291503906,0.0
NNI,2022-08-15 20:00:00-04:00,91.1500015258789,91.38999938964844,90.26000213623047,90.91999816894531,55200,88.82843017578125,0.0
NNI,2022-08-16 20:00:00-04:00,90.05999755859375,90.27999877929688,89.30999755859375,89.62000274658203,48900,87.55833435058594,0.0
NNI,2022-08-17 20:00:00-04:00,89.75,90.08999633789062,89.41999816894531,89.83000183105469,37000,87.76351165771484,0.0
NNI,2022-08-18 20:00:00-04:00,89.66999816894531,89.66999816894531,87.98999786376953,88.5199966430664,45600,86.48363494873047,0.0
NNI,2022-08-21 20:00:00-04:00,87.66999816894531,87.77999877929688,86.72000122070312,86.88999938964844,41500,84.8911361694336,0.0
NNI,2022-08-22 20:00:00-04:00,86.52999877929688,86.52999877929688,85.58000183105469,86.0999984741211,50400,84.11930084228516,0.0
NNI,2022-08-23 20:00:00-04:00,85.80000305175781,86.27999877929688,85.0199966430664,85.08000183105469,43100,83.12277221679688,0.0
NNI,2022-08-24 20:00:00-04:00,84.69000244140625,86.06999969482422,84.69000244140625,85.69999694824219,36100,83.72850799560547,0.0
NNI,2022-08-25 20:00:00-04:00,86.18000030517578,86.18000030517578,85.05000305175781,85.61000061035156,65300,83.64057922363281,0.0
NNI,2022-08-28 20:00:00-04:00,85.23999786376953,85.23999786376953,84.19999694824219,84.7300033569336,97300,82.78083801269531,0.0
NNI,2022-08-29 20:00:00-04:00,84.48999786376953,84.52999877929688,83.48999786376953,84.02999877929688,80500,82.096923828125,0.0
NNI,2022-08-30 20:00:00-04:00,84.0,85.29000091552734,83.94000244140625,84.23999786376953,71600,82.53783416748047,0.24
NNI,2022-08-31 20:00:00-04:00,84.0,84.29000091552734,83.01000213623047,83.80999755859375,63100,82.11652374267578,0.0
NNI,2022-09-01 20:00:00-04:00,84.13999938964844,84.7699966430664,83.12999725341797,83.37000274658203,68600,81.6854248046875,0.0
NNI,2022-09-05 20:00:00-04:00,83.06999969482422,83.29000091552734,82.13999938964844,82.31999969482422,66500,80.65663146972656,0.0
NNI,2022-09-06 20:00:00-04:00,82.38999938964844,83.04000091552734,81.91999816894531,82.68000030517578,48200,81.00936126708984,0.0
NNI,2022-09-07 20:00:00-04:00,82.16000366210938,82.20999908447266,81.31999969482422,81.62000274658203,55400,79.97077941894531,0.0
NNI,2022-09-08 20:00:00-04:00,82.12999725341797,82.30000305175781,81.44999694824219,81.9000015258789,48500,80.2451171875,0.0
NNI,2022-09-11 20:00:00-04:00,82.04000091552734,84.0,82.04000091552734,83.30999755859375,80200,81.62663269042969,0.0
NNI,2022-09-12 20:00:00-04:00,81.83000183105469,82.01000213623047,80.26000213623047,80.31999969482422,96300,78.69703674316406,0.0
NNI,2022-09-13 20:00:00-04:00,80.08000183105469,80.5,79.18000030517578,79.70999908447266,63900,78.099365234375,0.0
NNI,2022-09-14 20:00:00-04:00,79.54000091552734,80.55000305175781,79.37000274658203,80.08999633789062,59800,78.47169494628906,0.0
NNI,2022-09-15 20:00:00-04:00,79.79000091552734,81.12999725341797,79.43000030517578,80.95999908447266,236200,79.3241195678711,0.0
NNI,2022-09-18 20:00:00-04:00,80.56999969482422,82.16999816894531,80.54000091552734,82.08000183105469,55700,80.42147827148438,0.0
NNI,2022-09-19 20:00:00-04:00,81.48999786376953,81.48999786376953,80.51000213623047,81.18000030517578,59800,79.53966522216797,0.0
NNI,2022-09-20 20:00:00-04:00,81.75,82.31999969482422,80.76000213623047,80.77999877929688,46500,79.14775085449219,0.0
NNI,2022-09-21 20:00:00-04:00,80.94999694824219,80.9800033569336,80.30000305175781,80.41000366210938,51900,78.78523254394531,0.0
NNI,2022-09-22 20:00:00-04:00,79.6500015258789,80.2699966430664,79.0999984741211,79.83999633789062,86700,78.22674560546875,0.0
NNI,2022-09-25 20:00:00-04:00,79.3499984741211,79.95999908447266,78.80000305175781,79.08999633789062,64700,77.49188995361328,0.0
NNI,2022-09-26 20:00:00-04:00,79.04000091552734,79.94000244140625,78.41000366210938,78.44000244140625,50700,76.85504150390625,0.0
NNI,2022-09-27 20:00:00-04:00,78.83000183105469,81.0999984741211,78.83000183105469,80.48999786376953,51900,78.86360168457031,0.0
NNI,2022-09-28 20:00:00-04:00,79.83999633789062,80.33000183105469,78.51000213623047,79.5,69800,77.89360809326172,0.0
NNI,2022-09-29 20:00:00-04:00,79.55000305175781,80.79000091552734,79.13999938964844,79.19000244140625,60300,77.58988952636719,0.0
NNI,2022-10-02 20:00:00-04:00,79.80000305175781,80.52999877929688,79.4000015258789,79.94000244140625,40900,78.3247299194336,0.0
NNI,2022-10-03 20:00:00-04:00,80.73999786376953,82.7300033569336,80.73999786376953,82.68000030517578,60600,81.00936126708984,0.0
NNI,2022-10-04 20:00:00-04:00,81.80999755859375,81.97000122070312,81.01000213623047,81.79000091552734,35900,80.1373519897461,0.0
NNI,2022-10-05 20:00:00-04:00,81.16000366210938,81.69999694824219,81.0,81.43000030517578,38800,79.78462982177734,0.0
NNI,2022-10-06 20:00:00-04:00,81.05999755859375,81.26000213623047,79.77999877929688,80.08000183105469,68800,78.46189880371094,0.0
NNI,2022-10-09 20:00:00-04:00,80.38999938964844,80.9800033569336,79.44000244140625,80.52999877929688,43000,78.90280151367188,0.0
NNI,2022-10-10 20:00:00-04:00,80.08999633789062,82.38999938964844,80.08999633789062,81.97000122070312,60600,80.31370544433594,0.0
NNI,2022-10-11 20:00:00-04:00,82.06999969482422,82.56999969482422,81.4000015258789,82.27999877929688,43500,80.61743927001953,0.0
NNI,2022-10-12 20:00:00-04:00,80.88999938964844,83.70999908447266,80.88999938964844,83.33999633789062,50900,81.65601348876953,0.0
NNI,2022-10-13 20:00:00-04:00,84.0999984741211,84.25,82.69999694824219,82.83000183105469,30300,81.15632629394531,0.0
NNI,2022-10-16 20:00:00-04:00,83.87999725341797,84.16000366210938,82.75,83.2300033569336,78500,81.54824829101562,0.0
NNI,2022-10-17 20:00:00-04:00,83.77999877929688,84.98999786376953,83.77999877929688,84.69999694824219,49300,82.98854064941406,0.0
NNI,2022-10-18 20:00:00-04:00,84.63999938964844,84.63999938964844,82.68000030517578,83.70999908447266,41200,82.0185546875,0.0
NNI,2022-10-19 20:00:00-04:00,84.0199966430664,84.0199966430664,82.3499984741211,82.98999786376953,50200,81.31309509277344,0.0
NNI,2022-10-20 20:00:00-04:00,83.33999633789062,85.0,82.76000213623047,84.94999694824219,36700,83.23348999023438,0.0
NNI,2022-10-23 20:00:00-04:00,85.0,87.19000244140625,84.98999786376953,87.16999816894531,47000,85.40863037109375,0.0
NNI,2022-10-24 20:00:00-04:00,86.98999786376953,89.56999969482422,86.98999786376953,88.62999725341797,39600,86.83911895751953,0.0
NNI,2022-10-25 20:00:00-04:00,89.08000183105469,89.08000183105469,87.13999938964844,87.16999816894531,38800,85.40863037109375,0.0
NNI,2022-10-26 20:00:00-04:00,87.70999908447266,89.16999816894531,87.38999938964844,87.58000183105469,35800,85.81034851074219,0.0
NNI,2022-10-27 20:00:00-04:00,88.12999725341797,90.3499984741211,87.94999694824219,89.79000091552734,46300,87.97569274902344,0.0
NNI,2022-10-30 20:00:00-04:00,89.41999816894531,89.98999786376953,89.0,89.08999633789062,53300,87.28984069824219,0.0
NNI,2022-10-31 20:00:00-04:00,89.2300033569336,89.58000183105469,88.73999786376953,89.05999755859375,42400,87.26044464111328,0.0
NNI,2022-11-01 20:00:00-04:00,88.66999816894531,89.91999816894531,87.55000305175781,88.1500015258789,34700,86.36882781982422,0.0
NNI,2022-11-02 20:00:00-04:00,87.08000183105469,88.38999938964844,86.19999694824219,87.41999816894531,31500,85.65357971191406,0.0
NNI,2022-11-03 20:00:00-04:00,88.5199966430664,88.91000366210938,87.33000183105469,88.58999633789062,25600,86.79993438720703,0.0
NNI,2022-11-06 19:00:00-05:00,89.30999755859375,89.75,87.97000122070312,89.56999969482422,35400,87.76014709472656,0.0
NNI,2022-11-07 19:00:00-05:00,89.98999786376953,91.79000091552734,88.19000244140625,89.83000183105469,58300,88.01488494873047,0.0
NNI,2022-11-08 19:00:00-05:00,90.0,93.70999908447266,89.05999755859375,93.08999633789062,84700,91.2090072631836,0.0
NNI,2022-11-09 19:00:00-05:00,94.0,96.06999969482422,93.8499984741211,96.05000305175781,80300,94.10921478271484,0.0
NNI,2022-11-10 19:00:00-05:00,96.2699966430664,97.16999816894531,95.68000030517578,95.83999633789062,55800,93.9034423828125,0.0
NNI,2022-11-13 19:00:00-05:00,95.48999786376953,96.91000366210938,95.0,95.98999786376953,42100,94.0504150390625,0.0
NNI,2022-11-14 19:00:00-05:00,97.25,98.16999816894531,96.70999908447266,97.66000366210938,75900,95.68668365478516,0.0
NNI,2022-11-15 19:00:00-05:00,97.80999755859375,98.48999786376953,97.0999984741211,97.87999725341797,49200,95.9022216796875,0.0
NNI,2022-11-16 19:00:00-05:00,98.04000091552734,98.9800033569336,96.5999984741211,97.33000183105469,38700,95.36334228515625,0.0
NNI,2022-11-17 19:00:00-05:00,98.9000015258789,99.20999908447266,97.5999984741211,98.08000183105469,43300,96.09819030761719,0.0
NNI,2022-11-20 19:00:00-05:00,98.44999694824219,99.11000061035156,97.91000366210938,98.58999633789062,58000,96.5978775024414,0.0
NNI,2022-11-21 19:00:00-05:00,98.9800033569336,99.33000183105469,98.31999969482422,99.02999877929688,40400,97.02898406982422,0.0
NNI,2022-11-22 19:00:00-05:00,99.33000183105469,99.33000183105469,98.02999877929688,98.98999786376953,33300,96.98979187011719,0.0
NNI,2022-11-24 19:00:00-05:00,98.7300033569336,99.4000015258789,98.56999969482422,98.66999816894531,25300,96.67625427246094,0.0
NNI,2022-11-27 19:00:00-05:00,97.87999725341797,98.66999816894531,96.6500015258789,97.30999755859375,45300,95.34373474121094,0.0
NNI,2022-11-28 19:00:00-05:00,97.12999725341797,98.30999755859375,97.12999725341797,98.12000274658203,30100,96.13739013671875,0.0
NNI,2022-11-29 19:00:00-05:00,97.9000015258789,99.48999786376953,96.58000183105469,98.54000091552734,71200,96.80541229248047,0.26
NNI,2022-11-30 19:00:00-05:00,99.33999633789062,99.37000274658203,97.91999816894531,98.94000244140625,41200,97.19837188720703,0.0
NNI,2022-12-01 19:00:00-05:00,98.3499984741211,99.23999786376953,97.18000030517578,98.8499984741211,45200,97.10994720458984,0.0
NNI,2022-12-04 19:00:00-05:00,98.45999908447266,98.45999908447266,96.0,97.25,63400,95.5381088256836,0.0
NNI,2022-12-05 19:00:00-05:00,97.01000213623047,97.0999984741211,94.66999816894531,95.43000030517578,65100,93.75015258789062,0.0
NNI,2022-12-06 19:00:00-05:00,95.91000366210938,95.91000366210938,94.19999694824219,94.70999908447266,42400,93.04283142089844,0.0
NNI,2022-12-07 19:00:00-05:00,94.20999908447266,95.05000305175781,93.27999877929688,93.66999816894531,45300,92.02112579345703,0.0
NNI,2022-12-08 19:00:00-05:00,93.16999816894531,94.25,92.3499984741211,93.18000030517578,37200,91.53975677490234,0.0
NNI,2022-12-11 19:00:00-05:00,93.37999725341797,94.62000274658203,92.1500015258789,94.2699966430664,66700,92.61056518554688,0.0
NNI,2022-12-12 19:00:00-05:00,96.86000061035156,97.02999877929688,94.33000183105469,94.38999938964844,116100,92.72845458984375,0.0
NNI,2022-12-13 19:00:00-05:00,94.61000061035156,95.2699966430664,93.2699966430664,94.26000213623047,105100,92.60075378417969,0.0
NNI,2022-12-14 19:00:00-05:00,93.19000244140625,94.25,92.87999725341797,93.93000030517578,104900,92.27655792236328,0.0
NNI,2022-12-15 19:00:00-05:00,93.04000091552734,94.11000061035156,91.4000015258789,92.05999755859375,138900,90.4394760131836,0.0
NNI,2022-12-18 19:00:00-05:00,91.29000091552734,92.16000366210938,90.38999938964844,90.58000183105469,77800,88.98553466796875,0.0
NNI,2022-12-19 19:00:00-05:00,90.29000091552734,91.83000183105469,90.29000091552734,91.13999938964844,85300,89.53567504882812,0.0
NNI,2022-12-20 19:00:00-05:00,91.76000213623047,91.76000213623047,90.98999786376953,91.16999816894531,53100,89.56514739990234,0.0
NNI,2022-12-21 19:00:00-05:00,90.66000366210938,90.66000366210938,88.91000366210938,89.70999908447266,47400,88.13084411621094,0.0
NNI,2022-12-22 19:00:00-05:00,89.4800033569336,90.30000305175781,89.30999755859375,89.5999984741211,43900,88.02278137207031,0.0
NNI,2022-12-26 19:00:00-05:00,90.01000213623047,90.01000213623047,89.06999969482422,89.7300033569336,31100,88.15049743652344,0.0
NNI,2022-12-27 19:00:00-05:00,89.58000183105469,90.12999725341797,88.91000366210938,89.0199966430664,36100,87.4529800415039,0.0
NNI,2022-12-28 19:00:00-05:00,89.36000061035156,91.4000015258789,89.16000366210938,91.19999694824219,47500,89.59461975097656,0.0
NNI,2022-12-29 19:00:00-05:00,90.83000183105469,91.36000061035156,90.52999877929688,90.75,32800,89.15252685546875,0.0
NNI,2023-01-02 19:00:00-05:00,91.47000122070312,91.62999725341797,89.45999908447266,89.94000244140625,54000,88.35679626464844,0.0
NNI,2023-01-03 19:00:00-05:00,90.83000183105469,91.63999938964844,90.27999877929688,90.81999969482422,40000,89.22130584716797,0.0
NNI,2023-01-04 19:00:00-05:00,90.80000305175781,90.80000305175781,88.97000122070312,89.18000030517578,52000,87.61016845703125,0.0
NNI,2023-01-05 19:00:00-05:00,89.87000274658203,91.05999755859375,89.87000274658203,91.05999755859375,29600,89.45706939697266,0.0
NNI,2023-01-08 19:00:00-05:00,91.22000122070312,91.22000122070312,90.69999694824219,91.05000305175781,30600,89.44725799560547,0.0
NNI,2023-01-09 19:00:00-05:00,90.7300033569336,93.06999969482422,90.7300033569336,92.88999938964844,38800,91.25486755371094,0.0
NNI,2023-01-10 19:00:00-05:00,92.66000366210938,93.66999816894531,92.41000366210938,92.80999755859375,57400,91.17627716064453,0.0
NNI,2023-01-11 19:00:00-05:00,93.06999969482422,93.70999908447266,93.01000213623047,93.12999725341797,36900,91.49064636230469,0.0
NNI,2023-01-12 19:00:00-05:00,92.66000366210938,94.20999908447266,92.66000366210938,93.87999725341797,26000,92.2274398803711,0.0
NNI,2023-01-16 19:00:00-05:00,94.06999969482422,94.33999633789062,93.06999969482422,93.18000030517578,34900,91.53975677490234,0.0
NNI,2023-01-17 19:00:00-05:00,93.52999877929688,93.91000366210938,91.70999908447266,91.86000061035156,24200,90.24299621582031,0.0
NNI,2023-01-18 19:00:00-05:00,91.06999969482422,92.16000366210938,90.33000183105469,91.08999633789062,40300,89.4865493774414,0.0
NNI,2023-01-19 19:00:00-05:00,91.66999816894531,91.9800033569336,91.25,91.9800033569336,48100,90.36088562011719,0.0
NNI,2023-01-22 19:00:00-05:00,92.20999908447266,93.41000366210938,91.98999786376953,92.81999969482422,40200,91.18609619140625,0.0
NNI,2023-01-23 19:00:00-05:00,93.19999694824219,94.0999984741211,92.66000366210938,93.7300033569336,32700,92.08009338378906,0.0
NNI,2023-01-24 19:00:00-05:00,93.08000183105469,94.3499984741211,93.08000183105469,94.2300033569336,29800,92.5712890625,0.0
NNI,2023-01-25 19:00:00-05:00,94.87000274658203,94.87000274658203,94.05000305175781,94.87000274658203,28900,93.20001220703125,0.0
NNI,2023-01-26 19:00:00-05:00,94.73999786376953,95.02999877929688,94.05000305175781,94.05999755859375,24100,92.40426635742188,0.0
NNI,2023-01-29 19:00:00-05:00,93.77999877929688,95.02999877929688,93.77999877929688,94.3499984741211,33700,92.68917083740234,0.0
NNI,2023-01-30 19:00:00-05:00,94.9800033569336,95.58999633789062,94.5999984741211,95.48999786376953,55800,93.80908966064453,0.0
NNI,2023-01-31 19:00:00-05:00,94.94999694824219,96.72000122070312,94.94999694824219,95.72000122070312,35200,94.03504943847656,0.0
NNI,2023-02-01 19:00:00-05:00,95.56999969482422,96.95999908447266,95.44999694824219,96.1500015258789,48900,94.45748901367188,0.0
NNI,2023-02-02 19:00:00-05:00,95.55999755859375,96.5999984741211,95.05999755859375,96.44000244140625,45100,94.74237823486328,0.0
NNI,2023-02-05 19:00:00-05:00,96.43000030517578,96.43000030517578,95.52999877929688,95.87000274658203,26700,94.18241119384766,0.0
NNI,2023-02-06 19:00:00-05:00,95.43000030517578,97.0199966430664,95.08000183105469,96.69000244140625,33500,94.98797607421875,0.0
NNI,2023-02-07 19:00:00-05:00,96.12000274658203,96.41000366210938,95.23999786376953,95.63999938964844,38100,93.95645141601562,0.0
NNI,2023-02-08 19:00:00-05:00,95.91999816894531,96.13999938964844,94.30000305175781,94.66000366210938,29100,92.99370574951172,0.0
NNI,2023-02-09 19:00:00-05:00,94.52999877929688,95.19999694824219,94.0999984741211,94.91999816894531,19100,93.24913787841797,0.0
NNI,2023-02-12 19:00:00-05:00,94.94000244140625,95.8499984741211,94.94000244140625,95.33999633789062,28600,93.66172790527344,0.0
NNI,2023-02-13 19:00:00-05:00,95.4000015258789,96.23999786376953,94.69000244140625,94.69999694824219,32100,93.03300476074219,0.0
NNI,2023-02-14 19:00:00-05:00,93.97000122070312,95.83000183105469,93.06999969482422,95.27999877929688,34600,93.60279083251953,0.0
NNI,2023-02-15 19:00:00-05:00,94.97000122070312,95.79000091552734,94.41000366210938,95.23999786376953,27200,93.56348419189453,0.0
NNI,2023-02-16 19:00:00-05:00,95.62000274658203,95.68000030517578,94.18000030517578,94.7300033569336,43300,93.06248474121094,0.0
NNI,2023-02-20 19:00:00-05:00,93.9000015258789,94.5199966430664,93.08000183105469,94.05000305175781,45200,92.39445495605469,0.0
NNI,2023-02-21 19:00:00-05:00,94.16000366210938,95.01000213623047,93.75,94.12999725341797,28600,92.47303771972656,0.0
NNI,2023-02-22 19:00:00-05:00,94.73999786376953,95.02999877929688,93.45999908447266,94.83000183105469,39800,93.16072082519531,0.0
NNI,2023-02-23 19:00:00-05:00,94.44000244140625,94.97000122070312,93.5999984741211,94.22000122070312,31400,92.56144714355469,0.0
NNI,2023-02-26 19:00:00-05:00,94.95999908447266,94.98999786376953,93.41999816894531,93.54000091552734,23300,91.8934326171875,0.0
NNI,2023-02-27 19:00:00-05:00,93.76000213623047,94.1500015258789,93.19000244140625,93.87000274658203,58200,92.47464752197266,0.26
NNI,2023-02-28 19:00:00-05:00,90.13999938964844,92.05000305175781,89.73999786376953,90.75,116300,89.4010238647461,0.0
NNI,2023-03-01 19:00:00-05:00,90.0999984741211,91.81999969482422,89.54000091552734,90.4000015258789,74200,89.05622863769531,0.0
NNI,2023-03-02 19:00:00-05:00,90.56999969482422,91.70999908447266,89.37999725341797,91.20999908447266,39800,89.85418701171875,0.0
NNI,2023-03-05 19:00:00-05:00,91.55999755859375,92.93000030517578,91.22000122070312,92.69999694824219,52100,91.32203674316406,0.0
NNI,2023-03-06 19:00:00-05:00,92.5199966430664,92.9000015258789,91.38999938964844,91.72000122070312,57500,90.35661315917969,0.0
NNI,2023-03-07 19:00:00-05:00,91.91000366210938,92.05999755859375,91.13999938964844,91.75,33100,90.38616180419922,0.0
NNI,2023-03-08 19:00:00-05:00,91.69000244140625,92.13999938964844,90.58000183105469,91.0,53600,89.6473159790039,0.0
NNI,2023-03-09 19:00:00-05:00,90.58000183105469,90.80999755859375,89.30999755859375,90.43000030517578,89200,89.08578491210938,0.0
NNI,2023-03-12 20:00:00-04:00,89.38999938964844,90.91999816894531,87.02999877929688,89.20999908447266,92600,87.8839111328125,0.0
NNI,2023-03-13 20:00:00-04:00,90.44999694824219,91.58999633789062,90.2300033569336,90.87000274658203,74400,89.51924896240234,0.0
NNI,2023-03-14 20:00:00-04:00,89.37000274658203,90.5199966430664,88.12999725341797,89.91000366210938,88600,88.57352447509766,0.0
NNI,2023-03-15 20:00:00-04:00,89.11000061035156,91.98999786376953,88.36000061035156,91.04000091552734,61200,89.68672180175781,0.0
NNI,2023-03-16 20:00:00-04:00,89.94999694824219,89.94999694824219,88.62000274658203,89.18000030517578,137000,87.85436248779297,0.0
NNI,2023-03-19 20:00:00-04:00,89.45999908447266,90.88999938964844,89.44999694824219,89.87999725341797,49900,88.5439682006836,0.0
NNI,2023-03-20 20:00:00-04:00,90.91999816894531,92.20999908447266,90.66000366210938,91.12000274658203,35700,89.7655258178711,0.0
NNI,2023-03-21 20:00:00-04:00,91.2300033569336,91.83000183105469,90.5,90.68000030517578,48600,89.33206939697266,0.0
NNI,2023-03-22 20:00:00-04:00,90.80999755859375,91.2699966430664,89.20999908447266,90.22000122070312,62300,88.87891387939453,0.0
NNI,2023-03-23 20:00:00-04:00,88.45999908447266,89.81999969482422,87.01000213623047,89.66999816894531,98800,88.33707427978516,0.0
NNI,2023-03-26 20:00:00-04:00,90.47000122070312,90.80000305175781,90.2300033569336,90.66000366210938,38500,89.31236267089844,0.0
NNI,2023-03-27 20:00:00-04:00,90.29000091552734,90.63999938964844,89.73999786376953,90.48999786376953,40500,89.14488983154297,0.0
NNI,2023-03-28 20:00:00-04:00,90.91999816894531,91.20999908447266,90.37000274658203,90.94000244140625,38300,89.58821105957031,0.0
NNI,2023-03-29 20:00:00-04:00,91.13999938964844,91.13999938964844,90.19000244140625,90.48999786376953,30400,89.14488983154297,0.0
NNI,2023-03-30 20:00:00-04:00,90.66999816894531,91.94999694824219,90.66999816894531,91.88999938964844,56400,90.52408599853516,0.0
NNI,2023-04-02 20:00:00-04:00,91.79000091552734,92.20999908447266,90.62000274658203,91.08999633789062,48800,89.7359619140625,0.0
NNI,2023-04-03 20:00:00-04:00,91.22000122070312,91.22000122070312,89.56999969482422,90.95999908447266,45600,89.60790252685547,0.0
NNI,2023-04-04 20:00:00-04:00,90.51000213623047,91.25,90.19000244140625,91.20999908447266,40100,89.85418701171875,0.0
NNI,2023-04-05 20:00:00-04:00,91.44999694824219,91.58999633789062,90.70999908447266,91.05000305175781,34700,89.69657135009766,0.0
NNI,2023-04-09 20:00:00-04:00,90.68000030517578,91.62000274658203,90.62000274658203,91.56999969482422,35000,90.2088394165039,0.0
NNI,2023-04-10 20:00:00-04:00,91.4000015258789,92.30000305175781,91.12000274658203,91.12999725341797,35200,89.775390625,0.0
NNI,2023-04-11 20:00:00-04:00,91.6500015258789,91.6500015258789,90.26000213623047,90.76000213623047,33800,89.41088104248047,0.0
NNI,2023-04-12 20:00:00-04:00,90.3499984741211,91.23999786376953,90.30000305175781,90.68000030517578,57400,89.33206939697266,0.0
NNI,2023-04-13 20:00:00-04:00,90.98999786376953,91.22000122070312,90.0999984741211,91.01000213623047,45000,89.65716552734375,0.0
NNI,2023-04-16 20:00:00-04:00,90.87000274658203,92.05000305175781,90.70999908447266,91.94999694824219,31500,90.58319854736328,0.0
NNI,2023-04-17 20:00:00-04:00,91.7699966430664,92.69999694824219,90.87999725341797,91.94000244140625,42300,90.5733413696289,0.0
NNI,2023-04-18 20:00:00-04:00,91.44999694824219,93.87999725341797,91.44999694824219,93.56999969482422,28500,92.17910766601562,0.0
NNI,2023-04-19 20:00:00-04:00,92.95999908447266,94.80999755859375,92.95999908447266,94.69999694824219,32800,93.29231262207031,0.0
NNI,2023-04-20 20:00:00-04:00,95.08999633789062,95.7699966430664,94.2300033569336,95.63999938964844,44600,94.21834564208984,0.0
NNI,2023-04-23 20:00:00-04:00,95.48999786376953,96.25,94.80999755859375,94.91999816894531,22500,93.50904083251953,0.0
NNI,2023-04-24 20:00:00-04:00,94.22000122070312,94.66000366210938,93.1500015258789,93.83000183105469,32700,92.43524932861328,0.0
NNI,2023-04-25 20:00:00-04:00,93.29000091552734,94.41000366210938,93.04000091552734,93.75,33400,92.35643005371094,0.0
NNI,2023-04-26 20:00:00-04:00,94.05000305175781,95.69999694824219,93.83000183105469,95.5,19300,94.0804214477539,0.0
NNI,2023-04-27 20:00:00-04:00,95.41999816894531,96.81999969482422,95.41999816894531,96.30000305175781,34800,94.8685302734375,0.0
NNI,2023-04-30 20:00:00-04:00,96.44000244140625,97.43000030517578,96.06999969482422,96.62000274658203,26100,95.18377685546875,0.0
NNI,2023-05-01 20:00:00-04:00,95.97000122070312,95.97000122070312,93.37000274658203,94.37999725341797,37700,92.9770736694336,0.0
NNI,2023-05-02 20:00:00-04:00,94.66000366210938,96.16000366210938,94.06999969482422,94.2699966430664,39300,92.86869812011719,0.0
NNI,2023-05-03 20:00:00-04:00,93.52999877929688,93.56999969482422,91.72000122070312,92.73999786376953,39400,91.3614501953125,0.0
NNI,2023-05-04 20:00:00-04:00,93.76000213623047,94.77999877929688,93.63999938964844,94.30000305175781,33200,92.89826202392578,0.0
NNI,2023-05-07 20:00:00-04:00,93.80999755859375,94.27999877929688,93.47000122070312,93.94000244140625,22900,92.54360961914062,0.0
NNI,2023-05-08 20:00:00-04:00,94.04000091552734,94.98999786376953,93.04000091552734,93.25,23300,91.86386108398438,0.0
NNI,2023-05-09 20:00:00-04:00,94.12999725341797,94.36000061035156,92.9800033569336,93.94000244140625,40800,92.54360961914062,0.0
NNI,2023-05-10 20:00:00-04:00,93.61000061035156,94.23999786376953,92.69000244140625,93.6500015258789,38600,92.25792694091797,0.0
NNI,2023-05-11 20:00:00-04:00,93.91000366210938,93.91000366210938,92.87999725341797,93.48999786376953,24000,92.10029602050781,0.0
NNI,2023-05-14 20:00:00-04:00,93.7300033569336,94.75,93.54000091552734,94.25,23800,92.8489990234375,0.0
NNI,2023-05-15 20:00:00-04:00,93.76000213623047,94.93000030517578,93.2300033569336,94.47000122070312,18800,93.06573486328125,0.0
NNI,2023-05-16 20:00:00-04:00,95.01000213623047,96.12999725341797,94.05999755859375,95.72000122070312,38600,94.29715728759766,0.0
NNI,2023-05-17 20:00:00-04:00,95.12999725341797,96.12999725341797,94.12999725341797,94.9000015258789,54400,93.48934936523438,0.0
NNI,2023-05-18 20:00:00-04:00,95.55000305175781,95.55000305175781,94.37000274658203,94.95999908447266,31500,93.54845428466797,0.0
NNI,2023-05-21 20:00:00-04:00,95.06999969482422,95.41000366210938,94.55999755859375,94.93000030517578,37700,93.5188980102539,0.0
NNI,2023-05-22 20:00:00-04:00,94.77999877929688,95.47000122070312,94.4800033569336,94.83000183105469,40100,93.4203872680664,0.0
NNI,2023-05-23 20:00:00-04:00,94.41999816894531,94.41999816894531,92.5,93.0999984741211,68000,91.71609497070312,0.0
NNI,2023-05-24 20:00:00-04:00,92.48999786376953,93.25,92.4800033569336,92.73999786376953,54500,91.3614501953125,0.0
NNI,2023-05-25 20:00:00-04:00,92.9000015258789,93.9800033569336,92.63999938964844,93.31999969482422,36000,91.9328384399414,0.0
NNI,2023-05-29 20:00:00-04:00,92.94000244140625,93.33000183105469,92.68000030517578,93.30999755859375,28500,91.92296600341797,0.0
NNI,2023-05-30 20:00:00-04:00,92.68000030517578,93.05999755859375,91.43000030517578,92.5,89200,91.37963104248047,0.26
NNI,2023-05-31 20:00:00-04:00,92.70999908447266,94.51000213623047,92.47000122070312,93.9800033569336,50500,92.84172058105469,0.0
NNI,2023-06-01 20:00:00-04:00,94.91000366210938,97.18000030517578,94.04000091552734,97.01000213623047,64400,95.83501434326172,0.0
NNI,2023-06-04 20:00:00-04:00,96.69000244140625,96.69000244140625,95.20999908447266,96.30000305175781,34000,95.13361358642578,0.0
NNI,2023-06-05 20:00:00-04:00,96.30000305175781,99.37999725341797,96.30000305175781,98.93000030517578,68900,97.73175811767578,0.0
NNI,2023-06-06 20:00:00-04:00,98.3499984741211,101.02999877929688,98.3499984741211,100.66999816894531,85100,99.45068359375,0.0
NNI,2023-06-07 20:00:00-04:00,100.0,100.72000122070312,99.9000015258789,100.55999755859375,52600,99.34201049804688,0.0
NNI,2023-06-08 20:00:00-04:00,100.70999908447266,100.88999938964844,100.0,100.30000305175781,44000,99.08516693115234,0.0
NNI,2023-06-11 20:00:00-04:00,99.72000122070312,100.11000061035156,98.18000030517578,98.70999908447266,55400,97.5144271850586,0.0
NNI,2023-06-12 20:00:00-04:00,98.70999908447266,100.69999694824219,98.69999694824219,100.18000030517578,60600,98.96662139892578,0.0
NNI,2023-06-13 20:00:00-04:00,99.94999694824219,101.5999984741211,99.9000015258789,100.58999633789062,87900,99.37164306640625,0.0
NNI,2023-06-14 20:00:00-04:00,99.58999633789062,101.45999908447266,99.30999755859375,101.0999984741211,88700,99.87547302246094,0.0
NNI,2023-06-15 20:00:00-04:00,101.56999969482422,101.56999969482422,99.69000244140625,99.75,106100,98.54182434082031,0.0
NNI,2023-06-19 20:00:00-04:00,99.38999938964844,99.9800033569336,98.47000122070312,99.16999816894531,69400,97.9688491821289,0.0
NNI,2023-06-20 20:00:00-04:00,98.7300033569336,99.02999877929688,97.91999816894531,98.43000030517578,89300,97.23780822753906,0.0
NNI,2023-06-21 20:00:00-04:00,98.12999725341797,98.12999725341797,96.97000122070312,97.72000122070312,41400,96.53641510009766,0.0
NNI,2023-06-22 20:00:00-04:00,96.7300033569336,97.48999786376953,95.69999694824219,96.11000061035156,98300,94.94591522216797,0.0
NNI,2023-06-25 20:00:00-04:00,95.91999816894531,96.44999694824219,95.55999755859375,95.75,53000,94.59027099609375,0.0
NNI,2023-06-26 20:00:00-04:00,95.75,96.3499984741211,95.2300033569336,95.61000061035156,39800,94.45196533203125,0.0
NNI,2023-06-27 20:00:00-04:00,95.33000183105469,95.54000091552734,94.73999786376953,94.83999633789062,64700,93.69129180908203,0.0
NNI,2023-06-28 20:00:00-04:00,95.05000305175781,95.94999694824219,94.80999755859375,95.79000091552734,40200,94.62979125976562,0.0
NNI,2023-06-29 20:00:00-04:00,96.56999969482422,97.45999908447266,94.79000091552734,96.4800033569336,67300,95.31143951416016,0.0
NNI,2023-07-02 20:00:00-04:00,95.77999877929688,96.88999938964844,95.76000213623047,96.88999938964844,13500,95.71646881103516,0.0
NNI,2023-07-04 20:00:00-04:00,96.01000213623047,96.08000183105469,95.30999755859375,95.52999877929688,53100,94.37294006347656,0.0
NNI,2023-07-05 20:00:00-04:00,94.93000030517578,95.02999877929688,94.56999969482422,94.91000366210938,49800,93.76045227050781,0.0
NNI,2023-07-06 20:00:00-04:00,94.76000213623047,95.69999694824219,94.76000213623047,94.98999786376953,56500,93.83946990966797,0.0
NNI,2023-07-09 20:00:00-04:00,94.98999786376953,95.94999694824219,94.98999786376953,95.51000213623047,53300,94.35317993164062,0.0
NNI,2023-07-10 20:00:00-04:00,96.05000305175781,96.66999816894531,96.05000305175781,96.56999969482422,28000,95.40034484863281,0.0
NNI,2023-07-11 20:00:00-04:00,97.56999969482422,98.31999969482422,97.13999938964844,97.33999633789062,35600,96.1610107421875,0.0
NNI,2023-07-12 20:00:00-04:00,97.80999755859375,98.0,96.79000091552734,96.95999908447266,34300,95.78561401367188,0.0
NNI,2023-07-13 20:00:00-04:00,97.22000122070312,97.91999816894531,96.11000061035156,97.87999725341797,38200,96.69446563720703,0.0
NNI,2023-07-16 20:00:00-04:00,97.66000366210938,98.8499984741211,97.37000274658203,97.80999755859375,34600,96.62532043457031,0.0
NNI,2023-07-17 20:00:00-04:00,98.01000213623047,99.36000061035156,97.55999755859375,98.88999938964844,22400,97.69224548339844,0.0
NNI,2023-07-18 20:00:00-04:00,99.31999969482422,99.79000091552734,98.87999725341797,99.25,31200,98.0478744506836,0.0
NNI,2023-07-19 20:00:00-04:00,99.41999816894531,99.41999816894531,97.88999938964844,98.83999633789062,33000,97.6428451538086,0.0
NNI,2023-07-20 20:00:00-04:00,99.0,99.0,97.62000274658203,97.76000213623047,27400,96.57593536376953,0.0
NNI,2023-07-23 20:00:00-04:00,97.5,98.48999786376953,97.5,97.91999816894531,24500,96.73399353027344,0.0
NNI,2023-07-24 20:00:00-04:00,97.93000030517578,98.43000030517578,97.51000213623047,98.4000015258789,25300,97.20817565917969,0.0
NNI,2023-07-25 20:00:00-04:00,98.1500015258789,98.54000091552734,97.55999755859375,97.87000274658203,26500,96.68460083007812,0.0
NNI,2023-07-26 20:00:00-04:00,98.55999755859375,98.55999755859375,97.37000274658203,97.7699966430664,27100,96.58580780029297,0.0
NNI,2023-07-27 20:00:00-04:00,98.4800033569336,98.4800033569336,97.55000305175781,97.7300033569336,19600,96.54629516601562,0.0
NNI,2023-07-30 20:00:00-04:00,98.11000061035156,98.8499984741211,98.11000061035156,98.68000030517578,27300,97.48477935791016,0.0
NNI,2023-07-31 20:00:00-04:00,98.58000183105469,100.16999816894531,98.45999908447266,99.68000030517578,34300,98.47267150878906,0.0
NNI,2023-08-01 20:00:00-04:00,99.55999755859375,99.55999755859375,98.69000244140625,98.7699966430664,28400,97.57369232177734,0.0
NNI,2023-08-02 20:00:00-04:00,98.73999786376953,99.26000213623047,98.2699966430664,98.87000274658203,21600,97.6724853515625,0.0
NNI,2023-08-03 20:00:00-04:00,99.20999908447266,100.58999633789062,99.20999908447266,99.41999816894531,37200,98.2158203125,0.0
NNI,2023-08-06 20:00:00-04:00,99.6500015258789,100.36000061035156,99.6500015258789,100.3499984741211,28400,99.13455963134766,0.0
NNI,2023-08-07 20:00:00-04:00,97.5,98.0199966430664,96.51000213623047,97.30000305175781,45000,96.12150573730469,0.0
NNI,2023-08-08 20:00:00-04:00,97.5,97.7699966430664,96.63999938964844,96.70999908447266,37400,95.53864288330078,0.0
NNI,2023-08-09 20:00:00-04:00,97.0,97.27999877929688,95.76000213623047,95.93000030517578,43400,94.7680892944336,0.0
NNI,2023-08-10 20:00:00-04:00,95.94000244140625,96.26000213623047,95.33000183105469,95.33999633789062,34400,94.18522644042969,0.0
NNI,2023-08-13 20:00:00-04:00,95.22000122070312,95.6500015258789,94.87000274658203,95.01000213623047,49900,93.85923767089844,0.0
NNI,2023-08-14 20:00:00-04:00,94.4000015258789,94.4000015258789,93.48999786376953,93.87000274658203,40500,92.73303985595703,0.0
NNI,2023-08-15 20:00:00-04:00,93.69999694824219,94.11000061035156,93.31999969482422,93.69000244140625,33800,92.55522918701172,0.0
NNI,2023-08-16 20:00:00-04:00,93.80000305175781,93.8499984741211,93.08000183105469,93.12000274658203,38600,91.99212646484375,0.0
NNI,2023-08-17 20:00:00-04:00,92.58000183105469,93.38999938964844,92.58000183105469,92.5999984741211,37800,91.47842407226562,0.0
NNI,2023-08-20 20:00:00-04:00,92.4800033569336,92.4800033569336,91.20999908447266,91.20999908447266,28300,90.10525512695312,0.0
NNI,2023-08-21 20:00:00-04:00,91.47000122070312,91.47000122070312,90.19000244140625,90.22000122070312,42500,89.12725830078125,0.0
NNI,2023-08-22 20:00:00-04:00,90.5,91.43000030517578,90.19999694824219,91.37000274658203,36800,90.2633285522461,0.0
NNI,2023-08-23 20:00:00-04:00,91.05999755859375,93.27999877929688,91.05999755859375,93.04000091552734,40700,91.91310119628906,0.0
NNI,2023-08-24 20:00:00-04:00,92.9800033569336,93.45999908447266,92.55000305175781,93.05000305175781,26100,91.9229736328125,0.0
NNI,2023-08-27 20:00:00-04:00,93.31999969482422,93.5999984741211,92.0199966430664,92.0199966430664,35200,90.90544891357422,0.0
NNI,2023-08-28 20:00:00-04:00,92.12000274658203,92.27999877929688,91.58999633789062,92.0,35800,90.88568878173828,0.0
NNI,2023-08-29 20:00:00-04:00,91.73999786376953,92.44000244140625,91.73999786376953,91.9800033569336,35200,90.86593627929688,0.0
NNI,2023-08-30 20:00:00-04:00,91.30000305175781,92.04000091552734,91.30000305175781,91.8499984741211,50500,90.9947280883789,0.26
NNI,2023-08-31 20:00:00-04:00,92.06999969482422,92.98999786376953,92.06999969482422,92.75,29000,91.88633728027344,0.0
NNI,2023-09-04 20:00:00-04:00,92.43000030517578,92.43000030517578,91.2300033569336,91.25,55900,90.40030670166016,0.0
NNI,2023-09-05 20:00:00-04:00,91.4000015258789,91.80999755859375,91.13999938964844,91.58999633789062,28000,90.73714447021484,0.0
NNI,2023-09-06 20:00:00-04:00,91.72000122070312,91.7699966430664,91.0,91.51000213623047,50100,90.65789031982422,0.0
NNI,2023-09-07 20:00:00-04:00,91.30000305175781,91.7699966430664,90.91999816894531,91.66000366210938,31700,90.8064956665039,0.0
NNI,2023-09-10 20:00:00-04:00,91.70999908447266,91.98999786376953,91.1500015258789,91.26000213623047,44500,90.41021728515625,0.0
NNI,2023-09-11 20:00:00-04:00,91.30000305175781,92.56999969482422,90.8499984741211,92.41000366210938,45400,91.54951477050781,0.0
NNI,2023-09-12 20:00:00-04:00,92.37000274658203,92.37000274658203,91.76000213623047,91.94000244140625,75100,91.0838851928711,0.0
NNI,2023-09-13 20:00:00-04:00,92.66999816894531,93.0199966430664,92.11000061035156,92.73999786376953,65700,91.87643432617188,0.0
NNI,2023-09-14 20:00:00-04:00,92.31999969482422,93.38999938964844,92.11000061035156,92.3499984741211,126900,91.49007415771484,0.0
NNI,2023-09-17 20:00:00-04:00,92.55000305175781,92.55000305175781,90.5999984741211,90.6500015258789,70700,89.80590057373047,0.0
NNI,2023-09-18 20:00:00-04:00,90.66000366210938,91.33000183105469,90.02999877929688,90.86000061035156,77800,90.0139389038086,0.0
NNI,2023-09-19 20:00:00-04:00,91.44999694824219,91.55999755859375,90.6500015258789,90.80000305175781,34200,89.95450592041016,0.0
NNI,2023-09-20 20:00:00-04:00,90.47000122070312,91.0,90.12000274658203,90.58000183105469,38700,89.73655700683594,0.0
NNI,2023-09-21 20:00:00-04:00,90.76000213623047,90.76000213623047,89.91999816894531,89.91999816894531,31200,89.08269500732422,0.0
NNI,2023-09-24 20:00:00-04:00,89.75,90.70999908447266,89.5,90.31999969482422,36500,89.47897338867188,0.0
NNI,2023-09-25 20:00:00-04:00,89.8499984741211,90.19999694824219,89.7300033569336,89.80000305175781,37100,88.96381378173828,0.0
NNI,2023-09-26 20:00:00-04:00,89.93000030517578,90.2699966430664,89.12000274658203,89.68000030517578,34500,88.84493255615234,0.0
NNI,2023-09-27 20:00:00-04:00,90.0199966430664,92.30999755859375,89.43000030517578,90.20999908447266,35000,89.3699951171875,0.0
NNI,2023-09-28 20:00:00-04:00,90.55000305175781,90.55000305175781,88.58999633789062,89.31999969482422,49900,88.48828125,0.0
NNI,2023-10-01 20:00:00-04:00,88.80999755859375,88.80999755859375,87.73999786376953,88.18000030517578,39300,87.35889434814453,0.0
NNI,2023-10-02 20:00:00-04:00,87.87999725341797,87.9000015258789,86.20999908447266,86.2300033569336,52200,85.42705535888672,0.0
NNI,2023-10-03 20:00:00-04:00,86.18000030517578,87.36000061035156,85.44000244140625,87.05000305175781,39300,86.23941802978516,0.0
NNI,2023-10-04 20:00:00-04:00,87.26000213623047,89.02999877929688,87.20999908447266,88.8499984741211,62100,88.02265167236328,0.0
NNI,2023-10-05 20:00:00-04:00,88.25,89.02999877929688,87.87999725341797,88.0999984741211,43000,87.27963256835938,0.0
NNI,2023-10-08 20:00:00-04:00,87.86000061035156,89.36000061035156,87.86000061035156,88.80999755859375,22900,87.9830322265625,0.0
NNI,2023-10-09 20:00:00-04:00,88.94999694824219,90.0999984741211,87.73999786376953,87.75,41600,86.93289947509766,0.0
NNI,2023-10-10 20:00:00-04:00,88.0999984741211,89.2300033569336,87.16999816894531,89.08000183105469,41900,88.2505111694336,0.0
NNI,2023-10-11 20:00:00-04:00,89.63999938964844,90.06999969482422,88.43000030517578,90.0199966430664,53800,89.1817626953125,0.0
NNI,2023-10-12 20:00:00-04:00,90.58000183105469,90.58000183105469,87.77999877929688,87.87999725341797,37300,87.06168365478516,0.0
NNI,2023-10-15 20:00:00-04:00,88.20999908447266,88.66999816894531,87.66999816894531,87.75,30000,86.93289947509766,0.0
NNI,2023-10-16 20:00:00-04:00,87.44999694824219,89.29000091552734,87.44999694824219,89.20999908447266,54100,88.37930297851562,0.0
NNI,2023-10-17 20:00:00-04:00,89.0,89.0,87.25,87.31999969482422,34100,86.50690460205078,0.0
NNI,2023-10-18 20:00:00-04:00,87.56999969482422,87.80999755859375,86.66999816894531,86.72000122070312,38700,85.91249084472656,0.0
NNI,2023-10-19 20:00:00-04:00,86.91999816894531,87.05000305175781,84.97000122070312,85.20999908447266,48800,84.41655731201172,0.0
NNI,2023-10-22 20:00:00-04:00,84.6500015258789,86.06999969482422,84.6500015258789,85.81999969482422,47200,85.0208740234375,0.0
NNI,2023-10-23 20:00:00-04:00,85.97000122070312,86.31999969482422,85.16999816894531,85.16999816894531,31600,84.37692260742188,0.0
NNI,2023-10-24 20:00:00-04:00,84.41999816894531,84.81999969482422,83.51000213623047,83.62000274658203,35900,82.84136199951172,0.0
NNI,2023-10-25 20:00:00-04:00,84.0199966430664,84.0199966430664,83.0,83.44000244140625,35700,82.66304016113281,0.0
NNI,2023-10-26 20:00:00-04:00,83.19000244140625,83.25,81.66999816894531,82.75,45700,81.9794692993164,0.0
NNI,2023-10-29 20:00:00-04:00,83.63999938964844,85.12999725341797,83.52999877929688,84.75,42000,83.9608383178711,0.0
NNI,2023-10-30 20:00:00-04:00,84.5199966430664,85.72000122070312,83.80000305175781,84.80999755859375,43700,84.02027893066406,0.0
NNI,2023-10-31 20:00:00-04:00,84.51000213623047,85.33000183105469,84.12000274658203,84.37000274658203,39900,83.5843734741211,0.0
NNI,2023-11-01 20:00:00-04:00,85.1500015258789,87.02999877929688,85.04000091552734,86.94000244140625,57100,86.13044738769531,0.0
NNI,2023-11-02 20:00:00-04:00,88.19000244140625,88.94999694824219,87.81999969482422,88.37000274658203,53900,87.54713439941406,0.0
NNI,2023-11-05 19:00:00-05:00,87.94999694824219,88.55999755859375,87.77999877929688,88.51000213623047,36600,87.68582916259766,0.0
NNI,2023-11-06 19:00:00-05:00,88.2300033569336,88.44999694824219,87.41999816894531,87.41999816894531,49200,86.60597229003906,0.0
NNI,2023-11-07 19:00:00-05:00,85.0,88.0,84.68000030517578,87.83999633789062,71800,87.02205657958984,0.0
NNI,2023-11-08 19:00:00-05:00,88.4000015258789,88.4000015258789,86.6500015258789,87.6500015258789,63200,86.8338394165039,0.0
NNI,2023-11-09 19:00:00-05:00,87.47000122070312,87.47000122070312,85.44000244140625,85.80999755859375,58400,85.0109634399414,0.0
NNI,2023-11-12 19:00:00-05:00,85.37999725341797,87.0199966430664,84.98999786376953,85.86000061035156,42600,85.06050109863281,0.0
NNI,2023-11-13 19:00:00-05:00,87.61000061035156,88.63999938964844,87.27999877929688,88.55000305175781,54500,87.72545623779297,0.0
NNI,2023-11-14 19:00:00-05:00,87.9800033569336,88.86000061035156,87.52999877929688,88.26000213623047,63800,87.43814849853516,0.0
NNI,2023-11-15 19:00:00-05:00,88.69999694824219,88.69999694824219,85.81999969482422,86.18000030517578,33600,85.37752532958984,0.0
NNI,2023-11-16 19:00:00-05:00,86.8499984741211,86.8499984741211,85.69999694824219,86.4000015258789,52300,85.59547424316406,0.0
NNI,2023-11-19 19:00:00-05:00,86.0,86.2699966430664,85.66999816894531,86.04000091552734,26100,85.23882293701172,0.0
NNI,2023-11-20 19:00:00-05:00,86.12000274658203,86.12000274658203,84.37999725341797,84.66999816894531,44900,83.88157653808594,0.0
NNI,2023-11-21 19:00:00-05:00,84.91000366210938,86.44999694824219,84.37999725341797,86.19999694824219,49900,85.39733123779297,0.0
NNI,2023-11-23 19:00:00-05:00,85.19999694824219,86.12000274658203,84.5199966430664,85.52999877929688,23600,84.73357391357422,0.0
NNI,2023-11-26 19:00:00-05:00,84.93000030517578,85.80000305175781,84.16000366210938,84.2699966430664,39800,83.48529815673828,0.0
NNI,2023-11-27 19:00:00-05:00,84.58000183105469,84.61000061035156,83.80000305175781,83.93000030517578,38100,83.14847564697266,0.0
NNI,2023-11-28 19:00:00-05:00,83.88999938964844,84.61000061035156,83.19999694824219,83.37000274658203,41800,82.59369659423828,0.0
NNI,2023-11-29 19:00:00-05:00,83.05000305175781,84.05000305175781,82.94999694824219,83.9000015258789,137500,83.39884948730469,0.28
NNI,2023-11-30 19:00:00-05:00,83.73999786376953,85.76000213623047,83.6500015258789,85.55000305175781,58900,85.03899383544922,0.0
NNI,2023-12-03 19:00:00-05:00,85.01000213623047,86.16999816894531,84.5999984741211,85.41999816894531,52600,84.9097671508789,0.0
NNI,2023-12-04 19:00:00-05:00,85.3499984741211,85.79000091552734,84.41000366210938,84.58999633789062,113900,84.08472442626953,0.0
NNI,2023-12-05 19:00:00-05:00,85.05000305175781,86.01000213623047,82.61000061035156,82.77999877929688,125300,82.28553771972656,0.0
NNI,2023-12-06 19:00:00-05:00,83.29000091552734,85.05000305175781,82.51000213623047,85.05000305175781,106300,84.54198455810547,0.0
NNI,2023-12-07 19:00:00-05:00,84.81999969482422,85.72000122070312,84.38999938964844,85.66000366210938,64700,85.14834594726562,0.0
NNI,2023-12-10 19:00:00-05:00,85.68000030517578,86.27999877929688,84.91000366210938,86.01000213623047,74300,85.49624633789062,0.0
NNI,2023-12-11 19:00:00-05:00,86.0,86.5,85.13999938964844,85.77999877929688,57900,85.26762390136719,0.0
NNI,2023-12-12 19:00:00-05:00,86.29000091552734,87.97000122070312,85.79000091552734,87.80000305175781,106600,87.27555847167969,0.0
NNI,2023-12-13 19:00:00-05:00,88.88999938964844,89.19000244140625,86.91999816894531,87.61000061035156,81000,87.08668518066406,0.0
NNI,2023-12-14 19:00:00-05:00,88.0,88.70999908447266,86.52999877929688,87.87000274658203,397300,87.34513854980469,0.0
NNI,2023-12-17 19:00:00-05:00,87.73999786376953,88.05000305175781,86.91000366210938,87.1500015258789,59800,86.62944030761719,0.0
NNI,2023-12-18 19:00:00-05:00,87.62000274658203,88.11000061035156,87.4800033569336,87.88999938964844,59700,87.3650131225586,0.0
NNI,2023-12-19 19:00:00-05:00,88.2699966430664,89.06999969482422,85.79000091552734,86.12999725341797,117900,85.61553192138672,0.0
NNI,2023-12-20 19:00:00-05:00,86.30999755859375,87.8499984741211,85.61000061035156,87.79000091552734,77500,87.26560974121094,0.0
NNI,2023-12-21 19:00:00-05:00,88.0,88.25,87.37999725341797,87.37999725341797,54300,86.85806274414062,0.0
NNI,2023-12-25 19:00:00-05:00,87.58000183105469,89.12000274658203,87.44999694824219,88.36000061035156,78800,87.83220672607422,0.0
NNI,2023-12-26 19:00:00-05:00,88.52999877929688,88.97000122070312,87.58000183105469,88.16999816894531,53300,87.64334106445312,0.0
NNI,2023-12-27 19:00:00-05:00,88.11000061035156,88.9000015258789,88.11000061035156,88.58000183105469,73500,88.05089569091797,0.0
NNI,2023-12-28 19:00:00-05:00,88.5,89.05000305175781,87.8499984741211,88.22000122070312,64100,87.69304656982422,0.0
NNI,2024-01-01 19:00:00-05:00,87.55999755859375,88.26000213623047,87.33999633789062,87.9000015258789,48600,87.37496185302734,0.0
NNI,2024-01-02 19:00:00-05:00,87.37999725341797,87.37999725341797,85.68000030517578,85.70999908447266,62600,85.19803619384766,0.0
NNI,2024-01-03 19:00:00-05:00,85.37000274658203,86.62000274658203,85.37000274658203,85.94999694824219,48900,85.43659973144531,0.0
NNI,2024-01-04 19:00:00-05:00,85.54000091552734,86.41999816894531,84.45999908447266,84.5199966430664,85900,84.01514434814453,0.0
NNI,2024-01-07 19:00:00-05:00,84.4800033569336,85.0,84.22000122070312,84.73999786376953,80000,84.23383331298828,0.0
NNI,2024-01-08 19:00:00-05:00,83.63999938964844,84.05999755859375,83.0999984741211,83.29000091552734,87200,82.79248809814453,0.0
NNI,2024-01-09 19:00:00-05:00,83.01000213623047,83.9800033569336,83.01000213623047,83.5,99400,83.0012435913086,0.0
NNI,2024-01-10 19:00:00-05:00,83.2300033569336,83.33000183105469,82.22000122070312,82.88999938964844,103300,82.39488220214844,0.0
NNI,2024-01-11 19:00:00-05:00,83.61000061035156,84.25,82.4800033569336,83.04000091552734,136800,82.54398345947266,0.0
NNI,2024-01-15 19:00:00-05:00,82.75,83.45999908447266,82.58000183105469,82.97000122070312,103800,82.47441101074219,0.0
NNI,2024-01-16 19:00:00-05:00,82.80000305175781,83.27999877929688,82.58999633789062,82.94000244140625,79200,82.44458770751953,0.0
NNI,2024-01-17 19:00:00-05:00,83.08999633789062,86.2300033569336,83.08999633789062,85.9000015258789,105700,85.38690185546875,0.0
NNI,2024-01-18 19:00:00-05:00,86.11000061035156,86.30000305175781,84.75,86.26000213623047,65900,85.7447509765625,0.0
NNI,2024-01-21 19:00:00-05:00,86.86000061035156,87.73999786376953,86.86000061035156,87.19999694824219,52500,86.67913055419922,0.0
NNI,2024-01-22 19:00:00-05:00,87.86000061035156,87.94000244140625,86.06999969482422,86.2300033569336,67100,85.71493530273438,0.0
NNI,2024-01-23 19:00:00-05:00,86.94000244140625,86.94000244140625,85.91999816894531,86.06999969482422,119200,85.5558853149414,0.0
NNI,2024-01-24 19:00:00-05:00,86.98999786376953,88.44999694824219,85.62000274658203,88.19999694824219,184800,87.67315673828125,0.0
NNI,2024-01-25 19:00:00-05:00,88.66000366210938,89.27999877929688,87.75,88.16000366210938,66400,87.63340759277344,0.0
NNI,2024-01-28 19:00:00-05:00,88.0,88.63999938964844,88.0,88.30000305175781,62000,87.77256774902344,0.0
NNI,2024-01-29 19:00:00-05:00,88.25,88.69000244140625,88.2300033569336,88.5,32000,87.97137451171875,0.0
NNI,2024-01-30 19:00:00-05:00,88.5,88.87000274658203,86.91000366210938,87.12999725341797,95800,86.60955810546875,0.0
NNI,2024-01-31 19:00:00-05:00,87.30000305175781,88.55999755859375,87.20999908447266,88.5,71500,87.97137451171875,0.0
NNI,2024-02-01 19:00:00-05:00,88.2699966430664,88.51000213623047,87.66999816894531,88.12000274658203,50300,87.59364318847656,0.0
NNI,2024-02-04 19:00:00-05:00,88.0,88.75,87.37000274658203,88.62000274658203,90800,88.09066009521484,0.0
NNI,2024-02-05 19:00:00-05:00,88.41000366210938,89.16000366210938,88.20999908447266,88.45999908447266,59400,87.93161010742188,0.0
NNI,2024-02-06 19:00:00-05:00,88.95999908447266,88.95999908447266,87.66000366210938,87.98999786376953,72000,87.46441650390625,0.0
NNI,2024-02-07 19:00:00-05:00,87.61000061035156,88.4800033569336,87.61000061035156,88.30999755859375,80000,87.78250885009766,0.0
NNI,2024-02-08 19:00:00-05:00,88.6500015258789,89.27999877929688,87.98999786376953,89.16000366210938,78100,88.62743377685547,0.0
NNI,2024-02-11 19:00:00-05:00,89.48999786376953,91.25,89.38999938964844,90.72000122070312,107600,90.17811584472656,0.0
NNI,2024-02-12 19:00:00-05:00,89.16000366210938,89.87999725341797,88.5,89.80000305175781,97500,89.26361083984375,0.0
NNI,2024-02-13 19:00:00-05:00,90.23999786376953,90.95999908447266,89.9000015258789,90.87999725341797,87900,90.337158203125,0.0
NNI,2024-02-14 19:00:00-05:00,91.05000305175781,91.87999725341797,90.7300033569336,91.86000061035156,75500,91.3113021850586,0.0
NNI,2024-02-15 19:00:00-05:00,92.0,92.0,89.83000183105469,89.87999725341797,78800,89.34313201904297,0.0
NNI,2024-02-19 19:00:00-05:00,89.0199966430664,90.5199966430664,88.9800033569336,88.9800033569336,67900,88.4485092163086,0.0
NNI,2024-02-20 19:00:00-05:00,88.83000183105469,89.22000122070312,88.66000366210938,89.06999969482422,57400,88.53797149658203,0.0
NNI,2024-02-21 19:00:00-05:00,88.73999786376953,89.7300033569336,88.44999694824219,89.69000244140625,68500,89.15426635742188,0.0
NNI,2024-02-22 19:00:00-05:00,89.9800033569336,90.48999786376953,89.37999725341797,89.44999694824219,48200,88.91569519042969,0.0
NNI,2024-02-25 19:00:00-05:00,89.08999633789062,89.69999694824219,88.22000122070312,88.23999786376953,69900,87.71292114257812,0.0
NNI,2024-02-26 19:00:00-05:00,88.25,88.9800033569336,87.47000122070312,88.7300033569336,81300,88.19999694824219,0.0
NNI,2024-02-27 19:00:00-05:00,86.27999877929688,88.12999725341797,83.75,84.95999908447266,249200,84.4525146484375,0.0
NNI,2024-02-28 19:00:00-05:00,85.25,86.66999816894531,84.83000183105469,85.87000274658203,103900,85.63932037353516,0.28
NNI,2024-02-29 19:00:00-05:00,85.66000366210938,86.33999633789062,85.5,85.5,82800,85.27031707763672,0.0
NNI,2024-03-03 19:00:00-05:00,85.5,87.18000030517578,85.5,86.77999877929688,114500,86.546875,0.0
NNI,2024-03-04 19:00:00-05:00,86.27999877929688,88.41999816894531,86.27999877929688,87.0,130900,86.76628112792969,0.0
NNI,2024-03-05 19:00:00-05:00,87.62999725341797,87.83999633789062,86.63999938964844,86.68000030517578,97500,86.4471435546875,0.0
NNI,2024-03-06 19:00:00-05:00,87.1500015258789,88.62000274658203,87.12999725341797,87.77999877929688,91600,87.544189453125,0.0
NNI,2024-03-07 19:00:00-05:00,88.23999786376953,89.58999633789062,87.83999633789062,88.62999725341797,94000,88.39190673828125,0.0
NNI,2024-03-10 20:00:00-04:00,88.06999969482422,88.75,88.06999969482422,88.36000061035156,98100,88.12263488769531,0.0
NNI,2024-03-11 20:00:00-04:00,88.1500015258789,89.0199966430664,87.80000305175781,88.31999969482422,90900,88.0827407836914,0.0
NNI,2024-03-12 20:00:00-04:00,87.87999725341797,89.30000305175781,87.87999725341797,88.7699966430664,97900,88.53152465820312,0.0
NNI,2024-03-13 20:00:00-04:00,88.5199966430664,88.5199966430664,87.25,87.61000061035156,106100,87.37464904785156,0.0
NNI,2024-03-14 20:00:00-04:00,87.0999984741211,88.77999877929688,87.0999984741211,87.9000015258789,156600,87.66387176513672,0.0
NNI,2024-03-17 20:00:00-04:00,87.44000244140625,88.5199966430664,87.0199966430664,87.37000274658203,120700,87.13529205322266,0.0
NNI,2024-03-18 20:00:00-04:00,87.4800033569336,89.2300033569336,87.4800033569336,88.93000030517578,114900,88.69110107421875,0.0
NNI,2024-03-19 20:00:00-04:00,88.52999877929688,90.7300033569336,88.52999877929688,90.5999984741211,107700,90.35661315917969,0.0
NNI,2024-03-20 20:00:00-04:00,90.66999816894531,91.79000091552734,90.08000183105469,90.51000213623047,95900,90.26686096191406,0.0
NNI,2024-03-21 20:00:00-04:00,90.80000305175781,91.87000274658203,90.68000030517578,91.05999755859375,90900,90.81537628173828,0.0
NNI,2024-03-24 20:00:00-04:00,91.05999755859375,92.61000061035156,91.05999755859375,92.23999786376953,95100,91.99220275878906,0.0
NNI,2024-03-25 20:00:00-04:00,92.7699966430664,92.7699966430664,91.66999816894531,92.58000183105469,96800,92.331298828125,0.0
NNI,2024-03-26 20:00:00-04:00,92.98999786376953,93.7699966430664,92.8499984741211,93.33000183105469,89700,93.07928466796875,0.0
NNI,2024-03-27 20:00:00-04:00,93.30000305175781,94.70999908447266,93.30000305175781,94.6500015258789,180100,94.39573669433594,0.0
NNI,2024-03-31 20:00:00-04:00,94.9800033569336,94.9800033569336,93.02999877929688,93.56999969482422,103500,93.31863403320312,0.0
NNI,2024-04-01 20:00:00-04:00,93.12000274658203,93.94999694824219,92.55999755859375,93.5199966430664,81600,93.26876831054688,0.0
NNI,2024-04-02 20:00:00-04:00,93.44000244140625,94.93000030517578,93.44000244140625,94.61000061035156,81100,94.35584259033203,0.0
NNI,2024-04-03 20:00:00-04:00,95.08999633789062,95.29000091552734,93.5999984741211,93.66000366210938,102800,93.40839385986328,0.0
NNI,2024-04-04 20:00:00-04:00,93.5999984741211,94.30000305175781,92.81999969482422,93.6500015258789,113700,93.39842224121094,0.0
NNI,2024-04-07 20:00:00-04:00,93.91000366210938,95.12000274658203,93.91000366210938,94.33999633789062,72900,94.08656311035156,0.0
NNI,2024-04-08 20:00:00-04:00,94.69999694824219,95.27999877929688,94.55000305175781,95.27999877929688,67600,95.02404022216797,0.0
NNI,2024-04-09 20:00:00-04:00,94.05000305175781,94.11000061035156,92.23999786376953,93.2300033569336,93900,92.97955322265625,0.0
NNI,2024-04-10 20:00:00-04:00,93.22000122070312,94.55999755859375,92.33999633789062,94.37000274658203,85300,94.11648559570312,0.0
NNI,2024-04-11 20:00:00-04:00,93.75,95.0,93.66999816894531,94.55000305175781,95300,94.29600524902344,0.0
NNI,2024-04-14 20:00:00-04:00,94.76000213623047,95.26000213623047,93.61000061035156,93.8499984741211,75200,93.59788513183594,0.0
NNI,2024-04-15 20:00:00-04:00,93.31999969482422,94.08000183105469,92.79000091552734,93.16999816894531,68600,92.91970825195312,0.0
NNI,2024-04-16 20:00:00-04:00,93.58999633789062,94.55999755859375,93.58999633789062,94.0,81700,93.74748229980469,0.0
NNI,2024-04-17 20:00:00-04:00,94.19999694824219,95.18000030517578,94.19999694824219,94.41000366210938,96800,94.15637969970703,0.0
NNI,2024-04-18 20:00:00-04:00,94.37000274658203,95.4000015258789,94.37000274658203,95.31999969482422,91400,95.06393432617188,0.0
NNI,2024-04-21 20:00:00-04:00,95.72000122070312,95.72000122070312,94.5199966430664,94.5199966430664,101200,94.26608276367188,0.0
NNI,2024-04-22 20:00:00-04:00,94.37000274658203,95.30000305175781,94.37000274658203,94.87999725341797,66400,94.62511444091797,0.0
NNI,2024-04-23 20:00:00-04:00,94.19999694824219,95.33999633789062,94.19999694824219,94.94000244140625,70900,94.6849594116211,0.0
NNI,2024-04-24 20:00:00-04:00,94.69000244140625,94.69000244140625,93.58999633789062,94.1500015258789,108500,93.89707946777344,0.0
NNI,2024-04-25 20:00:00-04:00,94.19999694824219,95.11000061035156,94.16999816894531,94.81999969482422,73600,94.56527709960938,0.0
NNI,2024-04-28 20:00:00-04:00,95.18000030517578,95.2699966430664,94.37000274658203,94.37999725341797,67200,94.12645721435547,0.0
NNI,2024-04-29 20:00:00-04:00,94.08999633789062,94.91999816894531,93.69000244140625,94.18000030517578,76900,93.92699432373047,0.0
NNI,2024-04-30 20:00:00-04:00,94.62000274658203,95.26000213623047,94.5199966430664,94.62000274658203,69100,94.36581420898438,0.0
NNI,2024-05-01 20:00:00-04:00,95.0,95.95999908447266,95.0,95.9000015258789,67600,95.64237976074219,0.0
NNI,2024-05-02 20:00:00-04:00,96.55999755859375,96.80000305175781,95.94999694824219,96.56999969482422,58800,96.31057739257812,0.0
NNI,2024-05-05 20:00:00-04:00,97.0199966430664,97.72000122070312,97.0199966430664,97.54000091552734,55300,97.27796936035156,0.0
NNI,2024-05-06 20:00:00-04:00,97.51000213623047,97.88999938964844,96.31999969482422,96.31999969482422,71000,96.06124877929688,0.0
NNI,2024-05-07 20:00:00-04:00,95.69999694824219,96.81999969482422,95.5999984741211,96.73999786376953,67600,96.48011779785156,0.0
NNI,2024-05-08 20:00:00-04:00,96.83999633789062,98.83000183105469,96.12999725341797,98.55000305175781,87600,98.28526306152344,0.0
NNI,2024-05-09 20:00:00-04:00,103.0,109.76000213623047,100.97000122070312,109.19000244140625,183800,108.89667510986328,0.0
NNI,2024-05-12 20:00:00-04:00,109.16000366210938,109.16000366210938,102.30000305175781,103.26000213623047,121900,102.98260498046875,0.0
NNI,2024-05-13 20:00:00-04:00,104.9000015258789,110.27999877929688,104.8499984741211,110.18000030517578,154500,109.88401794433594,0.0
NNI,2024-05-14 20:00:00-04:00,110.01000213623047,110.69999694824219,109.27999877929688,110.66000366210938,113800,110.36273193359375,0.0
NNI,2024-05-15 20:00:00-04:00,110.54000091552734,110.68000030517578,108.80999755859375,109.54000091552734,47700,109.24573516845703,0.0
NNI,2024-05-16 20:00:00-04:00,110.08000183105469,110.41000366210938,109.75,110.2300033569336,55400,109.93388366699219,0.0
NNI,2024-05-19 20:00:00-04:00,110.05000305175781,110.37000274658203,107.37000274658203,107.9800033569336,91900,107.68992614746094,0.0
NNI,2024-05-20 20:00:00-04:00,107.62000274658203,108.23999786376953,107.48999786376953,108.02999877929688,64600,107.73979187011719,0.0
NNI,2024-05-21 20:00:00-04:00,107.94000244140625,108.31999969482422,106.36000061035156,107.91000366210938,65000,107.6201171875,0.0
NNI,2024-05-22 20:00:00-04:00,107.61000061035156,107.61000061035156,105.79000091552734,106.13999938964844,64600,105.85486602783203,0.0
NNI,2024-05-23 20:00:00-04:00,106.66999816894531,107.13999938964844,105.37000274658203,105.68000030517578,43200,105.39610290527344,0.0
NNI,2024-05-27 20:00:00-04:00,105.75,106.04000091552734,104.83999633789062,105.23999786376953,76400,104.95728302001953,0.0
NNI,2024-05-28 20:00:00-04:00,104.1500015258789,104.87999725341797,103.58000183105469,103.75,66300,103.4712905883789,0.0
NNI,2024-05-29 20:00:00-04:00,104.16999816894531,105.02999877929688,103.33999633789062,104.2300033569336,52300,103.95000457763672,0.0
NNI,2024-05-30 20:00:00-04:00,104.0,104.19999694824219,102.91999816894531,103.66000366210938,109500,103.66000366210938,0.28
NNI,2024-06-02 20:00:00-04:00,104.69999694824219,104.69999694824219,101.19999694824219,103.0,91500,103.0,0.0
NNI,2024-06-03 20:00:00-04:00,103.0,103.26000213623047,101.29000091552734,101.63999938964844,86500,101.63999938964844,0.0
NNI,2024-06-04 20:00:00-04:00,102.26000213623047,102.62000274658203,100.66000366210938,102.2699966430664,57400,102.2699966430664,0.0
NNI,2024-06-05 20:00:00-04:00,101.7300033569336,102.05999755859375,101.04000091552734,101.87000274658203,58100,101.87000274658203,0.0
NNI,2024-06-06 20:00:00-04:00,101.02999877929688,101.31999969482422,100.04000091552734,100.69000244140625,64100,100.69000244140625,0.0
NNI,2024-06-09 20:00:00-04:00,99.88999938964844,100.30999755859375,99.45999908447266,100.08999633789062,62000,100.08999633789062,0.0
NNI,2024-06-10 20:00:00-04:00,99.38999938964844,99.95999908447266,98.98999786376953,99.26000213623047,64900,99.26000213623047,0.0
NNI,2024-06-11 20:00:00-04:00,101.19000244140625,101.19000244140625,99.83000183105469,100.20999908447266,60200,100.20999908447266,0.0
NNI,2024-06-12 20:00:00-04:00,99.63999938964844,99.86000061035156,98.4800033569336,99.3499984741211,71300,99.3499984741211,0.0
NNI,2024-06-13 20:00:00-04:00,97.87000274658203,98.73999786376953,97.3499984741211,97.80999755859375,105800,97.80999755859375,0.0
NNI,2024-06-16 20:00:00-04:00,97.6500015258789,99.7699966430664,97.12999725341797,99.62999725341797,114900,99.62999725341797,0.0
NNI,2024-06-17 20:00:00-04:00,99.83999633789062,101.3499984741211,98.9000015258789,101.2300033569336,203500,101.2300033569336,0.0
NNI,2024-06-19 20:00:00-04:00,100.97000122070312,101.31999969482422,99.80000305175781,100.1500015258789,138100,100.1500015258789,0.0
NNI,2024-06-20 20:00:00-04:00,100.30999755859375,100.68000030517578,99.9800033569336,100.13999938964844,208000,100.13999938964844,0.0
NNI,2024-06-23 20:00:00-04:00,100.54000091552734,100.6500015258789,99.5199966430664,99.95999908447266,135100,99.95999908447266,0.0
NNI,2024-06-24 20:00:00-04:00,99.75,100.2699966430664,98.95999908447266,99.91000366210938,167200,99.91000366210938,0.0
NNI,2024-06-25 20:00:00-04:00,99.29000091552734,101.68000030517578,99.29000091552734,101.47000122070312,66600,101.47000122070312,0.0
NNI,2024-06-26 20:00:00-04:00,101.94999694824219,102.08000183105469,100.27999877929688,100.54000091552734,46600,100.54000091552734,0.0
NNI,2024-06-27 20:00:00-04:00,101.37999725341797,101.55000305175781,100.01000213623047,100.86000061035156,342200,100.86000061035156,0.0
NNI,2024-06-30 20:00:00-04:00,101.31999969482422,101.4000015258789,100.54000091552734,100.80999755859375,50100,100.80999755859375,0.0
NNI,2024-07-01 20:00:00-04:00,100.80999755859375,103.01000213623047,100.3499984741211,102.79000091552734,75900,102.79000091552734,0.0
NNI,2024-07-02 20:00:00-04:00,103.08000183105469,103.08000183105469,101.55000305175781,101.8499984741211,19500,101.8499984741211,0.0
NNI,2024-07-04 20:00:00-04:00,101.33000183105469,102.19999694824219,101.33000183105469,101.83999633789062,42000,101.83999633789062,0.0
NNI,2024-07-07 20:00:00-04:00,102.69000244140625,103.30000305175781,101.52999877929688,101.83000183105469,44300,101.83000183105469,0.0
NNI,2024-07-08 20:00:00-04:00,101.56999969482422,102.02999877929688,100.47000122070312,101.61000061035156,47200,101.61000061035156,0.0
NNI,2024-07-09 20:00:00-04:00,102.0199966430664,102.52999877929688,101.44999694824219,102.33000183105469,28000,102.33000183105469,0.0
NNI,2024-07-10 20:00:00-04:00,103.91000366210938,105.3499984741211,103.5,104.70999908447266,65800,104.70999908447266,0.0
NNI,2024-07-11 20:00:00-04:00,105.47000122070312,106.61000061035156,105.47000122070312,106.12999725341797,89400,106.12999725341797,0.0
NNI,2024-07-14 20:00:00-04:00,107.0,109.30999755859375,106.55000305175781,108.02999877929688,93000,108.02999877929688,0.0
NNI,2024-07-15 20:00:00-04:00,108.43000030517578,110.75,108.43000030517578,110.4800033569336,83900,110.4800033569336,0.0
NNI,2024-07-16 20:00:00-04:00,109.55999755859375,111.80999755859375,109.36000061035156,111.33000183105469,94000,111.33000183105469,0.0
NNI,2024-07-17 20:00:00-04:00,110.68000030517578,112.56999969482422,109.38999938964844,109.66000366210938,58000,109.66000366210938,0.0
NNI,2024-07-18 20:00:00-04:00,109.69000244140625,109.86000061035156,108.75,109.62000274658203,63200,109.62000274658203,0.0
NNI,2024-07-21 20:00:00-04:00,109.62000274658203,110.87000274658203,109.16000366210938,110.80000305175781,45500,110.80000305175781,0.0
NNI,2024-07-23 13:51:29-04:00,110.5999984741211,112.37999725341797,110.2874984741211,111.45999908447266,19068,111.45999908447266,0.0
